Order_ID,Order_Date,Customer_ID,Customer_Name,Category,Sub_Category,Product,Region,City,Quantity,Sales,Discount,Profit,Payment_Mode
ORD-12771,2025-01-01,CUST-1744,Customer 1744,Office Supplies,Organizers,Desk Organizer,West,Mumbai,5,72743.0,0.15,12899.15,Net Banking
ORD-11411,2025-01-01,CUST-1349,Customer 1349,Appliances,Kitchen,Electric Kettle,West,Mumbai,4,47689.2,0.1,14463.19,Debit Card
ORD-12808,2025-01-01,CUST-1604,Customer 1604,Office Supplies,Binders,File Binder,West,Mumbai,5,93540.0,0.2,37272.04,Cash
ORD-14603,2025-01-01,CUST-1524,Customer 1524,Technology,Tablets,Tablet 10,East,Guwahati,5,70181.25,0.05,24030.66,Debit Card
ORD-10030,2025-01-01,CUST-1504,Customer 1504,Appliances,Kitchen,Electric Kettle,North,Jaipur,5,45780.0,0.0,17664.69,UPI
ORD-13042,2025-01-01,CUST-1602,Customer 1602,Appliances,Home Care,Air Purifier,South,Kochi,3,26535.3,0.15,2658.09,Debit Card
ORD-13316,2025-01-01,CUST-1710,Customer 1710,Office Supplies,Paper,A4 Paper,North,Chandigarh,3,6876.9,0.1,798.69,UPI
ORD-10129,2025-01-01,CUST-1690,Customer 1690,Appliances,Kitchen,Electric Kettle,North,Jaipur,7,89825.4,0.1,33405.74,Credit Card
ORD-14645,2025-01-01,CUST-1508,Customer 1508,Appliances,Home Care,Vacuum Cleaner,North,Chandigarh,5,30504.5,0.05,9101.33,Net Banking
ORD-11317,2025-01-01,CUST-1538,Customer 1538,Furniture,Tables,Office Desk,South,Hyderabad,3,59451.0,0.0,22181.25,Credit Card
ORD-10270,2025-01-01,CUST-1658,Customer 1658,Office Supplies,Pens,Gel Pen,East,Patna,3,58130.4,0.2,12842.16,Debit Card
ORD-13096,2025-01-01,CUST-1051,Customer 1051,Appliances,Fans,Table Fan,North,Lucknow,7,143381.7,0.1,50433.12,Cash
ORD-11121,2025-01-01,CUST-1429,Customer 1429,Furniture,Storage,Storage Box,West,Pune,3,5275.2,0.2,1298.44,Cash
ORD-11181,2025-01-01,CUST-1282,Customer 1282,Furniture,Office Furniture,Reception Desk,East,Guwahati,1,2748.0,0.2,1016.24,Debit Card
ORD-11103,2025-01-01,CUST-1685,Customer 1685,Appliances,Kitchen,Electric Kettle,South,Bengaluru,5,50332.5,0.1,13184.05,Debit Card
ORD-11888,2025-01-02,CUST-1548,Customer 1548,Appliances,Kitchen,Mixer Grinder,East,Patna,3,6954.0,0.0,1355.92,UPI
ORD-11760,2025-01-02,CUST-1467,Customer 1467,Office Supplies,Organizers,Desk Organizer,North,Delhi,4,85154.2,0.05,35446.55,Debit Card
ORD-10079,2025-01-02,CUST-1720,Customer 1720,Office Supplies,Paper,Premium Paper,East,Bhubaneswar,7,102117.4,0.05,19976.9,Credit Card
ORD-14449,2025-01-02,CUST-1792,Customer 1792,Appliances,Kitchen,Mixer Grinder,West,Pune,6,96731.7,0.15,10844.72,Debit Card
ORD-12550,2025-01-02,CUST-1710,Customer 1710,Office Supplies,Pens,Marker,West,Mumbai,4,27640.8,0.1,8748.94,UPI
ORD-14943,2025-01-02,CUST-1710,Customer 1710,Appliances,Fans,Table Fan,East,Guwahati,2,28571.2,0.2,12314.35,Credit Card
ORD-13555,2025-01-02,CUST-1800,Customer 1800,Appliances,Fans,Table Fan,South,Hyderabad,7,7547.75,0.05,1495.37,Credit Card
ORD-12205,2025-01-02,CUST-1735,Customer 1735,Technology,Tablets,Tablet Pro,West,Ahmedabad,6,124129.8,0.1,21359.17,UPI
ORD-10867,2025-01-02,CUST-1254,Customer 1254,Technology,Laptops,Business Laptop,South,Chennai,4,67251.6,0.1,17241.1,Net Banking
ORD-10280,2025-01-02,CUST-1092,Customer 1092,Furniture,Chairs,Visitor Chair,South,Hyderabad,4,35712.0,0.0,3724.57,UPI
ORD-12488,2025-01-02,CUST-1654,Customer 1654,Furniture,Chairs,Ergonomic Chair,West,Pune,5,24165.0,0.1,4533.27,Net Banking
ORD-12751,2025-01-02,CUST-1787,Customer 1787,Appliances,Kitchen,Electric Kettle,East,Patna,3,46104.0,0.15,10768.12,UPI
ORD-13996,2025-01-02,CUST-1385,Customer 1385,Appliances,Fans,Ceiling Fan,South,Kochi,7,114016.0,0.2,19708.84,UPI
ORD-12492,2025-01-03,CUST-1005,Customer 1005,Technology,Accessories,Wireless Mouse,East,Kolkata,2,9930.0,0.0,2743.05,UPI
ORD-11292,2025-01-03,CUST-1715,Customer 1715,Technology,Accessories,Headphones,North,Chandigarh,5,34236.0,0.2,12323.17,UPI
ORD-10478,2025-01-03,CUST-1597,Customer 1597,Appliances,Fans,Ceiling Fan,South,Hyderabad,4,67020.8,0.2,21077.69,Cash
ORD-14362,2025-01-03,CUST-1235,Customer 1235,Office Supplies,Pens,Marker,South,Hyderabad,4,15910.6,0.05,7069.19,Net Banking
ORD-13468,2025-01-03,CUST-1082,Customer 1082,Furniture,Chairs,Ergonomic Chair,North,Jaipur,5,96339.0,0.15,37654.75,Net Banking
ORD-14175,2025-01-03,CUST-1007,Customer 1007,Appliances,Kitchen,Mixer Grinder,South,Kochi,6,142317.6,0.05,24056.25,UPI
ORD-10339,2025-01-03,CUST-1191,Customer 1191,Appliances,Fans,Ceiling Fan,South,Bengaluru,6,1800.0,0.2,249.54,Debit Card
ORD-10118,2025-01-03,CUST-1253,Customer 1253,Furniture,Chairs,Ergonomic Chair,West,Surat,3,53848.8,0.1,17174.93,Net Banking
ORD-10207,2025-01-03,CUST-1179,Customer 1179,Appliances,Small Appliances,Blender,West,Mumbai,2,33533.1,0.05,14017.62,Debit Card
ORD-13872,2025-01-03,CUST-1662,Customer 1662,Office Supplies,Pens,Marker,West,Mumbai,3,56580.0,0.0,14091.0,Debit Card
ORD-10312,2025-01-03,CUST-1193,Customer 1193,Office Supplies,Paper,Premium Paper,North,Lucknow,1,17232.05,0.05,3727.56,Cash
ORD-14330,2025-01-03,CUST-1023,Customer 1023,Furniture,Storage,Bookshelf,East,Bhubaneswar,1,8811.95,0.15,1878.08,Cash
ORD-12708,2025-01-03,CUST-1203,Customer 1203,Furniture,Storage,Storage Box,South,Kochi,1,11742.95,0.05,4582.25,Debit Card
ORD-13707,2025-01-03,CUST-1149,Customer 1149,Technology,Tablets,Tablet 10,West,Mumbai,7,121172.8,0.2,40851.28,Net Banking
ORD-10302,2025-01-03,CUST-1027,Customer 1027,Technology,Tablets,Tablet Pro,North,Lucknow,1,2606.4,0.2,857.28,Cash
ORD-14204,2025-01-04,CUST-1245,Customer 1245,Furniture,Office Furniture,Reception Desk,West,Surat,3,11944.2,0.15,4972.73,UPI
ORD-12257,2025-01-04,CUST-1016,Customer 1016,Office Supplies,Binders,Ring Binder,East,Guwahati,3,41534.1,0.1,7479.73,UPI
ORD-14595,2025-01-04,CUST-1786,Customer 1786,Office Supplies,Binders,Ring Binder,South,Hyderabad,4,48204.0,0.25,17770.57,Cash
ORD-13789,2025-01-04,CUST-1680,Customer 1680,Furniture,Storage,Filing Cabinet,North,Lucknow,1,4034.4,0.2,1272.56,UPI
ORD-11211,2025-01-04,CUST-1199,Customer 1199,Technology,Accessories,Headphones,East,Bhubaneswar,4,38260.0,0.0,12572.17,Cash
ORD-13849,2025-01-04,CUST-1409,Customer 1409,Technology,Tablets,Tablet Pro,North,Lucknow,3,4855.2,0.15,963.71,Net Banking
ORD-12379,2025-01-04,CUST-1162,Customer 1162,Technology,Accessories,Headphones,West,Mumbai,7,158190.2,0.05,25404.15,Net Banking
ORD-13748,2025-01-04,CUST-1185,Customer 1185,Appliances,Home Care,Vacuum Cleaner,North,Lucknow,6,95130.3,0.15,16830.29,UPI
ORD-10255,2025-01-04,CUST-1318,Customer 1318,Technology,Phones,Smartphone C,North,Chandigarh,3,65421.0,0.0,18716.62,UPI
ORD-10672,2025-01-04,CUST-1264,Customer 1264,Furniture,Tables,Study Table,East,Guwahati,2,19004.8,0.2,7906.49,Net Banking
ORD-13400,2025-01-04,CUST-1082,Customer 1082,Appliances,Kitchen,Electric Kettle,South,Hyderabad,2,13729.2,0.15,2867.76,Net Banking
ORD-11410,2025-01-04,CUST-1628,Customer 1628,Furniture,Storage,Filing Cabinet,North,Chandigarh,6,114828.0,0.0,25409.67,Debit Card
ORD-14329,2025-01-04,CUST-1511,Customer 1511,Office Supplies,Organizers,Document Tray,South,Hyderabad,7,111462.4,0.2,33454.03,Credit Card
ORD-11750,2025-01-04,CUST-1232,Customer 1232,Office Supplies,Pens,Gel Pen,East,Bhubaneswar,5,97366.5,0.1,21587.78,UPI
ORD-12591,2025-01-04,CUST-1588,Customer 1588,Furniture,Tables,Meeting Table,South,Hyderabad,3,28198.8,0.1,9487.04,Debit Card
ORD-11616,2025-01-05,CUST-1375,Customer 1375,Office Supplies,Pens,Gel Pen,North,Jaipur,1,2274.0,0.25,540.12,Credit Card
ORD-11648,2025-01-05,CUST-1595,Customer 1595,Appliances,Home Care,Air Purifier,East,Patna,6,44034.0,0.0,11453.25,Credit Card
ORD-13720,2025-01-05,CUST-1545,Customer 1545,Furniture,Tables,Study Table,East,Guwahati,5,100503.0,0.1,38646.84,Cash
ORD-14511,2025-01-05,CUST-1558,Customer 1558,Technology,Laptops,Business Laptop,East,Bhubaneswar,1,7393.5,0.1,1800.91,Net Banking
ORD-13773,2025-01-05,CUST-1543,Customer 1543,Appliances,Kitchen,Mixer Grinder,South,Kochi,4,82280.0,0.15,22871.43,Debit Card
ORD-10365,2025-01-05,CUST-1192,Customer 1192,Office Supplies,Binders,File Binder,South,Chennai,4,64616.0,0.0,27584.43,Credit Card
ORD-13727,2025-01-05,CUST-1051,Customer 1051,Furniture,Office Furniture,Reception Desk,East,Kolkata,5,48680.0,0.2,15959.95,UPI
ORD-10732,2025-01-05,CUST-1156,Customer 1156,Technology,Accessories,Wireless Mouse,East,Kolkata,7,55440.0,0.2,14417.02,Cash
ORD-13198,2025-01-05,CUST-1451,Customer 1451,Technology,Tablets,Tablet 10,East,Kolkata,5,62308.0,0.2,26430.3,Cash
ORD-12453,2025-01-05,CUST-1130,Customer 1130,Furniture,Office Furniture,Reception Desk,North,Jaipur,7,163563.4,0.05,33481.58,Debit Card
ORD-11602,2025-01-05,CUST-1504,Customer 1504,Office Supplies,Organizers,Document Tray,North,Jaipur,3,58396.8,0.2,24423.12,UPI
ORD-11629,2025-01-05,CUST-1241,Customer 1241,Office Supplies,Pens,Ball Pen,East,Guwahati,3,66114.0,0.0,18785.7,Debit Card
ORD-10882,2025-01-05,CUST-1693,Customer 1693,Furniture,Chairs,Office Chair,East,Kolkata,5,90087.25,0.15,33681.59,Credit Card
ORD-11431,2025-01-06,CUST-1602,Customer 1602,Technology,Laptops,Laptop Pro,South,Chennai,6,56827.2,0.2,7121.97,UPI
ORD-13887,2025-01-06,CUST-1355,Customer 1355,Furniture,Chairs,Visitor Chair,West,Surat,1,983.45,0.15,101.75,UPI
ORD-10330,2025-01-06,CUST-1634,Customer 1634,Appliances,Kitchen,Mixer Grinder,South,Hyderabad,1,4319.0,0.0,966.74,Cash
ORD-12112,2025-01-06,CUST-1360,Customer 1360,Technology,Tablets,Tablet 10,North,Chandigarh,1,19849.5,0.1,6162.66,Cash
ORD-10863,2025-01-06,CUST-1799,Customer 1799,Furniture,Chairs,Visitor Chair,West,Ahmedabad,7,60335.45,0.05,21211.49,Credit Card
ORD-12324,2025-01-06,CUST-1238,Customer 1238,Appliances,Kitchen,Mixer Grinder,South,Hyderabad,2,27739.8,0.1,11334.35,Net Banking
ORD-13775,2025-01-06,CUST-1272,Customer 1272,Technology,Accessories,USB Cable,North,Lucknow,3,34915.2,0.2,10683.36,Net Banking
ORD-14426,2025-01-06,CUST-1398,Customer 1398,Technology,Laptops,Business Laptop,East,Patna,1,6432.0,0.2,702.26,Net Banking
ORD-11404,2025-01-06,CUST-1800,Customer 1800,Furniture,Storage,Storage Box,South,Bengaluru,2,7163.0,0.05,2733.08,Credit Card
ORD-10155,2025-01-06,CUST-1563,Customer 1563,Technology,Accessories,Keyboard,South,Bengaluru,1,12391.3,0.15,1619.25,Net Banking
ORD-11207,2025-01-06,CUST-1082,Customer 1082,Technology,Tablets,Tablet Pro,East,Kolkata,1,11637.35,0.15,4451.39,UPI
ORD-10011,2025-01-06,CUST-1249,Customer 1249,Office Supplies,Paper,Premium Paper,West,Mumbai,5,38498.75,0.05,12232.86,Net Banking
ORD-11878,2025-01-06,CUST-1759,Customer 1759,Furniture,Storage,Bookshelf,East,Bhubaneswar,7,6390.65,0.05,2328.88,Debit Card
ORD-12858,2025-01-06,CUST-1519,Customer 1519,Technology,Phones,Smartphone C,South,Bengaluru,2,35052.3,0.15,6759.54,Credit Card
ORD-10132,2025-01-06,CUST-1024,Customer 1024,Technology,Laptops,Laptop Pro,West,Pune,6,41898.6,0.1,4926.21,Net Banking
ORD-14777,2025-01-06,CUST-1496,Customer 1496,Appliances,Home Care,Vacuum Cleaner,North,Chandigarh,1,22668.9,0.05,3922.42,Credit Card
ORD-14709,2025-01-06,CUST-1361,Customer 1361,Appliances,Small Appliances,Blender,South,Chennai,5,99679.5,0.1,42317.63,Cash
ORD-14105,2025-01-06,CUST-1395,Customer 1395,Technology,Laptops,Laptop Air,West,Ahmedabad,2,18382.0,0.0,6930.03,Net Banking
ORD-14870,2025-01-06,CUST-1238,Customer 1238,Furniture,Storage,Bookshelf,North,Delhi,7,127870.4,0.2,28390.37,Cash
ORD-12271,2025-01-06,CUST-1243,Customer 1243,Technology,Phones,Smartphone A,North,Lucknow,6,34884.0,0.05,12962.25,Debit Card
ORD-12243,2025-01-07,CUST-1654,Customer 1654,Technology,Accessories,Wireless Mouse,North,Jaipur,1,2548.3,0.15,1094.2,Debit Card
ORD-13811,2025-01-07,CUST-1135,Customer 1135,Furniture,Storage,Storage Box,North,Delhi,7,40026.0,0.0,9022.84,Debit Card
ORD-10019,2025-01-07,CUST-1637,Customer 1637,Appliances,Fans,Ceiling Fan,South,Kochi,1,5346.0,0.1,1599.17,Cash
ORD-11895,2025-01-07,CUST-1354,Customer 1354,Technology,Tablets,Tablet 10,West,Ahmedabad,1,2682.6,0.15,525.03,Credit Card
ORD-10648,2025-01-07,CUST-1077,Customer 1077,Technology,Phones,Smartphone A,South,Hyderabad,7,10665.9,0.1,3668.93,Cash
ORD-11570,2025-01-07,CUST-1222,Customer 1222,Furniture,Storage,Bookshelf,South,Kochi,7,100711.8,0.1,29576.46,Credit Card
ORD-10464,2025-01-07,CUST-1124,Customer 1124,Technology,Tablets,Tablet Pro,West,Mumbai,2,4530.6,0.1,773.35,Net Banking
ORD-14142,2025-01-07,CUST-1700,Customer 1700,Appliances,Kitchen,Electric Kettle,East,Bhubaneswar,4,25979.4,0.15,10573.86,Net Banking
ORD-10884,2025-01-07,CUST-1386,Customer 1386,Appliances,Fans,Ceiling Fan,East,Kolkata,5,19775.25,0.15,3954.66,Cash
ORD-13722,2025-01-07,CUST-1792,Customer 1792,Office Supplies,Paper,Premium Paper,North,Chandigarh,2,36937.9,0.05,9545.28,Credit Card
ORD-13285,2025-01-07,CUST-1081,Customer 1081,Technology,Tablets,Tablet Pro,South,Kochi,7,130391.1,0.1,27533.48,Debit Card
ORD-10721,2025-01-07,CUST-1715,Customer 1715,Furniture,Tables,Study Table,West,Ahmedabad,6,67375.8,0.1,13241.88,Net Banking
ORD-12317,2025-01-07,CUST-1265,Customer 1265,Furniture,Office Furniture,Reception Desk,East,Guwahati,6,126607.5,0.15,45836.95,Credit Card
ORD-10363,2025-01-08,CUST-1215,Customer 1215,Technology,Accessories,Headphones,South,Hyderabad,7,19110.0,0.25,4743.35,Credit Card
ORD-13827,2025-01-08,CUST-1653,Customer 1653,Appliances,Small Appliances,Toaster,North,Chandigarh,3,9174.6,0.1,1494.08,Cash
ORD-14553,2025-01-08,CUST-1559,Customer 1559,Office Supplies,Binders,Ring Binder,West,Ahmedabad,4,33292.8,0.15,9348.44,Debit Card
ORD-11052,2025-01-08,CUST-1436,Customer 1436,Technology,Laptops,Laptop Air,South,Hyderabad,2,1500.8,0.2,311.14,Net Banking
ORD-11822,2025-01-08,CUST-1236,Customer 1236,Office Supplies,Paper,A4 Paper,West,Mumbai,4,64134.0,0.1,15555.39,Net Banking
ORD-11063,2025-01-08,CUST-1045,Customer 1045,Office Supplies,Pens,Ball Pen,West,Surat,5,25344.0,0.2,5751.21,UPI
ORD-11454,2025-01-08,CUST-1276,Customer 1276,Office Supplies,Binders,File Binder,East,Patna,4,35830.2,0.05,10210.39,UPI
ORD-11369,2025-01-08,CUST-1340,Customer 1340,Technology,Tablets,Tablet Pro,South,Chennai,7,133000.0,0.2,56641.62,Cash
ORD-14889,2025-01-08,CUST-1007,Customer 1007,Office Supplies,Organizers,Desk Organizer,North,Jaipur,3,33712.2,0.1,8088.49,Credit Card
ORD-12936,2025-01-08,CUST-1120,Customer 1120,Technology,Phones,Smartphone B,South,Bengaluru,3,24424.2,0.1,8668.98,Credit Card
ORD-14290,2025-01-08,CUST-1307,Customer 1307,Furniture,Chairs,Ergonomic Chair,East,Kolkata,2,46648.8,0.05,10866.93,UPI
ORD-11195,2025-01-08,CUST-1018,Customer 1018,Furniture,Chairs,Ergonomic Chair,South,Kochi,4,57239.0,0.15,16435.75,UPI
ORD-13403,2025-01-08,CUST-1193,Customer 1193,Appliances,Small Appliances,Blender,West,Ahmedabad,3,71358.0,0.0,26109.01,UPI
ORD-12755,2025-01-08,CUST-1697,Customer 1697,Appliances,Kitchen,Mixer Grinder,West,Mumbai,1,21287.6,0.05,9476.25,Cash
ORD-12807,2025-01-09,CUST-1181,Customer 1181,Technology,Tablets,Tablet Pro,East,Kolkata,1,2848.8,0.2,706.38,UPI
ORD-14365,2025-01-09,CUST-1306,Customer 1306,Office Supplies,Pens,Marker,North,Chandigarh,6,2473.2,0.1,546.8,Debit Card
ORD-13935,2025-01-09,CUST-1631,Customer 1631,Technology,Tablets,Tablet 10,West,Surat,3,50928.0,0.2,10643.72,Net Banking
ORD-12148,2025-01-09,CUST-1635,Customer 1635,Technology,Tablets,Tablet Pro,East,Bhubaneswar,7,91802.55,0.15,37482.42,Cash
ORD-14377,2025-01-09,CUST-1255,Customer 1255,Office Supplies,Paper,Premium Paper,West,Surat,1,6166.5,0.25,2277.28,Cash
ORD-11982,2025-01-09,CUST-1497,Customer 1497,Appliances,Kitchen,Mixer Grinder,South,Kochi,2,42243.3,0.15,13419.1,Credit Card
ORD-11303,2025-01-09,CUST-1088,Customer 1088,Office Supplies,Pens,Ball Pen,East,Bhubaneswar,6,75849.6,0.2,23299.86,Credit Card
ORD-10305,2025-01-09,CUST-1699,Customer 1699,Furniture,Office Furniture,Workstation,West,Ahmedabad,2,36009.0,0.25,14160.96,Net Banking
ORD-13695,2025-01-09,CUST-1069,Customer 1069,Appliances,Home Care,Vacuum Cleaner,East,Patna,1,18402.45,0.05,7318.17,Debit Card
ORD-14618,2025-01-09,CUST-1081,Customer 1081,Technology,Accessories,Headphones,East,Patna,6,43182.0,0.0,6511.03,Cash
ORD-12297,2025-01-09,CUST-1612,Customer 1612,Technology,Accessories,Wireless Mouse,South,Chennai,4,25843.2,0.2,7816.23,Debit Card
ORD-10329,2025-01-09,CUST-1288,Customer 1288,Appliances,Kitchen,Electric Kettle,East,Patna,1,4413.75,0.25,1445.82,Cash
ORD-13083,2025-01-09,CUST-1616,Customer 1616,Appliances,Small Appliances,Toaster,South,Hyderabad,4,45121.2,0.05,11452.28,Credit Card
ORD-12095,2025-01-09,CUST-1208,Customer 1208,Office Supplies,Binders,File Binder,East,Kolkata,1,13326.3,0.15,5897.49,UPI
ORD-12252,2025-01-09,CUST-1653,Customer 1653,Office Supplies,Organizers,Document Tray,South,Chennai,1,6039.15,0.05,2558.96,Cash
ORD-14438,2025-01-09,CUST-1314,Customer 1314,Appliances,Kitchen,Mixer Grinder,South,Chennai,7,8467.2,0.2,1900.09,UPI
ORD-14503,2025-01-09,CUST-1043,Customer 1043,Technology,Accessories,Wireless Mouse,South,Hyderabad,2,17807.5,0.15,5191.45,UPI
ORD-10603,2025-01-10,CUST-1486,Customer 1486,Appliances,Small Appliances,Toaster,South,Kochi,4,37906.6,0.15,5981.71,Debit Card
ORD-12779,2025-01-10,CUST-1181,Customer 1181,Office Supplies,Pens,Ball Pen,South,Hyderabad,3,28602.0,0.25,11952.54,UPI
ORD-14315,2025-01-10,CUST-1611,Customer 1611,Technology,Accessories,Keyboard,West,Surat,4,25976.8,0.05,4135.61,Debit Card
ORD-10173,2025-01-10,CUST-1096,Customer 1096,Office Supplies,Organizers,Desk Organizer,East,Patna,2,40764.5,0.05,13537.33,Credit Card
ORD-13886,2025-01-10,CUST-1063,Customer 1063,Furniture,Office Furniture,Reception Desk,West,Mumbai,4,48371.8,0.15,15538.34,Cash
ORD-13566,2025-01-10,CUST-1667,Customer 1667,Appliances,Home Care,Air Purifier,East,Bhubaneswar,2,12350.5,0.15,2228.46,Debit Card
ORD-12814,2025-01-10,CUST-1600,Customer 1600,Appliances,Kitchen,Mixer Grinder,North,Chandigarh,4,69444.0,0.1,12259.68,Cash
ORD-10855,2025-01-10,CUST-1601,Customer 1601,Office Supplies,Pens,Ball Pen,North,Lucknow,6,132003.0,0.1,48214.01,UPI
ORD-10311,2025-01-10,CUST-1455,Customer 1455,Appliances,Home Care,Vacuum Cleaner,North,Chandigarh,6,133039.8,0.1,37640.08,Credit Card
ORD-11944,2025-01-10,CUST-1243,Customer 1243,Furniture,Chairs,Visitor Chair,South,Kochi,5,19652.0,0.15,7323.44,Debit Card
ORD-10249,2025-01-10,CUST-1039,Customer 1039,Technology,Tablets,Tablet 10,South,Kochi,2,26794.8,0.1,3037.85,Cash
ORD-13766,2025-01-10,CUST-1097,Customer 1097,Technology,Tablets,Tablet 10,East,Bhubaneswar,3,13303.2,0.2,2198.46,Credit Card
ORD-11744,2025-01-10,CUST-1493,Customer 1493,Office Supplies,Pens,Gel Pen,South,Kochi,6,92641.5,0.25,25614.13,Cash
ORD-13093,2025-01-10,CUST-1411,Customer 1411,Office Supplies,Organizers,Document Tray,North,Lucknow,5,118555.25,0.05,28500.98,Credit Card
ORD-14294,2025-01-10,CUST-1172,Customer 1172,Technology,Phones,Smartphone C,West,Mumbai,4,54575.6,0.05,16029.13,Debit Card
ORD-14953,2025-01-10,CUST-1124,Customer 1124,Technology,Phones,Smartphone C,North,Delhi,5,33226.25,0.05,13070.38,Credit Card
ORD-13011,2025-01-11,CUST-1208,Customer 1208,Furniture,Tables,Office Desk,South,Chennai,6,72991.2,0.15,10694.26,Net Banking
ORD-10299,2025-01-11,CUST-1035,Customer 1035,Technology,Laptops,Laptop Pro,East,Guwahati,5,3769.75,0.15,1150.15,Cash
ORD-12956,2025-01-11,CUST-1639,Customer 1639,Technology,Laptops,Business Laptop,North,Delhi,4,18536.8,0.15,7468.93,Credit Card
ORD-12682,2025-01-11,CUST-1548,Customer 1548,Office Supplies,Binders,File Binder,South,Bengaluru,2,8608.9,0.05,2376.48,UPI
ORD-13690,2025-01-11,CUST-1354,Customer 1354,Appliances,Fans,Table Fan,South,Bengaluru,5,43087.5,0.1,16863.63,Cash
ORD-11363,2025-01-11,CUST-1216,Customer 1216,Technology,Accessories,Keyboard,West,Ahmedabad,6,21783.6,0.1,7475.22,Net Banking
ORD-14358,2025-01-11,CUST-1245,Customer 1245,Furniture,Tables,Office Desk,North,Lucknow,2,28342.4,0.15,6387.66,UPI
ORD-11137,2025-01-11,CUST-1178,Customer 1178,Office Supplies,Pens,Ball Pen,South,Hyderabad,5,11434.5,0.1,1648.86,Net Banking
ORD-14939,2025-01-11,CUST-1792,Customer 1792,Appliances,Home Care,Air Purifier,West,Surat,5,8987.0,0.05,1617.58,Cash
ORD-11027,2025-01-12,CUST-1574,Customer 1574,Furniture,Storage,Bookshelf,East,Bhubaneswar,2,10980.1,0.05,4682.9,Cash
ORD-14506,2025-01-12,CUST-1718,Customer 1718,Office Supplies,Paper,Premium Paper,South,Bengaluru,2,27024.0,0.2,5905.66,UPI
ORD-13018,2025-01-12,CUST-1485,Customer 1485,Office Supplies,Binders,Ring Binder,North,Chandigarh,1,11452.05,0.15,3116.36,Net Banking
ORD-12805,2025-01-12,CUST-1044,Customer 1044,Technology,Laptops,Laptop Air,North,Chandigarh,7,9331.0,0.0,2073.52,Cash
ORD-10612,2025-01-12,CUST-1616,Customer 1616,Furniture,Tables,Office Desk,North,Lucknow,2,13220.9,0.15,3661.13,UPI
ORD-13889,2025-01-12,CUST-1584,Customer 1584,Office Supplies,Pens,Ball Pen,East,Kolkata,2,23823.8,0.15,7061.97,Credit Card
ORD-10233,2025-01-12,CUST-1696,Customer 1696,Appliances,Kitchen,Electric Kettle,North,Jaipur,3,18966.75,0.05,2354.95,Cash
ORD-12950,2025-01-12,CUST-1732,Customer 1732,Appliances,Fans,Ceiling Fan,East,Patna,5,46219.5,0.1,8898.97,Cash
ORD-10792,2025-01-12,CUST-1484,Customer 1484,Appliances,Kitchen,Mixer Grinder,North,Chandigarh,6,77708.1,0.05,16558.82,Cash
ORD-14886,2025-01-12,CUST-1106,Customer 1106,Technology,Phones,Smartphone A,West,Surat,5,43163.0,0.15,10382.09,Net Banking
ORD-14713,2025-01-12,CUST-1021,Customer 1021,Furniture,Tables,Meeting Table,West,Mumbai,7,111487.25,0.05,17814.47,Cash
ORD-12186,2025-01-13,CUST-1127,Customer 1127,Office Supplies,Paper,Premium Paper,South,Chennai,3,59313.0,0.0,22756.87,Debit Card
ORD-13546,2025-01-13,CUST-1181,Customer 1181,Technology,Phones,Smartphone A,South,Chennai,1,3034.4,0.2,351.7,Net Banking
ORD-14062,2025-01-13,CUST-1070,Customer 1070,Technology,Tablets,Tablet Pro,South,Chennai,2,42123.6,0.1,16493.7,Cash
ORD-14032,2025-01-13,CUST-1191,Customer 1191,Office Supplies,Organizers,Document Tray,South,Hyderabad,6,142420.2,0.05,18402.39,Net Banking
ORD-13081,2025-01-13,CUST-1584,Customer 1584,Office Supplies,Paper,A4 Paper,East,Patna,1,19504.0,0.2,5428.49,Credit Card
ORD-12878,2025-01-13,CUST-1083,Customer 1083,Appliances,Fans,Table Fan,East,Kolkata,2,26184.6,0.1,4425.27,UPI
ORD-12240,2025-01-14,CUST-1188,Customer 1188,Technology,Tablets,Tablet Pro,North,Jaipur,3,66050.1,0.1,9040.08,Debit Card
ORD-11053,2025-01-14,CUST-1418,Customer 1418,Office Supplies,Organizers,Document Tray,South,Chennai,3,19668.0,0.0,3082.24,UPI
ORD-11872,2025-01-14,CUST-1379,Customer 1379,Technology,Accessories,Headphones,West,Ahmedabad,6,61641.6,0.2,8007.75,UPI
ORD-14380,2025-01-14,CUST-1673,Customer 1673,Office Supplies,Binders,File Binder,South,Hyderabad,4,86389.2,0.05,23519.83,Debit Card
ORD-12044,2025-01-14,CUST-1489,Customer 1489,Office Supplies,Binders,File Binder,South,Chennai,2,4949.5,0.05,1166.9,UPI
ORD-11158,2025-01-14,CUST-1395,Customer 1395,Technology,Accessories,USB Cable,West,Pune,6,41937.3,0.15,18823.1,Cash
ORD-12877,2025-01-14,CUST-1009,Customer 1009,Furniture,Chairs,Ergonomic Chair,East,Patna,1,7889.6,0.2,3549.64,Cash
ORD-13685,2025-01-14,CUST-1582,Customer 1582,Appliances,Home Care,Air Purifier,North,Chandigarh,2,6111.5,0.15,983.73,Debit Card
ORD-13003,2025-01-14,CUST-1308,Customer 1308,Furniture,Office Furniture,Reception Desk,South,Kochi,1,1359.15,0.15,201.55,Credit Card
ORD-10171,2025-01-14,CUST-1056,Customer 1056,Appliances,Fans,Ceiling Fan,North,Delhi,2,38989.9,0.05,16206.4,Credit Card
ORD-11285,2025-01-14,CUST-1454,Customer 1454,Office Supplies,Binders,Ring Binder,North,Jaipur,4,12160.0,0.2,3595.61,Cash
ORD-10661,2025-01-14,CUST-1421,Customer 1421,Appliances,Small Appliances,Toaster,West,Surat,6,93187.2,0.2,38657.81,UPI
ORD-11384,2025-01-14,CUST-1250,Customer 1250,Appliances,Small Appliances,Toaster,East,Bhubaneswar,4,10396.0,0.0,2569.54,Credit Card
ORD-13322,2025-01-15,CUST-1230,Customer 1230,Furniture,Chairs,Ergonomic Chair,South,Chennai,4,22704.0,0.25,3078.4,Credit Card
ORD-12064,2025-01-15,CUST-1058,Customer 1058,Appliances,Small Appliances,Blender,West,Ahmedabad,3,41499.0,0.1,18331.85,Debit Card
ORD-12628,2025-01-15,CUST-1083,Customer 1083,Furniture,Chairs,Ergonomic Chair,South,Hyderabad,1,8893.55,0.15,3756.73,Credit Card
ORD-14888,2025-01-15,CUST-1438,Customer 1438,Office Supplies,Organizers,Document Tray,North,Chandigarh,2,40560.3,0.15,7996.88,Credit Card
ORD-14832,2025-01-15,CUST-1606,Customer 1606,Technology,Accessories,Wireless Mouse,East,Kolkata,1,12362.4,0.15,4194.72,UPI
ORD-14626,2025-01-15,CUST-1310,Customer 1310,Appliances,Home Care,Air Purifier,South,Bengaluru,5,84031.0,0.15,29692.94,UPI
ORD-13233,2025-01-15,CUST-1674,Customer 1674,Office Supplies,Organizers,Desk Organizer,North,Chandigarh,5,57700.0,0.2,6465.21,Credit Card
ORD-10422,2025-01-15,CUST-1170,Customer 1170,Furniture,Storage,Storage Box,East,Bhubaneswar,7,2948.4,0.1,903.54,Net Banking
ORD-14322,2025-01-15,CUST-1311,Customer 1311,Office Supplies,Pens,Marker,South,Bengaluru,1,6417.0,0.1,1326.8,Debit Card
ORD-12008,2025-01-15,CUST-1739,Customer 1739,Office Supplies,Paper,Premium Paper,West,Mumbai,2,2784.6,0.1,1164.77,Cash
ORD-14972,2025-01-15,CUST-1139,Customer 1139,Appliances,Fans,Table Fan,South,Chennai,4,26098.4,0.15,10484.72,UPI
ORD-14021,2025-01-15,CUST-1442,Customer 1442,Appliances,Small Appliances,Blender,North,Lucknow,2,31246.4,0.2,3700.44,Net Banking
ORD-10298,2025-01-15,CUST-1261,Customer 1261,Office Supplies,Pens,Marker,East,Guwahati,6,52856.4,0.15,16342.73,UPI
ORD-12587,2025-01-16,CUST-1677,Customer 1677,Furniture,Chairs,Ergonomic Chair,East,Guwahati,1,12901.0,0.0,4679.25,Net Banking
ORD-12099,2025-01-16,CUST-1430,Customer 1430,Furniture,Office Furniture,Workstation,East,Guwahati,5,69960.0,0.0,28869.68,Net Banking
ORD-11309,2025-01-16,CUST-1431,Customer 1431,Technology,Tablets,Tablet 10,North,Lucknow,7,155157.8,0.05,55840.56,UPI
ORD-11040,2025-01-16,CUST-1690,Customer 1690,Office Supplies,Paper,A4 Paper,East,Patna,2,22416.0,0.0,6594.34,UPI
ORD-14591,2025-01-16,CUST-1067,Customer 1067,Furniture,Tables,Meeting Table,East,Guwahati,3,64087.2,0.1,10435.47,Debit Card
ORD-14008,2025-01-16,CUST-1327,Customer 1327,Furniture,Chairs,Ergonomic Chair,West,Pune,4,64623.6,0.1,9684.56,Cash
ORD-10433,2025-01-16,CUST-1740,Customer 1740,Technology,Tablets,Tablet 10,South,Hyderabad,7,120677.9,0.15,43044.7,UPI
ORD-10755,2025-01-16,CUST-1609,Customer 1609,Furniture,Office Furniture,Workstation,East,Kolkata,1,21069.0,0.1,7705.36,Credit Card
ORD-13414,2025-01-16,CUST-1260,Customer 1260,Appliances,Kitchen,Mixer Grinder,West,Pune,4,47857.2,0.05,6329.99,Credit Card
ORD-11792,2025-01-16,CUST-1270,Customer 1270,Furniture,Chairs,Visitor Chair,West,Ahmedabad,4,54308.2,0.15,11931.99,Net Banking
ORD-10104,2025-01-16,CUST-1780,Customer 1780,Appliances,Home Care,Air Purifier,South,Hyderabad,1,18179.0,0.0,6907.95,Net Banking
ORD-10739,2025-01-17,CUST-1475,Customer 1475,Technology,Tablets,Tablet 10,South,Kochi,7,128347.45,0.15,55906.6,Cash
ORD-12849,2025-01-17,CUST-1668,Customer 1668,Technology,Laptops,Laptop Pro,North,Delhi,2,18039.0,0.25,5638.53,Credit Card
ORD-13337,2025-01-17,CUST-1319,Customer 1319,Furniture,Office Furniture,Reception Desk,West,Surat,1,4844.15,0.15,1605.68,Credit Card
ORD-11952,2025-01-17,CUST-1517,Customer 1517,Office Supplies,Organizers,Document Tray,East,Patna,3,44376.0,0.0,11595.22,Net Banking
ORD-14649,2025-01-17,CUST-1798,Customer 1798,Technology,Phones,Smartphone A,East,Guwahati,1,19750.5,0.1,3101.9,Net Banking
ORD-14544,2025-01-17,CUST-1760,Customer 1760,Appliances,Home Care,Vacuum Cleaner,East,Patna,7,27727.0,0.0,5139.14,Net Banking
ORD-10343,2025-01-17,CUST-1634,Customer 1634,Office Supplies,Paper,A4 Paper,South,Bengaluru,4,8933.8,0.05,3266.69,Net Banking
ORD-12580,2025-01-17,CUST-1264,Customer 1264,Furniture,Tables,Office Desk,West,Mumbai,5,92628.75,0.15,16299.14,UPI
ORD-12887,2025-01-17,CUST-1513,Customer 1513,Appliances,Home Care,Vacuum Cleaner,South,Chennai,2,45114.0,0.0,7254.0,Debit Card
ORD-10069,2025-01-17,CUST-1307,Customer 1307,Appliances,Kitchen,Electric Kettle,North,Delhi,1,17290.5,0.25,2045.81,Net Banking
ORD-13950,2025-01-17,CUST-1082,Customer 1082,Office Supplies,Pens,Gel Pen,North,Jaipur,1,12497.0,0.0,1637.62,UPI
ORD-11111,2025-01-17,CUST-1248,Customer 1248,Technology,Phones,Smartphone B,East,Bhubaneswar,1,14344.2,0.1,1918.85,Cash
ORD-12894,2025-01-17,CUST-1781,Customer 1781,Technology,Laptops,Laptop Pro,East,Bhubaneswar,5,111793.5,0.1,45204.67,Net Banking
ORD-12207,2025-01-17,CUST-1760,Customer 1760,Office Supplies,Binders,File Binder,West,Ahmedabad,1,22408.2,0.1,4342.22,Debit Card
ORD-10151,2025-01-17,CUST-1724,Customer 1724,Office Supplies,Paper,Premium Paper,North,Jaipur,7,77560.0,0.0,18810.4,Cash
ORD-10828,2025-01-18,CUST-1660,Customer 1660,Furniture,Office Furniture,Workstation,East,Guwahati,6,51116.4,0.1,7176.75,Credit Card
ORD-11966,2025-01-18,CUST-1320,Customer 1320,Technology,Phones,Smartphone C,East,Patna,3,16019.1,0.15,6226.49,Debit Card
ORD-10640,2025-01-18,CUST-1120,Customer 1120,Appliances,Fans,Table Fan,North,Jaipur,7,155796.2,0.05,43808.23,Cash
ORD-10907,2025-01-18,CUST-1267,Customer 1267,Furniture,Storage,Storage Box,North,Lucknow,6,1764.0,0.0,426.48,Credit Card
ORD-11391,2025-01-18,CUST-1199,Customer 1199,Furniture,Tables,Meeting Table,North,Chandigarh,6,97569.6,0.2,14237.05,Credit Card
ORD-10868,2025-01-18,CUST-1497,Customer 1497,Furniture,Tables,Study Table,North,Lucknow,4,2983.0,0.05,995.72,UPI
ORD-14017,2025-01-18,CUST-1769,Customer 1769,Appliances,Home Care,Air Purifier,South,Chennai,3,39690.0,0.1,8147.58,Net Banking
ORD-11536,2025-01-18,CUST-1782,Customer 1782,Furniture,Chairs,Visitor Chair,South,Chennai,2,10772.0,0.0,4067.97,Net Banking
ORD-10835,2025-01-18,CUST-1329,Customer 1329,Technology,Accessories,USB Cable,North,Chandigarh,7,66981.6,0.1,27732.06,Cash
ORD-10531,2025-01-18,CUST-1254,Customer 1254,Technology,Phones,Smartphone A,West,Pune,6,26856.0,0.0,3093.48,Debit Card
ORD-12303,2025-01-18,CUST-1028,Customer 1028,Office Supplies,Paper,A4 Paper,West,Surat,7,60002.95,0.05,10255.62,Cash
ORD-13186,2025-01-18,CUST-1519,Customer 1519,Furniture,Chairs,Ergonomic Chair,East,Guwahati,4,11411.4,0.05,4322.54,Debit Card
ORD-12901,2025-01-18,CUST-1107,Customer 1107,Furniture,Storage,Bookshelf,East,Kolkata,6,89066.4,0.15,21434.14,Net Banking
ORD-10161,2025-01-18,CUST-1468,Customer 1468,Office Supplies,Binders,File Binder,South,Chennai,4,20332.8,0.2,8847.0,Credit Card
ORD-13759,2025-01-18,CUST-1486,Customer 1486,Office Supplies,Organizers,Document Tray,North,Chandigarh,5,6691.5,0.1,2525.74,UPI
ORD-10043,2025-01-18,CUST-1133,Customer 1133,Furniture,Tables,Meeting Table,West,Ahmedabad,5,76285.0,0.0,8628.97,UPI
ORD-13610,2025-01-18,CUST-1010,Customer 1010,Appliances,Home Care,Vacuum Cleaner,South,Hyderabad,2,3550.4,0.2,1505.81,Credit Card
ORD-13922,2025-01-18,CUST-1183,Customer 1183,Office Supplies,Binders,Ring Binder,East,Patna,3,23582.4,0.15,6052.57,Net Banking
ORD-13938,2025-01-19,CUST-1365,Customer 1365,Office Supplies,Binders,File Binder,East,Bhubaneswar,3,1453.5,0.05,155.58,Credit Card
ORD-11594,2025-01-19,CUST-1530,Customer 1530,Appliances,Kitchen,Electric Kettle,East,Kolkata,6,72696.0,0.2,30148.1,UPI
ORD-11296,2025-01-19,CUST-1298,Customer 1298,Furniture,Tables,Office Desk,West,Mumbai,3,6262.8,0.15,1784.13,Net Banking
ORD-13059,2025-01-19,CUST-1306,Customer 1306,Office Supplies,Paper,A4 Paper,West,Surat,1,14291.0,0.0,2658.32,UPI
ORD-10313,2025-01-19,CUST-1771,Customer 1771,Appliances,Kitchen,Electric Kettle,North,Lucknow,7,125865.6,0.2,21296.26,UPI
ORD-14540,2025-01-19,CUST-1008,Customer 1008,Appliances,Kitchen,Mixer Grinder,South,Bengaluru,5,58018.5,0.1,22069.13,Cash
ORD-11680,2025-01-19,CUST-1197,Customer 1197,Furniture,Tables,Study Table,North,Delhi,4,78624.0,0.2,30608.27,Debit Card
ORD-14651,2025-01-19,CUST-1347,Customer 1347,Office Supplies,Pens,Ball Pen,East,Guwahati,4,36770.4,0.1,11626.09,Credit Card
ORD-11644,2025-01-19,CUST-1136,Customer 1136,Furniture,Office Furniture,Workstation,South,Chennai,7,33532.8,0.2,12814.1,UPI
ORD-11157,2025-01-19,CUST-1467,Customer 1467,Furniture,Tables,Meeting Table,South,Bengaluru,6,102316.2,0.15,15249.6,Net Banking
ORD-13888,2025-01-19,CUST-1051,Customer 1051,Technology,Accessories,USB Cable,East,Kolkata,7,115775.1,0.15,17174.96,Debit Card
ORD-14139,2025-01-19,CUST-1064,Customer 1064,Office Supplies,Paper,Premium Paper,South,Hyderabad,3,38734.2,0.1,11598.26,Credit Card
ORD-11791,2025-01-19,CUST-1642,Customer 1642,Technology,Tablets,Tablet Pro,East,Kolkata,2,21855.6,0.1,6694.16,Credit Card
ORD-12448,2025-01-19,CUST-1182,Customer 1182,Office Supplies,Organizers,Desk Organizer,West,Ahmedabad,4,8842.6,0.05,1265.08,Credit Card
ORD-14750,2025-01-19,CUST-1045,Customer 1045,Technology,Laptops,Laptop Pro,South,Hyderabad,7,12820.5,0.25,2769.46,Credit Card
ORD-12992,2025-01-20,CUST-1559,Customer 1559,Furniture,Chairs,Ergonomic Chair,South,Kochi,7,64023.75,0.25,21046.23,Credit Card
ORD-10424,2025-01-20,CUST-1032,Customer 1032,Office Supplies,Pens,Marker,South,Hyderabad,4,58478.4,0.1,10792.56,Cash
ORD-13997,2025-01-20,CUST-1379,Customer 1379,Appliances,Kitchen,Mixer Grinder,West,Surat,2,30846.0,0.0,10593.57,Credit Card
ORD-10481,2025-01-20,CUST-1646,Customer 1646,Appliances,Kitchen,Electric Kettle,North,Chandigarh,4,14727.6,0.1,6205.77,Net Banking
ORD-12296,2025-01-20,CUST-1409,Customer 1409,Appliances,Small Appliances,Blender,South,Bengaluru,2,14436.4,0.15,4100.42,Cash
ORD-13963,2025-01-20,CUST-1233,Customer 1233,Technology,Accessories,Wireless Mouse,West,Pune,1,3637.6,0.2,1601.54,Debit Card
ORD-10191,2025-01-20,CUST-1063,Customer 1063,Office Supplies,Pens,Marker,North,Chandigarh,1,15529.0,0.0,2329.5,Net Banking
ORD-13583,2025-01-20,CUST-1506,Customer 1506,Appliances,Small Appliances,Toaster,South,Bengaluru,3,63566.1,0.1,9099.57,Net Banking
ORD-10816,2025-01-20,CUST-1035,Customer 1035,Technology,Laptops,Laptop Air,South,Bengaluru,6,8299.8,0.1,1319.21,Debit Card
ORD-12124,2025-01-20,CUST-1799,Customer 1799,Technology,Laptops,Laptop Pro,West,Mumbai,6,13776.0,0.2,2213.61,Net Banking
ORD-11681,2025-01-20,CUST-1482,Customer 1482,Appliances,Fans,Ceiling Fan,West,Mumbai,4,30808.8,0.1,8730.75,Credit Card
ORD-11044,2025-01-20,CUST-1751,Customer 1751,Technology,Accessories,USB Cable,East,Patna,6,92978.1,0.15,24346.53,Net Banking
ORD-14528,2025-01-20,CUST-1701,Customer 1701,Furniture,Tables,Study Table,North,Chandigarh,1,15740.55,0.05,6163.36,Cash
ORD-11434,2025-01-20,CUST-1558,Customer 1558,Appliances,Small Appliances,Toaster,South,Hyderabad,6,98544.6,0.1,13233.87,Debit Card
ORD-14757,2025-01-20,CUST-1747,Customer 1747,Appliances,Small Appliances,Toaster,East,Guwahati,4,65990.8,0.05,9056.58,UPI
ORD-10832,2025-01-20,CUST-1510,Customer 1510,Technology,Tablets,Tablet Pro,North,Delhi,7,89447.4,0.1,25366.41,UPI
ORD-12691,2025-01-20,CUST-1288,Customer 1288,Appliances,Fans,Table Fan,East,Patna,7,78882.3,0.1,34274.14,Debit Card
ORD-13916,2025-01-20,CUST-1367,Customer 1367,Furniture,Storage,Filing Cabinet,East,Kolkata,3,19682.4,0.2,7851.24,Cash
ORD-13633,2025-01-20,CUST-1480,Customer 1480,Office Supplies,Binders,File Binder,South,Kochi,4,85781.2,0.05,30105.16,Credit Card
ORD-13930,2025-01-20,CUST-1484,Customer 1484,Furniture,Storage,Storage Box,South,Bengaluru,3,11589.75,0.25,2906.11,UPI
ORD-12520,2025-01-20,CUST-1769,Customer 1769,Technology,Tablets,Tablet Pro,North,Delhi,1,5472.0,0.2,1446.7,Debit Card
ORD-13557,2025-01-20,CUST-1311,Customer 1311,Technology,Accessories,Headphones,West,Pune,5,11572.0,0.2,3088.53,Credit Card
ORD-12281,2025-01-21,CUST-1017,Customer 1017,Furniture,Tables,Study Table,South,Kochi,1,7902.45,0.15,2066.32,Credit Card
ORD-11188,2025-01-21,CUST-1754,Customer 1754,Technology,Phones,Smartphone A,North,Lucknow,6,95671.8,0.1,22187.23,Credit Card
ORD-13840,2025-01-21,CUST-1379,Customer 1379,Furniture,Chairs,Visitor Chair,West,Mumbai,2,16996.6,0.15,3043.45,Debit Card
ORD-10193,2025-01-21,CUST-1191,Customer 1191,Technology,Phones,Smartphone A,West,Mumbai,2,8091.0,0.1,2171.69,Credit Card
ORD-12928,2025-01-21,CUST-1130,Customer 1130,Furniture,Office Furniture,Reception Desk,West,Surat,2,38904.5,0.15,9920.23,Cash
ORD-13834,2025-01-21,CUST-1276,Customer 1276,Furniture,Office Furniture,Workstation,East,Kolkata,6,54560.4,0.05,9244.15,Net Banking
ORD-12065,2025-01-21,CUST-1117,Customer 1117,Office Supplies,Binders,File Binder,East,Kolkata,3,69237.9,0.05,20694.49,UPI
ORD-11614,2025-01-21,CUST-1673,Customer 1673,Technology,Tablets,Tablet Pro,North,Jaipur,7,131280.8,0.2,53285.13,UPI
ORD-11102,2025-01-21,CUST-1382,Customer 1382,Furniture,Tables,Office Desk,North,Lucknow,6,126079.2,0.1,29382.53,UPI
ORD-13873,2025-01-21,CUST-1307,Customer 1307,Office Supplies,Paper,A4 Paper,North,Lucknow,1,11791.2,0.15,4808.3,Net Banking
ORD-10393,2025-01-21,CUST-1156,Customer 1156,Appliances,Home Care,Air Purifier,West,Ahmedabad,2,7393.3,0.15,1529.41,Credit Card
ORD-10885,2025-01-21,CUST-1745,Customer 1745,Appliances,Fans,Table Fan,South,Kochi,7,25011.0,0.0,4023.55,UPI
ORD-11742,2025-01-21,CUST-1200,Customer 1200,Furniture,Storage,Storage Box,South,Chennai,2,11514.0,0.25,4679.16,Credit Card
ORD-14413,2025-01-21,CUST-1138,Customer 1138,Office Supplies,Paper,A4 Paper,North,Lucknow,1,7779.55,0.05,3229.54,Debit Card
ORD-11942,2025-01-21,CUST-1371,Customer 1371,Appliances,Home Care,Air Purifier,East,Patna,1,24839.0,0.0,6417.45,Credit Card
ORD-11380,2025-01-22,CUST-1651,Customer 1651,Furniture,Chairs,Ergonomic Chair,South,Hyderabad,3,42523.2,0.2,4472.74,UPI
ORD-10699,2025-01-22,CUST-1195,Customer 1195,Furniture,Storage,Bookshelf,West,Mumbai,1,10116.9,0.1,3440.68,Net Banking
ORD-10945,2025-01-22,CUST-1057,Customer 1057,Technology,Tablets,Tablet 10,West,Mumbai,2,24585.4,0.15,4557.61,Net Banking
ORD-14710,2025-01-22,CUST-1187,Customer 1187,Furniture,Storage,Filing Cabinet,West,Surat,7,103815.6,0.15,24776.82,Cash
ORD-12672,2025-01-22,CUST-1615,Customer 1615,Appliances,Fans,Table Fan,East,Guwahati,2,30262.5,0.25,4224.4,Net Banking
ORD-12622,2025-01-22,CUST-1617,Customer 1617,Office Supplies,Paper,Premium Paper,West,Pune,5,75871.75,0.05,26238.93,Cash
ORD-13224,2025-01-22,CUST-1140,Customer 1140,Office Supplies,Paper,A4 Paper,East,Patna,1,11586.6,0.1,4926.96,Credit Card
ORD-13044,2025-01-22,CUST-1696,Customer 1696,Technology,Tablets,Tablet Pro,East,Patna,4,96032.0,0.0,14519.56,UPI
ORD-11055,2025-01-22,CUST-1545,Customer 1545,Technology,Accessories,USB Cable,South,Chennai,2,30581.3,0.15,7281.15,Credit Card
ORD-13812,2025-01-22,CUST-1786,Customer 1786,Technology,Accessories,Keyboard,East,Bhubaneswar,6,114678.6,0.15,18162.26,Cash
ORD-12330,2025-01-22,CUST-1727,Customer 1727,Furniture,Chairs,Visitor Chair,East,Patna,1,6279.5,0.05,1532.24,UPI
ORD-13001,2025-01-23,CUST-1414,Customer 1414,Appliances,Home Care,Vacuum Cleaner,West,Surat,7,52390.8,0.1,23047.48,Debit Card
ORD-12164,2025-01-23,CUST-1491,Customer 1491,Appliances,Fans,Ceiling Fan,North,Delhi,2,18592.9,0.15,2030.56,Credit Card
ORD-11658,2025-01-23,CUST-1735,Customer 1735,Office Supplies,Pens,Gel Pen,South,Kochi,6,84519.6,0.05,23218.3,Cash
ORD-12909,2025-01-23,CUST-1668,Customer 1668,Appliances,Fans,Ceiling Fan,North,Jaipur,7,7253.05,0.15,3066.37,Cash
ORD-13236,2025-01-23,CUST-1182,Customer 1182,Furniture,Tables,Office Desk,North,Jaipur,2,33938.0,0.0,7854.26,Credit Card
ORD-10066,2025-01-23,CUST-1140,Customer 1140,Furniture,Tables,Meeting Table,East,Kolkata,6,65875.5,0.25,17915.56,Credit Card
ORD-11751,2025-01-23,CUST-1448,Customer 1448,Appliances,Fans,Table Fan,East,Guwahati,3,51846.0,0.0,20602.43,Credit Card
ORD-12958,2025-01-23,CUST-1331,Customer 1331,Office Supplies,Organizers,Document Tray,East,Patna,1,13129.95,0.15,4857.6,Credit Card
ORD-13069,2025-01-23,CUST-1352,Customer 1352,Appliances,Home Care,Air Purifier,South,Chennai,2,42256.0,0.05,18075.98,Cash
ORD-14354,2025-01-23,CUST-1276,Customer 1276,Appliances,Small Appliances,Toaster,West,Ahmedabad,6,11982.0,0.0,5302.32,Net Banking
ORD-10572,2025-01-23,CUST-1516,Customer 1516,Office Supplies,Organizers,Document Tray,South,Chennai,5,17539.75,0.15,2772.76,UPI
ORD-12773,2025-01-23,CUST-1285,Customer 1285,Appliances,Small Appliances,Toaster,East,Kolkata,6,41509.8,0.1,13226.75,Net Banking
ORD-14337,2025-01-23,CUST-1701,Customer 1701,Appliances,Small Appliances,Blender,West,Surat,3,42233.1,0.15,18051.89,Cash
ORD-11720,2025-01-24,CUST-1228,Customer 1228,Technology,Phones,Smartphone C,West,Mumbai,5,98693.5,0.15,23256.33,Net Banking
ORD-11495,2025-01-24,CUST-1259,Customer 1259,Furniture,Storage,Bookshelf,North,Lucknow,3,41808.0,0.0,17503.96,UPI
ORD-14186,2025-01-24,CUST-1009,Customer 1009,Appliances,Small Appliances,Toaster,South,Hyderabad,5,15661.25,0.15,1844.36,Cash
ORD-12172,2025-01-24,CUST-1515,Customer 1515,Furniture,Storage,Bookshelf,South,Bengaluru,2,27309.0,0.25,2755.73,Credit Card
ORD-10700,2025-01-24,CUST-1093,Customer 1093,Office Supplies,Binders,File Binder,North,Lucknow,2,25396.2,0.1,7407.55,Net Banking
ORD-10038,2025-01-24,CUST-1528,Customer 1528,Technology,Phones,Smartphone A,East,Kolkata,6,129737.7,0.05,39947.99,Net Banking
ORD-10954,2025-01-24,CUST-1414,Customer 1414,Appliances,Small Appliances,Toaster,East,Kolkata,2,42396.0,0.0,17306.72,Debit Card
ORD-10303,2025-01-24,CUST-1306,Customer 1306,Office Supplies,Binders,File Binder,South,Hyderabad,3,60817.5,0.15,18504.14,Net Banking
ORD-11354,2025-01-24,CUST-1747,Customer 1747,Furniture,Tables,Meeting Table,South,Hyderabad,5,8531.25,0.25,2578.22,Credit Card
ORD-11083,2025-01-25,CUST-1184,Customer 1184,Technology,Phones,Smartphone B,West,Mumbai,4,83934.0,0.1,22611.3,Net Banking
ORD-11140,2025-01-25,CUST-1157,Customer 1157,Technology,Accessories,Keyboard,North,Lucknow,6,15034.8,0.15,1919.92,Credit Card
ORD-13977,2025-01-25,CUST-1623,Customer 1623,Technology,Phones,Smartphone A,East,Guwahati,4,59911.4,0.15,26369.54,Cash
ORD-11138,2025-01-25,CUST-1249,Customer 1249,Furniture,Storage,Storage Box,East,Kolkata,5,62241.25,0.15,16627.69,Cash
ORD-14695,2025-01-25,CUST-1638,Customer 1638,Furniture,Chairs,Office Chair,West,Surat,4,53847.0,0.25,16774.09,Credit Card
ORD-12652,2025-01-25,CUST-1510,Customer 1510,Technology,Phones,Smartphone A,East,Bhubaneswar,3,9002.4,0.2,2919.94,UPI
ORD-12266,2025-01-25,CUST-1734,Customer 1734,Technology,Accessories,USB Cable,West,Ahmedabad,6,3684.0,0.0,408.44,Net Banking
ORD-10582,2025-01-25,CUST-1451,Customer 1451,Technology,Laptops,Laptop Pro,South,Kochi,2,29778.0,0.0,3152.7,UPI
ORD-11542,2025-01-25,CUST-1712,Customer 1712,Office Supplies,Organizers,Document Tray,West,Surat,1,13324.8,0.2,5428.43,Debit Card
ORD-10236,2025-01-25,CUST-1198,Customer 1198,Appliances,Kitchen,Electric Kettle,North,Jaipur,7,103143.25,0.15,35501.39,Credit Card
ORD-14088,2025-01-25,CUST-1046,Customer 1046,Technology,Tablets,Tablet 10,East,Kolkata,7,47098.8,0.1,8657.42,Credit Card
ORD-12054,2025-01-26,CUST-1323,Customer 1323,Appliances,Kitchen,Mixer Grinder,West,Ahmedabad,2,16770.5,0.15,5749.09,Debit Card
ORD-11667,2025-01-26,CUST-1189,Customer 1189,Appliances,Kitchen,Electric Kettle,North,Chandigarh,2,37316.0,0.05,5266.31,Credit Card
ORD-13089,2025-01-26,CUST-1742,Customer 1742,Appliances,Fans,Table Fan,West,Pune,6,84171.9,0.05,26507.81,Debit Card
ORD-12800,2025-01-26,CUST-1242,Customer 1242,Technology,Accessories,Keyboard,North,Chandigarh,6,38847.6,0.1,13195.63,Credit Card
ORD-12239,2025-01-26,CUST-1047,Customer 1047,Appliances,Home Care,Vacuum Cleaner,South,Bengaluru,2,11878.5,0.25,4943.62,Debit Card
ORD-10264,2025-01-26,CUST-1498,Customer 1498,Technology,Laptops,Business Laptop,North,Chandigarh,7,90580.0,0.2,22433.75,Credit Card
ORD-14382,2025-01-26,CUST-1516,Customer 1516,Office Supplies,Pens,Ball Pen,South,Chennai,2,49502.0,0.0,21203.78,Debit Card
ORD-10237,2025-01-26,CUST-1399,Customer 1399,Furniture,Storage,Bookshelf,East,Patna,3,7164.0,0.25,1064.63,Debit Card
ORD-11789,2025-01-26,CUST-1110,Customer 1110,Technology,Accessories,Wireless Mouse,North,Delhi,3,10068.75,0.25,4407.9,UPI
ORD-13507,2025-01-26,CUST-1387,Customer 1387,Furniture,Office Furniture,Reception Desk,East,Bhubaneswar,3,16939.65,0.15,6057.66,Debit Card
ORD-12481,2025-01-26,CUST-1318,Customer 1318,Technology,Laptops,Business Laptop,South,Kochi,4,52311.6,0.1,5246.96,UPI
ORD-13235,2025-01-26,CUST-1541,Customer 1541,Furniture,Office Furniture,Reception Desk,South,Hyderabad,7,101477.25,0.15,27922.75,Debit Card
ORD-10508,2025-01-26,CUST-1358,Customer 1358,Office Supplies,Pens,Gel Pen,North,Chandigarh,4,42825.6,0.1,16459.99,Net Banking
ORD-14967,2025-01-26,CUST-1669,Customer 1669,Technology,Phones,Smartphone A,West,Ahmedabad,7,33070.45,0.05,6125.7,UPI
ORD-13440,2025-01-26,CUST-1642,Customer 1642,Technology,Tablets,Tablet 10,South,Chennai,7,75077.1,0.15,16412.06,UPI
ORD-10846,2025-01-26,CUST-1622,Customer 1622,Technology,Laptops,Laptop Pro,West,Pune,3,44447.4,0.1,6461.59,Net Banking
ORD-13590,2025-01-26,CUST-1708,Customer 1708,Appliances,Fans,Table Fan,East,Kolkata,3,70018.8,0.05,7583.73,Net Banking
ORD-13519,2025-01-26,CUST-1240,Customer 1240,Appliances,Kitchen,Mixer Grinder,East,Guwahati,6,90474.0,0.15,28322.49,Credit Card
ORD-14092,2025-01-27,CUST-1360,Customer 1360,Office Supplies,Pens,Ball Pen,North,Lucknow,3,29982.9,0.15,12574.22,Cash
ORD-11783,2025-01-27,CUST-1292,Customer 1292,Appliances,Fans,Table Fan,West,Mumbai,1,20258.0,0.0,6645.93,Debit Card
ORD-14865,2025-01-27,CUST-1542,Customer 1542,Technology,Tablets,Tablet 10,South,Chennai,5,65870.0,0.0,21912.53,UPI
ORD-11065,2025-01-27,CUST-1215,Customer 1215,Furniture,Tables,Meeting Table,East,Guwahati,3,53147.1,0.15,12830.25,Credit Card
ORD-11458,2025-01-27,CUST-1749,Customer 1749,Appliances,Small Appliances,Toaster,North,Lucknow,1,15217.1,0.05,1668.67,Credit Card
ORD-10681,2025-01-27,CUST-1092,Customer 1092,Appliances,Fans,Table Fan,South,Chennai,3,37968.0,0.0,7817.65,UPI
ORD-14376,2025-01-27,CUST-1568,Customer 1568,Technology,Tablets,Tablet Pro,East,Bhubaneswar,5,90449.5,0.05,10490.88,Net Banking
ORD-10335,2025-01-27,CUST-1342,Customer 1342,Furniture,Storage,Bookshelf,East,Bhubaneswar,4,17961.0,0.25,5378.06,Debit Card
ORD-13989,2025-01-27,CUST-1469,Customer 1469,Office Supplies,Binders,File Binder,West,Ahmedabad,6,7339.5,0.25,1177.52,Cash
ORD-12046,2025-01-27,CUST-1281,Customer 1281,Appliances,Fans,Ceiling Fan,West,Ahmedabad,3,1661.55,0.05,441.2,Debit Card
ORD-14459,2025-01-27,CUST-1059,Customer 1059,Office Supplies,Pens,Ball Pen,South,Bengaluru,1,12044.7,0.1,3802.63,Credit Card
ORD-13050,2025-01-27,CUST-1536,Customer 1536,Appliances,Fans,Table Fan,West,Pune,1,12577.5,0.1,3711.15,Net Banking
ORD-14991,2025-01-27,CUST-1646,Customer 1646,Technology,Tablets,Tablet Pro,North,Chandigarh,7,57419.25,0.25,13922.11,Debit Card
ORD-14771,2025-01-27,CUST-1389,Customer 1389,Appliances,Small Appliances,Toaster,North,Lucknow,4,4416.0,0.0,1223.54,Credit Card
ORD-14798,2025-01-28,CUST-1736,Customer 1736,Furniture,Office Furniture,Workstation,East,Bhubaneswar,5,60557.75,0.05,19325.36,Cash
ORD-10568,2025-01-28,CUST-1711,Customer 1711,Appliances,Home Care,Vacuum Cleaner,East,Bhubaneswar,6,107913.6,0.2,29887.88,UPI
ORD-13037,2025-01-28,CUST-1314,Customer 1314,Technology,Tablets,Tablet Pro,West,Ahmedabad,3,13209.6,0.2,4400.19,Debit Card
ORD-12766,2025-01-28,CUST-1127,Customer 1127,Appliances,Small Appliances,Blender,West,Pune,5,65199.25,0.15,21373.44,UPI
ORD-13569,2025-01-28,CUST-1735,Customer 1735,Furniture,Chairs,Ergonomic Chair,East,Patna,1,2276.3,0.15,943.02,Net Banking
ORD-13413,2025-01-28,CUST-1324,Customer 1324,Furniture,Storage,Storage Box,South,Bengaluru,1,9080.55,0.15,2801.74,Credit Card
ORD-11953,2025-01-28,CUST-1140,Customer 1140,Office Supplies,Binders,Ring Binder,North,Jaipur,2,10596.1,0.15,4133.38,Cash
ORD-11022,2025-01-28,CUST-1444,Customer 1444,Technology,Tablets,Tablet Pro,South,Kochi,2,28463.1,0.15,9442.63,UPI
ORD-14425,2025-01-28,CUST-1700,Customer 1700,Appliances,Home Care,Air Purifier,West,Surat,1,16165.2,0.05,6643.18,UPI
ORD-13358,2025-01-28,CUST-1780,Customer 1780,Office Supplies,Paper,Premium Paper,South,Kochi,3,34288.35,0.05,8022.63,Credit Card
ORD-13696,2025-01-28,CUST-1308,Customer 1308,Office Supplies,Binders,Ring Binder,South,Chennai,5,76260.0,0.2,20726.12,Credit Card
ORD-12608,2025-01-28,CUST-1452,Customer 1452,Technology,Phones,Smartphone C,West,Mumbai,7,37728.95,0.15,16865.74,Debit Card
ORD-10716,2025-01-28,CUST-1786,Customer 1786,Appliances,Kitchen,Mixer Grinder,North,Lucknow,1,16840.65,0.05,2562.05,Cash
ORD-12121,2025-01-28,CUST-1341,Customer 1341,Appliances,Small Appliances,Blender,South,Chennai,7,125615.7,0.1,44191.02,Credit Card
ORD-12980,2025-01-28,CUST-1143,Customer 1143,Technology,Accessories,Headphones,West,Surat,3,2967.3,0.1,365.86,UPI
ORD-14635,2025-01-28,CUST-1432,Customer 1432,Technology,Accessories,Wireless Mouse,South,Chennai,6,76923.3,0.15,21677.32,Cash
ORD-10099,2025-01-28,CUST-1732,Customer 1732,Furniture,Tables,Office Desk,North,Lucknow,6,56191.8,0.15,23116.2,Debit Card
ORD-13905,2025-01-28,CUST-1511,Customer 1511,Office Supplies,Pens,Ball Pen,South,Kochi,3,37251.0,0.0,6969.16,Cash
ORD-12198,2025-01-29,CUST-1253,Customer 1253,Appliances,Kitchen,Electric Kettle,West,Mumbai,3,28115.25,0.05,5454.42,Net Banking
ORD-10497,2025-01-29,CUST-1435,Customer 1435,Office Supplies,Paper,Premium Paper,South,Kochi,7,87270.75,0.25,28226.23,UPI
ORD-13184,2025-01-29,CUST-1048,Customer 1048,Appliances,Fans,Ceiling Fan,North,Lucknow,3,14204.4,0.05,4090.95,Net Banking
ORD-10827,2025-01-29,CUST-1279,Customer 1279,Office Supplies,Organizers,Desk Organizer,South,Chennai,6,123747.0,0.05,38937.94,Credit Card
ORD-10164,2025-01-29,CUST-1669,Customer 1669,Appliances,Small Appliances,Toaster,North,Chandigarh,5,106002.0,0.1,25987.71,Cash
ORD-13238,2025-01-29,CUST-1747,Customer 1747,Office Supplies,Binders,Ring Binder,South,Hyderabad,6,1652.4,0.1,718.41,Cash
ORD-10398,2025-01-29,CUST-1588,Customer 1588,Furniture,Office Furniture,Workstation,North,Chandigarh,2,28670.4,0.2,5336.2,UPI
ORD-12512,2025-01-29,CUST-1315,Customer 1315,Technology,Phones,Smartphone C,South,Chennai,4,44182.6,0.05,7258.39,Net Banking
ORD-14381,2025-01-29,CUST-1194,Customer 1194,Furniture,Tables,Study Table,North,Jaipur,5,96145.0,0.0,27191.96,Credit Card
ORD-11721,2025-01-29,CUST-1365,Customer 1365,Furniture,Office Furniture,Reception Desk,East,Guwahati,1,1973.7,0.1,784.89,UPI
ORD-13540,2025-01-29,CUST-1108,Customer 1108,Technology,Laptops,Laptop Pro,West,Surat,4,15123.2,0.15,3666.54,Credit Card
ORD-14064,2025-01-29,CUST-1583,Customer 1583,Technology,Tablets,Tablet 10,South,Hyderabad,3,47417.25,0.15,17362.16,Credit Card
ORD-14821,2025-01-29,CUST-1396,Customer 1396,Appliances,Small Appliances,Toaster,North,Chandigarh,7,124852.0,0.0,17191.19,Credit Card
ORD-10727,2025-01-30,CUST-1266,Customer 1266,Office Supplies,Paper,Premium Paper,East,Bhubaneswar,1,2278.0,0.0,813.78,Credit Card
ORD-13155,2025-01-30,CUST-1670,Customer 1670,Office Supplies,Binders,Ring Binder,West,Surat,5,74204.5,0.05,30260.73,Debit Card
ORD-11388,2025-01-30,CUST-1202,Customer 1202,Appliances,Home Care,Vacuum Cleaner,North,Lucknow,3,37719.0,0.1,16238.66,Cash
ORD-11359,2025-01-30,CUST-1129,Customer 1129,Appliances,Fans,Table Fan,East,Bhubaneswar,4,67435.2,0.1,23518.47,Debit Card
ORD-11476,2025-01-30,CUST-1464,Customer 1464,Appliances,Fans,Table Fan,South,Bengaluru,2,1288.8,0.1,389.68,Debit Card
ORD-10289,2025-01-30,CUST-1477,Customer 1477,Technology,Phones,Smartphone A,North,Delhi,5,111226.5,0.1,20858.18,Net Banking
ORD-10512,2025-01-30,CUST-1197,Customer 1197,Furniture,Tables,Office Desk,South,Bengaluru,7,33156.9,0.1,7538.58,UPI
ORD-10992,2025-01-30,CUST-1263,Customer 1263,Appliances,Kitchen,Electric Kettle,East,Kolkata,3,68436.0,0.0,18761.41,Debit Card
ORD-14569,2025-01-30,CUST-1697,Customer 1697,Appliances,Small Appliances,Toaster,North,Delhi,6,103489.2,0.15,33294.54,Cash
ORD-11009,2025-01-30,CUST-1567,Customer 1567,Appliances,Small Appliances,Toaster,South,Bengaluru,5,95688.0,0.2,32091.8,Cash
ORD-11558,2025-01-30,CUST-1012,Customer 1012,Office Supplies,Binders,Ring Binder,North,Lucknow,2,18554.4,0.1,7337.46,UPI
ORD-10257,2025-01-30,CUST-1432,Customer 1432,Office Supplies,Binders,File Binder,West,Surat,7,24490.2,0.15,9023.48,Credit Card
ORD-13884,2025-01-30,CUST-1593,Customer 1593,Appliances,Kitchen,Mixer Grinder,West,Mumbai,2,29518.2,0.1,12160.07,Net Banking
ORD-13902,2025-01-30,CUST-1254,Customer 1254,Office Supplies,Organizers,Document Tray,North,Delhi,2,16583.5,0.15,6924.96,Debit Card
ORD-13816,2025-01-30,CUST-1748,Customer 1748,Appliances,Home Care,Air Purifier,South,Kochi,7,85138.2,0.1,32967.56,Credit Card
ORD-10931,2025-01-30,CUST-1443,Customer 1443,Office Supplies,Pens,Gel Pen,South,Chennai,3,69537.15,0.05,9891.29,Cash
ORD-10853,2025-01-30,CUST-1628,Customer 1628,Technology,Phones,Smartphone A,West,Pune,6,15681.6,0.2,2156.81,Credit Card
ORD-12831,2025-01-30,CUST-1021,Customer 1021,Appliances,Fans,Table Fan,South,Chennai,4,63392.4,0.1,26778.89,Cash
ORD-11948,2025-01-30,CUST-1353,Customer 1353,Furniture,Storage,Storage Box,South,Kochi,5,87970.0,0.0,17181.81,Debit Card
ORD-10288,2025-01-30,CUST-1097,Customer 1097,Technology,Accessories,Keyboard,West,Ahmedabad,3,46774.8,0.1,13956.36,Cash
ORD-13788,2025-01-31,CUST-1164,Customer 1164,Technology,Phones,Smartphone B,North,Delhi,4,68480.0,0.2,18738.57,Cash
ORD-14658,2025-01-31,CUST-1358,Customer 1358,Furniture,Chairs,Ergonomic Chair,North,Chandigarh,7,97429.5,0.25,18430.56,UPI
ORD-11413,2025-01-31,CUST-1754,Customer 1754,Technology,Laptops,Laptop Air,North,Chandigarh,6,26489.4,0.15,3627.35,Cash
ORD-13980,2025-01-31,CUST-1635,Customer 1635,Appliances,Small Appliances,Toaster,South,Hyderabad,1,602.4,0.2,147.73,Debit Card
ORD-12647,2025-01-31,CUST-1629,Customer 1629,Furniture,Chairs,Office Chair,East,Bhubaneswar,3,16401.0,0.0,3570.02,Net Banking
ORD-12946,2025-01-31,CUST-1706,Customer 1706,Furniture,Storage,Storage Box,West,Surat,4,22028.0,0.0,5549.65,Net Banking
ORD-10374,2025-01-31,CUST-1059,Customer 1059,Appliances,Home Care,Vacuum Cleaner,South,Chennai,1,2485.0,0.0,383.77,Debit Card
ORD-10656,2025-01-31,CUST-1677,Customer 1677,Technology,Phones,Smartphone B,West,Surat,6,115133.4,0.1,40716.75,Credit Card
ORD-14212,2025-01-31,CUST-1167,Customer 1167,Appliances,Small Appliances,Toaster,East,Bhubaneswar,3,37377.9,0.15,9265.4,Debit Card
ORD-14602,2025-01-31,CUST-1619,Customer 1619,Technology,Accessories,Headphones,West,Ahmedabad,7,132428.8,0.2,29729.38,Net Banking
ORD-14910,2025-01-31,CUST-1407,Customer 1407,Office Supplies,Organizers,Desk Organizer,East,Bhubaneswar,7,146429.5,0.15,51761.7,Credit Card
ORD-12532,2025-01-31,CUST-1265,Customer 1265,Furniture,Tables,Study Table,South,Kochi,7,109774.0,0.0,14387.82,Credit Card
ORD-11465,2025-01-31,CUST-1771,Customer 1771,Office Supplies,Binders,Ring Binder,North,Jaipur,7,24087.0,0.25,5085.79,UPI
ORD-10111,2025-01-31,CUST-1309,Customer 1309,Appliances,Kitchen,Mixer Grinder,East,Bhubaneswar,7,34605.2,0.15,4328.07,Credit Card
ORD-13169,2025-01-31,CUST-1513,Customer 1513,Furniture,Tables,Meeting Table,West,Ahmedabad,6,76415.4,0.1,13022.43,Net Banking
ORD-12574,2025-02-01,CUST-1455,Customer 1455,Technology,Accessories,Headphones,East,Guwahati,4,15415.6,0.15,5899.19,Net Banking
ORD-14983,2025-02-01,CUST-1149,Customer 1149,Technology,Tablets,Tablet 10,North,Jaipur,3,39036.45,0.05,4500.28,Net Banking
ORD-13836,2025-02-01,CUST-1792,Customer 1792,Furniture,Office Furniture,Workstation,South,Bengaluru,2,4917.6,0.1,1942.88,UPI
ORD-10527,2025-02-01,CUST-1587,Customer 1587,Office Supplies,Pens,Ball Pen,North,Jaipur,7,26182.8,0.1,9597.7,Debit Card
ORD-11511,2025-02-01,CUST-1772,Customer 1772,Office Supplies,Organizers,Document Tray,South,Hyderabad,1,22401.0,0.0,7919.79,UPI
ORD-10615,2025-02-01,CUST-1447,Customer 1447,Furniture,Chairs,Visitor Chair,East,Bhubaneswar,2,24536.0,0.0,6814.95,Debit Card
ORD-12003,2025-02-01,CUST-1066,Customer 1066,Furniture,Storage,Storage Box,North,Jaipur,3,24507.9,0.1,10457.77,Net Banking
ORD-12418,2025-02-01,CUST-1299,Customer 1299,Furniture,Office Furniture,Workstation,North,Lucknow,4,62479.6,0.05,16278.09,Debit Card
ORD-10401,2025-02-01,CUST-1694,Customer 1694,Appliances,Fans,Table Fan,East,Bhubaneswar,5,53500.5,0.1,6502.93,Debit Card
ORD-11467,2025-02-02,CUST-1368,Customer 1368,Furniture,Storage,Filing Cabinet,East,Bhubaneswar,1,14503.55,0.15,3708.25,Credit Card
ORD-13245,2025-02-02,CUST-1037,Customer 1037,Appliances,Fans,Table Fan,South,Chennai,4,13633.2,0.1,4070.13,UPI
ORD-11774,2025-02-02,CUST-1746,Customer 1746,Appliances,Small Appliances,Toaster,East,Bhubaneswar,2,16353.0,0.1,2685.38,Debit Card
ORD-11911,2025-02-02,CUST-1283,Customer 1283,Appliances,Kitchen,Mixer Grinder,South,Kochi,4,32192.0,0.0,4693.9,Debit Card
ORD-11882,2025-02-02,CUST-1707,Customer 1707,Furniture,Office Furniture,Reception Desk,West,Pune,7,90557.6,0.2,22383.53,UPI
ORD-12997,2025-02-02,CUST-1018,Customer 1018,Office Supplies,Binders,Ring Binder,West,Surat,5,34089.25,0.15,7570.49,UPI
ORD-11746,2025-02-02,CUST-1468,Customer 1468,Furniture,Tables,Study Table,South,Kochi,1,6318.9,0.1,2110.9,Debit Card
ORD-11991,2025-02-02,CUST-1733,Customer 1733,Appliances,Small Appliances,Blender,South,Kochi,7,63649.6,0.2,7783.84,UPI
ORD-10101,2025-02-02,CUST-1059,Customer 1059,Office Supplies,Pens,Gel Pen,South,Chennai,1,14292.0,0.2,2673.91,Debit Card
ORD-10203,2025-02-03,CUST-1172,Customer 1172,Office Supplies,Pens,Ball Pen,East,Guwahati,4,30970.6,0.15,6904.77,Net Banking
ORD-14014,2025-02-03,CUST-1604,Customer 1604,Technology,Phones,Smartphone B,North,Lucknow,7,18099.9,0.1,3419.83,Debit Card
ORD-12435,2025-02-03,CUST-1460,Customer 1460,Furniture,Office Furniture,Workstation,South,Chennai,4,35142.4,0.05,12659.63,UPI
ORD-12053,2025-02-03,CUST-1662,Customer 1662,Furniture,Storage,Bookshelf,South,Chennai,1,22929.2,0.05,7197.15,Credit Card
ORD-13421,2025-02-03,CUST-1469,Customer 1469,Office Supplies,Pens,Gel Pen,South,Hyderabad,2,29712.6,0.1,10717.61,Credit Card
ORD-13311,2025-02-03,CUST-1401,Customer 1401,Office Supplies,Binders,File Binder,South,Bengaluru,6,89673.3,0.15,18384.09,Credit Card
ORD-11315,2025-02-03,CUST-1179,Customer 1179,Furniture,Office Furniture,Workstation,North,Delhi,1,2066.25,0.05,596.52,Credit Card
ORD-12995,2025-02-03,CUST-1053,Customer 1053,Furniture,Office Furniture,Reception Desk,South,Bengaluru,7,89163.9,0.1,31129.7,Credit Card
ORD-10781,2025-02-03,CUST-1486,Customer 1486,Technology,Accessories,USB Cable,East,Guwahati,3,42345.0,0.0,8882.1,Cash
ORD-11232,2025-02-03,CUST-1187,Customer 1187,Appliances,Small Appliances,Blender,North,Chandigarh,3,19890.0,0.15,6712.03,UPI
ORD-14219,2025-02-04,CUST-1794,Customer 1794,Appliances,Small Appliances,Toaster,South,Hyderabad,7,2719.15,0.15,446.5,Net Banking
ORD-14123,2025-02-04,CUST-1778,Customer 1778,Appliances,Small Appliances,Toaster,East,Kolkata,6,23830.2,0.1,10469.82,Credit Card
ORD-11280,2025-02-04,CUST-1424,Customer 1424,Appliances,Home Care,Vacuum Cleaner,East,Patna,3,65961.0,0.1,16583.22,Cash
ORD-13243,2025-02-04,CUST-1137,Customer 1137,Appliances,Home Care,Vacuum Cleaner,North,Delhi,6,91812.0,0.0,9267.33,Cash
ORD-13663,2025-02-04,CUST-1208,Customer 1208,Furniture,Tables,Office Desk,North,Lucknow,5,11515.5,0.1,2199.43,UPI
ORD-10692,2025-02-04,CUST-1488,Customer 1488,Furniture,Chairs,Visitor Chair,South,Kochi,5,59525.0,0.0,10670.42,Net Banking
ORD-11524,2025-02-04,CUST-1116,Customer 1116,Technology,Laptops,Business Laptop,North,Chandigarh,7,163343.95,0.05,48677.5,Credit Card
ORD-14283,2025-02-04,CUST-1451,Customer 1451,Furniture,Office Furniture,Workstation,North,Lucknow,5,10000.0,0.2,1544.09,UPI
ORD-13006,2025-02-05,CUST-1379,Customer 1379,Technology,Laptops,Laptop Air,South,Bengaluru,1,10594.8,0.1,1586.34,UPI
ORD-13587,2025-02-05,CUST-1702,Customer 1702,Technology,Phones,Smartphone A,North,Lucknow,5,86253.75,0.15,25209.69,Net Banking
ORD-14828,2025-02-05,CUST-1784,Customer 1784,Appliances,Home Care,Vacuum Cleaner,East,Guwahati,2,23793.7,0.05,3703.97,Credit Card
ORD-10639,2025-02-05,CUST-1481,Customer 1481,Furniture,Chairs,Visitor Chair,East,Kolkata,1,8492.05,0.05,3652.2,Cash
ORD-10492,2025-02-05,CUST-1520,Customer 1520,Technology,Laptops,Laptop Air,North,Lucknow,1,13404.5,0.05,3662.25,UPI
ORD-13225,2025-02-05,CUST-1062,Customer 1062,Furniture,Tables,Meeting Table,West,Pune,5,17152.25,0.05,7582.75,Net Banking
ORD-10403,2025-02-05,CUST-1045,Customer 1045,Office Supplies,Binders,File Binder,South,Chennai,4,64846.8,0.1,7690.19,UPI
ORD-10724,2025-02-05,CUST-1645,Customer 1645,Technology,Accessories,USB Cable,East,Patna,4,1831.6,0.05,536.54,Credit Card
ORD-11810,2025-02-05,CUST-1660,Customer 1660,Furniture,Storage,Filing Cabinet,North,Jaipur,1,14401.6,0.2,2783.34,Cash
ORD-12662,2025-02-05,CUST-1330,Customer 1330,Furniture,Office Furniture,Reception Desk,East,Patna,3,5493.6,0.2,1942.65,Cash
ORD-10186,2025-02-05,CUST-1097,Customer 1097,Technology,Phones,Smartphone A,South,Chennai,2,1687.2,0.05,531.03,Cash
ORD-14058,2025-02-05,CUST-1474,Customer 1474,Technology,Phones,Smartphone B,East,Kolkata,6,129729.6,0.1,27719.73,Cash
ORD-14222,2025-02-05,CUST-1715,Customer 1715,Appliances,Kitchen,Mixer Grinder,South,Bengaluru,2,8294.4,0.1,3283.0,Net Banking
ORD-14410,2025-02-05,CUST-1539,Customer 1539,Furniture,Office Furniture,Reception Desk,North,Lucknow,7,141491.7,0.1,36136.08,Net Banking
ORD-13022,2025-02-05,CUST-1251,Customer 1251,Furniture,Tables,Meeting Table,East,Bhubaneswar,4,61657.2,0.1,7802.44,Credit Card
ORD-14723,2025-02-05,CUST-1645,Customer 1645,Furniture,Tables,Office Desk,North,Chandigarh,3,47241.6,0.05,8762.4,UPI
ORD-12256,2025-02-05,CUST-1646,Customer 1646,Appliances,Home Care,Vacuum Cleaner,South,Bengaluru,1,2911.0,0.0,1271.16,UPI
ORD-14996,2025-02-05,CUST-1748,Customer 1748,Technology,Tablets,Tablet 10,North,Delhi,3,6173.55,0.15,2325.36,Credit Card
ORD-13723,2025-02-06,CUST-1292,Customer 1292,Appliances,Small Appliances,Blender,East,Kolkata,6,85904.7,0.05,37743.87,Credit Card
ORD-13946,2025-02-06,CUST-1265,Customer 1265,Furniture,Tables,Meeting Table,North,Delhi,7,136068.8,0.2,36406.13,Net Banking
ORD-11833,2025-02-06,CUST-1011,Customer 1011,Appliances,Small Appliances,Toaster,North,Lucknow,1,6216.8,0.05,1603.04,Cash
ORD-14554,2025-02-06,CUST-1209,Customer 1209,Technology,Tablets,Tablet Pro,East,Patna,1,12923.2,0.2,4151.21,Debit Card
ORD-14813,2025-02-06,CUST-1572,Customer 1572,Furniture,Office Furniture,Workstation,West,Mumbai,1,1496.85,0.15,428.54,Debit Card
ORD-12739,2025-02-06,CUST-1416,Customer 1416,Appliances,Fans,Ceiling Fan,South,Hyderabad,6,87604.2,0.1,23530.67,Debit Card
ORD-12555,2025-02-06,CUST-1030,Customer 1030,Technology,Phones,Smartphone B,West,Surat,7,28772.1,0.1,5560.11,Net Banking
ORD-11970,2025-02-06,CUST-1523,Customer 1523,Technology,Laptops,Laptop Pro,East,Guwahati,4,52982.2,0.15,17478.96,Debit Card
ORD-11521,2025-02-06,CUST-1509,Customer 1509,Furniture,Storage,Bookshelf,South,Bengaluru,4,1596.0,0.05,691.5,Cash
ORD-14985,2025-02-06,CUST-1462,Customer 1462,Appliances,Home Care,Vacuum Cleaner,West,Mumbai,4,48315.6,0.1,8822.4,Credit Card
ORD-13672,2025-02-06,CUST-1492,Customer 1492,Furniture,Tables,Office Desk,North,Delhi,1,8879.0,0.0,1090.58,Debit Card
ORD-10741,2025-02-06,CUST-1717,Customer 1717,Office Supplies,Pens,Gel Pen,West,Pune,7,26929.0,0.0,4097.0,Cash
ORD-10605,2025-02-06,CUST-1370,Customer 1370,Office Supplies,Binders,Ring Binder,West,Ahmedabad,7,163623.25,0.05,38279.19,Credit Card
ORD-13694,2025-02-06,CUST-1364,Customer 1364,Appliances,Fans,Table Fan,North,Delhi,7,114878.4,0.2,43394.26,UPI
ORD-11591,2025-02-06,CUST-1561,Customer 1561,Appliances,Fans,Table Fan,North,Lucknow,3,45943.35,0.15,19621.84,Debit Card
ORD-10886,2025-02-06,CUST-1581,Customer 1581,Technology,Laptops,Laptop Pro,West,Ahmedabad,3,53978.4,0.1,22596.74,Debit Card
ORD-10706,2025-02-06,CUST-1101,Customer 1101,Technology,Phones,Smartphone C,West,Ahmedabad,6,30612.0,0.0,10740.61,Debit Card
ORD-14765,2025-02-07,CUST-1582,Customer 1582,Office Supplies,Binders,File Binder,South,Bengaluru,5,104590.25,0.05,36066.41,Debit Card
ORD-12345,2025-02-07,CUST-1763,Customer 1763,Technology,Accessories,Keyboard,East,Patna,5,92135.75,0.05,28263.06,Cash
ORD-14538,2025-02-07,CUST-1067,Customer 1067,Office Supplies,Binders,File Binder,South,Chennai,2,9294.0,0.0,3805.29,Cash
ORD-13491,2025-02-07,CUST-1751,Customer 1751,Office Supplies,Binders,File Binder,North,Delhi,3,23849.1,0.1,9118.84,Debit Card
ORD-12275,2025-02-07,CUST-1772,Customer 1772,Appliances,Kitchen,Electric Kettle,South,Chennai,5,74074.5,0.1,10845.53,Cash
ORD-10381,2025-02-07,CUST-1224,Customer 1224,Appliances,Kitchen,Mixer Grinder,North,Chandigarh,4,76292.0,0.0,15278.66,Net Banking
ORD-13121,2025-02-07,CUST-1611,Customer 1611,Appliances,Kitchen,Mixer Grinder,North,Jaipur,3,51534.9,0.1,11464.48,UPI
ORD-14853,2025-02-07,CUST-1238,Customer 1238,Technology,Laptops,Business Laptop,South,Hyderabad,4,45975.6,0.1,20119.72,Cash
ORD-10746,2025-02-07,CUST-1295,Customer 1295,Furniture,Chairs,Visitor Chair,East,Bhubaneswar,6,130712.4,0.1,35983.26,Debit Card
ORD-12567,2025-02-07,CUST-1310,Customer 1310,Appliances,Small Appliances,Toaster,South,Chennai,7,120783.95,0.05,51812.58,Net Banking
ORD-10944,2025-02-07,CUST-1670,Customer 1670,Technology,Tablets,Tablet Pro,West,Mumbai,5,86008.25,0.05,21940.66,Credit Card
ORD-12464,2025-02-07,CUST-1420,Customer 1420,Furniture,Chairs,Visitor Chair,East,Kolkata,1,16561.6,0.2,4937.43,Debit Card
ORD-10836,2025-02-07,CUST-1571,Customer 1571,Appliances,Kitchen,Electric Kettle,South,Chennai,4,47721.6,0.2,12403.33,Credit Card
ORD-13262,2025-02-08,CUST-1576,Customer 1576,Appliances,Fans,Table Fan,South,Hyderabad,7,111378.4,0.2,33593.94,Net Banking
ORD-14614,2025-02-08,CUST-1671,Customer 1671,Technology,Accessories,Keyboard,East,Bhubaneswar,6,14428.8,0.1,3181.87,Net Banking
ORD-12183,2025-02-08,CUST-1621,Customer 1621,Office Supplies,Paper,A4 Paper,East,Guwahati,1,19834.2,0.1,6493.33,Credit Card
ORD-13681,2025-02-08,CUST-1614,Customer 1614,Technology,Accessories,Keyboard,South,Bengaluru,5,12076.0,0.2,4281.65,Credit Card
ORD-14742,2025-02-08,CUST-1115,Customer 1115,Furniture,Office Furniture,Workstation,East,Patna,1,6160.5,0.1,2010.65,Debit Card
ORD-11092,2025-02-08,CUST-1659,Customer 1659,Office Supplies,Organizers,Desk Organizer,North,Delhi,1,11126.5,0.15,3638.02,Credit Card
ORD-10777,2025-02-08,CUST-1180,Customer 1180,Technology,Tablets,Tablet Pro,South,Hyderabad,4,89835.8,0.05,27420.71,Net Banking
ORD-14461,2025-02-08,CUST-1246,Customer 1246,Furniture,Tables,Meeting Table,South,Chennai,6,1539.0,0.1,196.18,Debit Card
ORD-12349,2025-02-08,CUST-1106,Customer 1106,Appliances,Kitchen,Mixer Grinder,East,Guwahati,1,18917.6,0.15,3106.02,Cash
ORD-13630,2025-02-08,CUST-1511,Customer 1511,Appliances,Home Care,Air Purifier,West,Pune,7,72268.0,0.2,27782.72,Debit Card
ORD-14794,2025-02-09,CUST-1638,Customer 1638,Office Supplies,Binders,Ring Binder,South,Chennai,4,972.4,0.15,181.08,Net Banking
ORD-11079,2025-02-09,CUST-1696,Customer 1696,Furniture,Chairs,Visitor Chair,West,Surat,4,59724.0,0.1,21051.06,UPI
ORD-13515,2025-02-09,CUST-1487,Customer 1487,Appliances,Fans,Ceiling Fan,South,Hyderabad,5,21380.0,0.0,8556.18,UPI
ORD-11345,2025-02-09,CUST-1627,Customer 1627,Office Supplies,Binders,File Binder,West,Surat,2,20158.6,0.15,3807.39,Cash
ORD-14833,2025-02-09,CUST-1264,Customer 1264,Appliances,Home Care,Vacuum Cleaner,South,Chennai,6,72686.4,0.2,21244.28,Debit Card
ORD-10263,2025-02-09,CUST-1627,Customer 1627,Technology,Tablets,Tablet 10,East,Patna,7,55317.15,0.15,11014.79,Debit Card
ORD-12815,2025-02-09,CUST-1095,Customer 1095,Appliances,Kitchen,Mixer Grinder,South,Bengaluru,5,27450.0,0.1,4379.82,Credit Card
ORD-10224,2025-02-10,CUST-1413,Customer 1413,Appliances,Home Care,Vacuum Cleaner,North,Chandigarh,4,25308.0,0.0,6492.93,UPI
ORD-11860,2025-02-10,CUST-1142,Customer 1142,Technology,Laptops,Laptop Pro,West,Surat,3,36837.6,0.2,8839.06,Debit Card
ORD-11122,2025-02-10,CUST-1035,Customer 1035,Office Supplies,Paper,Premium Paper,West,Pune,3,10743.15,0.15,1392.12,Debit Card
ORD-13259,2025-02-10,CUST-1776,Customer 1776,Technology,Tablets,Tablet Pro,East,Patna,4,84488.0,0.0,20132.86,UPI
ORD-12295,2025-02-10,CUST-1717,Customer 1717,Appliances,Home Care,Air Purifier,West,Mumbai,5,88995.0,0.15,27833.48,UPI
ORD-13065,2025-02-10,CUST-1053,Customer 1053,Furniture,Tables,Office Desk,East,Guwahati,6,11126.4,0.05,4803.18,UPI
ORD-13852,2025-02-10,CUST-1152,Customer 1152,Technology,Accessories,Headphones,West,Ahmedabad,3,29480.55,0.15,6225.65,UPI
ORD-14634,2025-02-10,CUST-1746,Customer 1746,Technology,Accessories,Wireless Mouse,South,Kochi,2,20265.6,0.2,5351.51,Cash
ORD-13469,2025-02-10,CUST-1202,Customer 1202,Office Supplies,Binders,File Binder,West,Pune,1,8845.2,0.1,1538.29,Net Banking
ORD-10386,2025-02-10,CUST-1578,Customer 1578,Appliances,Kitchen,Electric Kettle,South,Bengaluru,2,13782.6,0.05,5985.86,UPI
ORD-12975,2025-02-10,CUST-1398,Customer 1398,Technology,Tablets,Tablet Pro,North,Chandigarh,6,8791.2,0.1,2215.59,Credit Card
ORD-12026,2025-02-10,CUST-1785,Customer 1785,Furniture,Office Furniture,Reception Desk,North,Lucknow,1,1773.6,0.2,708.11,Net Banking
ORD-12331,2025-02-10,CUST-1200,Customer 1200,Appliances,Fans,Ceiling Fan,West,Ahmedabad,3,48769.2,0.05,16664.9,UPI
ORD-13032,2025-02-10,CUST-1724,Customer 1724,Appliances,Fans,Table Fan,East,Bhubaneswar,5,89103.75,0.25,35344.7,Cash
ORD-11735,2025-02-10,CUST-1642,Customer 1642,Technology,Accessories,USB Cable,South,Kochi,1,17945.5,0.05,6841.0,UPI
ORD-13433,2025-02-10,CUST-1359,Customer 1359,Technology,Phones,Smartphone C,West,Ahmedabad,6,4595.4,0.1,515.22,Credit Card
ORD-12015,2025-02-10,CUST-1746,Customer 1746,Furniture,Office Furniture,Reception Desk,West,Ahmedabad,1,9941.4,0.1,3766.57,Debit Card
ORD-14732,2025-02-11,CUST-1652,Customer 1652,Technology,Phones,Smartphone C,West,Mumbai,1,5547.05,0.05,2411.52,Credit Card
ORD-10914,2025-02-11,CUST-1578,Customer 1578,Furniture,Chairs,Visitor Chair,South,Kochi,4,56357.8,0.05,9615.65,Cash
ORD-13783,2025-02-11,CUST-1229,Customer 1229,Appliances,Fans,Ceiling Fan,East,Patna,5,42142.5,0.1,18026.74,Debit Card
ORD-10979,2025-02-11,CUST-1134,Customer 1134,Appliances,Home Care,Vacuum Cleaner,East,Patna,2,34376.0,0.0,7294.28,Net Banking
ORD-12604,2025-02-11,CUST-1245,Customer 1245,Technology,Accessories,Keyboard,East,Patna,7,58458.75,0.15,8034.85,Debit Card
ORD-14244,2025-02-11,CUST-1339,Customer 1339,Office Supplies,Organizers,Desk Organizer,South,Hyderabad,5,82390.5,0.1,31029.29,Cash
ORD-11177,2025-02-11,CUST-1608,Customer 1608,Office Supplies,Organizers,Desk Organizer,South,Bengaluru,6,79896.6,0.15,32760.46,Credit Card
ORD-12291,2025-02-11,CUST-1151,Customer 1151,Furniture,Office Furniture,Reception Desk,South,Hyderabad,1,19065.6,0.1,2220.16,Cash
ORD-13713,2025-02-11,CUST-1115,Customer 1115,Technology,Tablets,Tablet Pro,West,Mumbai,2,16187.2,0.2,3531.59,Debit Card
ORD-11099,2025-02-11,CUST-1577,Customer 1577,Furniture,Storage,Storage Box,West,Ahmedabad,1,10055.7,0.1,1865.12,Net Banking
ORD-12664,2025-02-11,CUST-1409,Customer 1409,Office Supplies,Pens,Marker,East,Guwahati,2,8214.0,0.0,1764.26,Credit Card
ORD-11291,2025-02-12,CUST-1368,Customer 1368,Technology,Tablets,Tablet Pro,West,Surat,2,43846.3,0.05,8370.28,Net Banking
ORD-11790,2025-02-12,CUST-1679,Customer 1679,Furniture,Storage,Filing Cabinet,East,Guwahati,6,51078.6,0.1,8168.64,Credit Card
ORD-12977,2025-02-12,CUST-1316,Customer 1316,Appliances,Kitchen,Mixer Grinder,North,Lucknow,6,37775.7,0.15,11629.95,Credit Card
ORD-13847,2025-02-12,CUST-1629,Customer 1629,Appliances,Fans,Table Fan,South,Hyderabad,4,21433.6,0.15,2842.44,Debit Card
ORD-13709,2025-02-12,CUST-1476,Customer 1476,Technology,Phones,Smartphone B,North,Lucknow,4,2988.8,0.2,1214.92,Cash
ORD-13757,2025-02-12,CUST-1795,Customer 1795,Office Supplies,Organizers,Document Tray,South,Bengaluru,4,36505.8,0.15,5901.55,Debit Card
ORD-13436,2025-02-12,CUST-1549,Customer 1549,Office Supplies,Pens,Marker,South,Kochi,7,80366.65,0.15,27136.32,Net Banking
ORD-11130,2025-02-12,CUST-1750,Customer 1750,Furniture,Tables,Meeting Table,West,Pune,7,67583.95,0.05,30306.82,Credit Card
ORD-14344,2025-02-12,CUST-1358,Customer 1358,Office Supplies,Organizers,Desk Organizer,North,Lucknow,6,30709.8,0.1,4838.99,UPI
ORD-12376,2025-02-12,CUST-1225,Customer 1225,Appliances,Home Care,Vacuum Cleaner,North,Lucknow,3,19351.5,0.05,3575.41,Cash
ORD-10319,2025-02-12,CUST-1788,Customer 1788,Office Supplies,Paper,Premium Paper,South,Hyderabad,2,36329.4,0.1,13618.92,Net Banking
ORD-12442,2025-02-13,CUST-1570,Customer 1570,Furniture,Office Furniture,Reception Desk,North,Lucknow,6,27658.8,0.1,11316.21,Debit Card
ORD-10645,2025-02-13,CUST-1058,Customer 1058,Appliances,Small Appliances,Blender,North,Chandigarh,4,4680.0,0.0,587.99,Credit Card
ORD-14095,2025-02-13,CUST-1733,Customer 1733,Furniture,Storage,Filing Cabinet,North,Jaipur,4,14827.4,0.15,3372.27,Cash
ORD-12795,2025-02-13,CUST-1245,Customer 1245,Appliances,Kitchen,Electric Kettle,South,Bengaluru,1,6330.4,0.2,1686.74,Credit Card
ORD-14452,2025-02-13,CUST-1089,Customer 1089,Appliances,Small Appliances,Blender,South,Hyderabad,7,169246.0,0.0,51336.12,Net Banking
ORD-13151,2025-02-13,CUST-1245,Customer 1245,Technology,Tablets,Tablet 10,South,Chennai,7,129967.6,0.05,27938.62,UPI
ORD-14458,2025-02-13,CUST-1360,Customer 1360,Technology,Phones,Smartphone A,West,Ahmedabad,7,110958.4,0.2,13075.3,UPI
ORD-13373,2025-02-13,CUST-1069,Customer 1069,Appliances,Small Appliances,Toaster,East,Guwahati,7,4907.7,0.05,1098.41,Cash
ORD-12636,2025-02-13,CUST-1141,Customer 1141,Furniture,Storage,Bookshelf,West,Surat,6,104500.8,0.2,16548.14,Credit Card
ORD-11884,2025-02-13,CUST-1599,Customer 1599,Technology,Laptops,Laptop Pro,South,Hyderabad,5,76767.75,0.15,28326.63,Credit Card
ORD-11685,2025-02-13,CUST-1748,Customer 1748,Office Supplies,Binders,File Binder,East,Bhubaneswar,2,25437.6,0.1,11169.38,Credit Card
ORD-11208,2025-02-13,CUST-1539,Customer 1539,Furniture,Storage,Bookshelf,North,Delhi,5,1368.0,0.1,291.6,Debit Card
ORD-11069,2025-02-13,CUST-1550,Customer 1550,Technology,Accessories,Wireless Mouse,South,Chennai,2,26436.0,0.25,11096.69,Credit Card
ORD-13496,2025-02-13,CUST-1274,Customer 1274,Technology,Phones,Smartphone C,North,Lucknow,1,15062.0,0.15,5016.74,UPI
ORD-10594,2025-02-13,CUST-1190,Customer 1190,Appliances,Home Care,Air Purifier,North,Chandigarh,2,4338.4,0.15,1186.92,Debit Card
ORD-12816,2025-02-13,CUST-1382,Customer 1382,Appliances,Home Care,Vacuum Cleaner,South,Hyderabad,4,68652.0,0.1,6998.22,Cash
ORD-14952,2025-02-13,CUST-1513,Customer 1513,Furniture,Office Furniture,Reception Desk,North,Delhi,6,77069.7,0.05,20668.52,Cash
ORD-13252,2025-02-13,CUST-1539,Customer 1539,Office Supplies,Paper,Premium Paper,North,Delhi,4,47729.2,0.15,13187.71,Net Banking
ORD-14019,2025-02-13,CUST-1759,Customer 1759,Technology,Tablets,Tablet Pro,North,Delhi,7,66570.0,0.0,18891.13,Debit Card
ORD-11062,2025-02-13,CUST-1670,Customer 1670,Technology,Laptops,Laptop Air,South,Bengaluru,4,83286.0,0.1,27658.66,Credit Card
ORD-10226,2025-02-13,CUST-1301,Customer 1301,Furniture,Office Furniture,Reception Desk,East,Guwahati,4,8846.8,0.15,1736.01,Cash
ORD-13027,2025-02-13,CUST-1672,Customer 1672,Technology,Accessories,Keyboard,West,Mumbai,4,86884.0,0.0,20631.44,Net Banking
ORD-13449,2025-02-13,CUST-1797,Customer 1797,Appliances,Small Appliances,Blender,North,Lucknow,2,23392.0,0.2,7784.25,Cash
ORD-13882,2025-02-14,CUST-1171,Customer 1171,Appliances,Home Care,Air Purifier,South,Kochi,2,24772.8,0.2,6935.5,Cash
ORD-11201,2025-02-14,CUST-1417,Customer 1417,Technology,Laptops,Laptop Pro,West,Surat,5,61446.0,0.05,12018.3,Debit Card
ORD-14877,2025-02-14,CUST-1298,Customer 1298,Appliances,Kitchen,Electric Kettle,North,Jaipur,2,6784.9,0.05,2290.44,Debit Card
ORD-12675,2025-02-14,CUST-1290,Customer 1290,Office Supplies,Binders,File Binder,North,Jaipur,3,44554.05,0.05,17657.32,UPI
ORD-13119,2025-02-14,CUST-1625,Customer 1625,Appliances,Fans,Ceiling Fan,West,Surat,1,16635.6,0.1,4223.25,Cash
ORD-12806,2025-02-14,CUST-1026,Customer 1026,Office Supplies,Binders,Ring Binder,West,Pune,4,72374.8,0.05,30262.52,Credit Card
ORD-11946,2025-02-14,CUST-1373,Customer 1373,Appliances,Small Appliances,Toaster,East,Bhubaneswar,2,1256.3,0.15,507.19,Debit Card
ORD-13501,2025-02-14,CUST-1746,Customer 1746,Office Supplies,Binders,Ring Binder,East,Patna,7,138968.2,0.15,23631.49,Net Banking
ORD-10676,2025-02-14,CUST-1605,Customer 1605,Technology,Accessories,Headphones,East,Patna,2,35064.0,0.0,8759.59,Debit Card
ORD-14605,2025-02-14,CUST-1359,Customer 1359,Furniture,Storage,Filing Cabinet,North,Jaipur,5,85493.0,0.15,17468.68,UPI
ORD-12491,2025-02-14,CUST-1391,Customer 1391,Office Supplies,Organizers,Document Tray,South,Kochi,7,117538.75,0.05,14946.29,Cash
ORD-10897,2025-02-14,CUST-1326,Customer 1326,Furniture,Office Furniture,Reception Desk,West,Ahmedabad,1,3490.3,0.05,1158.93,Credit Card
ORD-11437,2025-02-14,CUST-1113,Customer 1113,Furniture,Tables,Meeting Table,East,Patna,7,144459.0,0.1,64840.65,Cash
ORD-14209,2025-02-14,CUST-1688,Customer 1688,Appliances,Kitchen,Mixer Grinder,South,Hyderabad,5,38921.5,0.05,13487.19,Net Banking
ORD-13929,2025-02-14,CUST-1446,Customer 1446,Technology,Tablets,Tablet 10,West,Mumbai,4,53295.0,0.15,10245.53,UPI
ORD-14307,2025-02-15,CUST-1332,Customer 1332,Appliances,Home Care,Air Purifier,North,Lucknow,6,59404.8,0.2,11699.59,UPI
ORD-10306,2025-02-15,CUST-1671,Customer 1671,Technology,Accessories,Headphones,West,Mumbai,7,32760.0,0.2,7643.23,Net Banking
ORD-12528,2025-02-15,CUST-1164,Customer 1164,Technology,Accessories,Wireless Mouse,West,Ahmedabad,6,5538.6,0.15,2217.91,Debit Card
ORD-11236,2025-02-15,CUST-1227,Customer 1227,Appliances,Fans,Table Fan,North,Chandigarh,5,102000.0,0.15,34922.15,Credit Card
ORD-13832,2025-02-15,CUST-1579,Customer 1579,Furniture,Chairs,Visitor Chair,West,Mumbai,5,86350.5,0.1,18428.06,UPI
ORD-11586,2025-02-15,CUST-1770,Customer 1770,Furniture,Storage,Filing Cabinet,West,Ahmedabad,7,113225.0,0.0,42606.07,Debit Card
ORD-14116,2025-02-15,CUST-1273,Customer 1273,Office Supplies,Paper,Premium Paper,West,Pune,1,17497.25,0.15,5503.68,UPI
ORD-12219,2025-02-15,CUST-1607,Customer 1607,Appliances,Fans,Ceiling Fan,North,Jaipur,6,104388.0,0.0,30441.25,Cash
ORD-12097,2025-02-15,CUST-1722,Customer 1722,Furniture,Storage,Filing Cabinet,East,Bhubaneswar,5,60988.0,0.2,8403.65,Net Banking
ORD-10274,2025-02-15,CUST-1190,Customer 1190,Appliances,Fans,Table Fan,East,Kolkata,2,28522.8,0.1,7212.51,UPI
ORD-12615,2025-02-15,CUST-1483,Customer 1483,Furniture,Storage,Bookshelf,East,Guwahati,1,14605.6,0.2,4223.94,Credit Card
ORD-13244,2025-02-15,CUST-1640,Customer 1640,Furniture,Storage,Filing Cabinet,East,Guwahati,7,21401.1,0.1,9171.31,Credit Card
ORD-13987,2025-02-15,CUST-1658,Customer 1658,Appliances,Small Appliances,Toaster,North,Jaipur,6,122277.6,0.1,15574.88,Net Banking
ORD-12864,2025-02-15,CUST-1743,Customer 1743,Office Supplies,Binders,Ring Binder,South,Bengaluru,5,123895.0,0.0,34908.71,Credit Card
ORD-10579,2025-02-15,CUST-1650,Customer 1650,Furniture,Office Furniture,Workstation,South,Kochi,3,4860.0,0.2,1842.35,Net Banking
ORD-11186,2025-02-15,CUST-1211,Customer 1211,Appliances,Kitchen,Electric Kettle,East,Kolkata,3,48045.0,0.0,20810.97,Debit Card
ORD-14976,2025-02-15,CUST-1051,Customer 1051,Furniture,Storage,Filing Cabinet,West,Mumbai,1,6062.4,0.1,1242.45,Net Banking
ORD-12767,2025-02-16,CUST-1335,Customer 1335,Furniture,Chairs,Visitor Chair,East,Kolkata,7,101173.1,0.05,36948.58,Debit Card
ORD-13431,2025-02-16,CUST-1236,Customer 1236,Office Supplies,Pens,Marker,West,Mumbai,3,8205.9,0.15,2196.66,UPI
ORD-14799,2025-02-16,CUST-1794,Customer 1794,Appliances,Kitchen,Electric Kettle,East,Guwahati,1,8739.75,0.25,3248.41,Credit Card
ORD-14106,2025-02-16,CUST-1114,Customer 1114,Technology,Accessories,Wireless Mouse,West,Mumbai,1,14341.5,0.1,2140.09,Net Banking
ORD-12730,2025-02-16,CUST-1189,Customer 1189,Technology,Laptops,Laptop Pro,South,Bengaluru,2,2369.3,0.05,949.45,UPI
ORD-14555,2025-02-16,CUST-1301,Customer 1301,Technology,Accessories,Headphones,East,Guwahati,2,14970.2,0.15,5314.25,Debit Card
ORD-13505,2025-02-16,CUST-1251,Customer 1251,Technology,Laptops,Laptop Pro,East,Bhubaneswar,3,37511.7,0.05,5320.65,Cash
ORD-11926,2025-02-16,CUST-1612,Customer 1612,Technology,Laptops,Laptop Pro,East,Bhubaneswar,6,97017.3,0.15,37205.33,UPI
ORD-14524,2025-02-16,CUST-1158,Customer 1158,Office Supplies,Pens,Marker,East,Patna,6,28452.0,0.0,7868.74,Net Banking
ORD-10767,2025-02-16,CUST-1080,Customer 1080,Technology,Accessories,Headphones,West,Surat,2,34516.8,0.1,13408.25,Net Banking
ORD-11718,2025-02-16,CUST-1157,Customer 1157,Office Supplies,Pens,Ball Pen,West,Mumbai,7,53865.35,0.15,16854.58,Debit Card
ORD-14606,2025-02-16,CUST-1539,Customer 1539,Furniture,Tables,Meeting Table,West,Mumbai,1,23143.9,0.05,7741.83,Credit Card
ORD-12660,2025-02-16,CUST-1398,Customer 1398,Appliances,Home Care,Air Purifier,West,Pune,5,53956.0,0.2,8547.26,Debit Card
ORD-11703,2025-02-16,CUST-1751,Customer 1751,Office Supplies,Binders,File Binder,East,Guwahati,5,45549.0,0.1,14546.19,Debit Card
ORD-11323,2025-02-16,CUST-1419,Customer 1419,Technology,Accessories,Wireless Mouse,South,Hyderabad,2,8236.8,0.2,1618.51,Cash
ORD-14112,2025-02-17,CUST-1593,Customer 1593,Furniture,Storage,Bookshelf,South,Bengaluru,7,114615.9,0.1,28478.07,Net Banking
ORD-10003,2025-02-17,CUST-1084,Customer 1084,Technology,Laptops,Business Laptop,North,Lucknow,3,64773.0,0.0,22141.42,Net Banking
ORD-13010,2025-02-17,CUST-1376,Customer 1376,Technology,Accessories,Wireless Mouse,East,Guwahati,1,20978.0,0.15,5917.12,Cash
ORD-12633,2025-02-17,CUST-1385,Customer 1385,Technology,Phones,Smartphone B,South,Chennai,7,104208.3,0.1,25869.79,Cash
ORD-12335,2025-02-17,CUST-1436,Customer 1436,Technology,Accessories,Headphones,North,Chandigarh,7,96371.8,0.05,28103.89,UPI
ORD-10049,2025-02-17,CUST-1549,Customer 1549,Furniture,Tables,Meeting Table,North,Delhi,1,11045.7,0.1,2438.71,Cash
ORD-14128,2025-02-17,CUST-1175,Customer 1175,Office Supplies,Pens,Ball Pen,North,Jaipur,2,4783.5,0.25,1206.65,Debit Card
ORD-10163,2025-02-17,CUST-1006,Customer 1006,Appliances,Kitchen,Mixer Grinder,East,Bhubaneswar,7,94063.2,0.2,38834.96,Net Banking
ORD-14372,2025-02-17,CUST-1478,Customer 1478,Appliances,Kitchen,Electric Kettle,East,Patna,4,74195.2,0.2,29280.96,Net Banking
ORD-11607,2025-02-17,CUST-1662,Customer 1662,Furniture,Chairs,Ergonomic Chair,East,Kolkata,3,40866.3,0.15,10765.83,Net Banking
ORD-13242,2025-02-17,CUST-1419,Customer 1419,Appliances,Home Care,Air Purifier,West,Ahmedabad,1,21320.1,0.1,3596.29,Net Banking
ORD-10785,2025-02-17,CUST-1625,Customer 1625,Furniture,Office Furniture,Workstation,North,Jaipur,7,110241.6,0.2,49331.18,Net Banking
ORD-14570,2025-02-17,CUST-1412,Customer 1412,Office Supplies,Binders,File Binder,South,Kochi,6,111396.6,0.1,28370.83,Debit Card
ORD-11799,2025-02-17,CUST-1789,Customer 1789,Office Supplies,Binders,Ring Binder,West,Ahmedabad,6,115434.0,0.0,18650.12,UPI
ORD-10752,2025-02-18,CUST-1034,Customer 1034,Technology,Tablets,Tablet Pro,North,Lucknow,2,31149.1,0.15,3423.98,Debit Card
ORD-10687,2025-02-18,CUST-1179,Customer 1179,Furniture,Chairs,Office Chair,North,Lucknow,5,33511.5,0.1,7960.28,UPI
ORD-11690,2025-02-18,CUST-1071,Customer 1071,Appliances,Kitchen,Mixer Grinder,North,Jaipur,1,11313.9,0.1,4178.37,Debit Card
ORD-14477,2025-02-18,CUST-1446,Customer 1446,Office Supplies,Pens,Ball Pen,East,Bhubaneswar,4,77136.2,0.05,34615.0,Cash
ORD-14960,2025-02-18,CUST-1575,Customer 1575,Appliances,Home Care,Vacuum Cleaner,North,Chandigarh,4,60253.2,0.1,15319.96,Cash
ORD-10034,2025-02-18,CUST-1355,Customer 1355,Furniture,Tables,Study Table,East,Bhubaneswar,6,129378.0,0.0,41103.88,Debit Card
ORD-10616,2025-02-18,CUST-1480,Customer 1480,Office Supplies,Binders,File Binder,West,Mumbai,5,21267.0,0.1,5715.03,Debit Card
ORD-10642,2025-02-18,CUST-1136,Customer 1136,Furniture,Office Furniture,Reception Desk,West,Pune,7,90939.8,0.15,11086.49,Cash
ORD-10443,2025-02-19,CUST-1429,Customer 1429,Technology,Accessories,Wireless Mouse,West,Surat,7,48950.65,0.15,18375.02,Credit Card
ORD-13288,2025-02-19,CUST-1076,Customer 1076,Furniture,Tables,Meeting Table,West,Mumbai,4,30560.0,0.2,10477.38,Cash
ORD-13212,2025-02-19,CUST-1421,Customer 1421,Appliances,Kitchen,Mixer Grinder,North,Delhi,5,66193.75,0.15,19657.87,Credit Card
ORD-12214,2025-02-19,CUST-1503,Customer 1503,Office Supplies,Organizers,Desk Organizer,West,Pune,5,7135.0,0.0,2612.44,Credit Card
ORD-12888,2025-02-19,CUST-1658,Customer 1658,Furniture,Tables,Office Desk,East,Patna,3,28595.7,0.1,12378.95,Credit Card
ORD-12048,2025-02-19,CUST-1457,Customer 1457,Office Supplies,Organizers,Desk Organizer,East,Guwahati,4,57098.8,0.05,16435.85,UPI
ORD-12872,2025-02-19,CUST-1634,Customer 1634,Furniture,Storage,Storage Box,North,Chandigarh,4,80557.2,0.1,27051.4,Net Banking
ORD-14464,2025-02-19,CUST-1310,Customer 1310,Office Supplies,Paper,A4 Paper,South,Hyderabad,2,47590.0,0.0,15135.67,Net Banking
ORD-10708,2025-02-20,CUST-1473,Customer 1473,Appliances,Fans,Table Fan,North,Lucknow,3,40024.8,0.15,8426.45,Net Banking
ORD-12229,2025-02-20,CUST-1485,Customer 1485,Technology,Laptops,Business Laptop,North,Chandigarh,6,55470.0,0.0,18594.73,Credit Card
ORD-11066,2025-02-20,CUST-1511,Customer 1511,Office Supplies,Paper,Premium Paper,West,Pune,1,12231.9,0.1,3483.74,Credit Card
ORD-10864,2025-02-20,CUST-1637,Customer 1637,Furniture,Office Furniture,Workstation,North,Jaipur,3,27818.1,0.1,3619.13,Credit Card
ORD-13194,2025-02-20,CUST-1424,Customer 1424,Technology,Phones,Smartphone A,East,Bhubaneswar,7,104490.4,0.2,10506.93,Credit Card
ORD-14857,2025-02-20,CUST-1150,Customer 1150,Technology,Laptops,Business Laptop,East,Kolkata,6,102412.8,0.2,16428.35,Debit Card
ORD-12540,2025-02-20,CUST-1684,Customer 1684,Office Supplies,Binders,File Binder,West,Ahmedabad,2,27793.3,0.15,3637.04,Credit Card
ORD-14550,2025-02-20,CUST-1402,Customer 1402,Appliances,Fans,Table Fan,East,Patna,2,14542.6,0.05,3680.48,Credit Card
ORD-12009,2025-02-20,CUST-1027,Customer 1027,Technology,Phones,Smartphone A,North,Delhi,5,71226.25,0.05,23222.65,Credit Card
ORD-14341,2025-02-20,CUST-1286,Customer 1286,Appliances,Small Appliances,Blender,North,Jaipur,2,19737.0,0.15,8164.42,UPI
ORD-12078,2025-02-20,CUST-1387,Customer 1387,Office Supplies,Paper,Premium Paper,West,Ahmedabad,5,91156.5,0.1,13660.03,Net Banking
ORD-14971,2025-02-20,CUST-1474,Customer 1474,Appliances,Fans,Ceiling Fan,North,Delhi,1,3064.7,0.05,1051.38,Net Banking
ORD-14242,2025-02-20,CUST-1048,Customer 1048,Office Supplies,Binders,Ring Binder,West,Ahmedabad,3,7026.0,0.0,2770.99,Debit Card
ORD-10377,2025-02-20,CUST-1673,Customer 1673,Appliances,Kitchen,Electric Kettle,North,Jaipur,2,8957.3,0.15,3367.7,Debit Card
ORD-14697,2025-02-20,CUST-1767,Customer 1767,Office Supplies,Pens,Marker,West,Pune,7,59909.85,0.05,13470.43,Credit Card
ORD-13600,2025-02-21,CUST-1667,Customer 1667,Technology,Accessories,Wireless Mouse,East,Kolkata,1,10955.4,0.05,1789.66,Cash
ORD-10440,2025-02-21,CUST-1389,Customer 1389,Office Supplies,Organizers,Document Tray,West,Pune,7,116627.0,0.0,44747.07,Cash
ORD-12425,2025-02-21,CUST-1274,Customer 1274,Office Supplies,Paper,Premium Paper,South,Kochi,4,70892.8,0.05,31235.13,Debit Card
ORD-12176,2025-02-21,CUST-1759,Customer 1759,Office Supplies,Organizers,Desk Organizer,South,Kochi,3,20915.1,0.15,4358.93,Cash
ORD-12822,2025-02-21,CUST-1428,Customer 1428,Office Supplies,Pens,Gel Pen,West,Ahmedabad,6,8868.0,0.0,3804.34,Debit Card
ORD-11287,2025-02-21,CUST-1002,Customer 1002,Furniture,Chairs,Office Chair,East,Kolkata,7,57141.0,0.25,12747.15,UPI
ORD-12921,2025-02-21,CUST-1772,Customer 1772,Technology,Accessories,Headphones,South,Chennai,7,117033.35,0.05,36569.05,Credit Card
ORD-13404,2025-02-21,CUST-1139,Customer 1139,Appliances,Fans,Ceiling Fan,North,Chandigarh,7,30128.0,0.0,9016.0,Cash
ORD-10425,2025-02-21,CUST-1053,Customer 1053,Appliances,Fans,Table Fan,West,Ahmedabad,2,43530.0,0.0,15028.93,Cash
ORD-11441,2025-02-21,CUST-1174,Customer 1174,Technology,Phones,Smartphone C,North,Jaipur,7,141148.0,0.0,60780.31,Debit Card
ORD-14924,2025-02-21,CUST-1499,Customer 1499,Furniture,Tables,Meeting Table,North,Chandigarh,3,5717.25,0.25,1788.07,Net Banking
ORD-14263,2025-02-21,CUST-1695,Customer 1695,Office Supplies,Binders,Ring Binder,East,Kolkata,7,165558.4,0.05,65556.04,Net Banking
ORD-11904,2025-02-21,CUST-1517,Customer 1517,Technology,Laptops,Business Laptop,North,Chandigarh,3,28492.8,0.2,2980.61,Net Banking
ORD-12699,2025-02-21,CUST-1041,Customer 1041,Appliances,Kitchen,Mixer Grinder,South,Kochi,7,88365.2,0.05,17960.0,Cash
ORD-13689,2025-02-22,CUST-1271,Customer 1271,Furniture,Tables,Meeting Table,North,Chandigarh,2,34516.8,0.1,14827.13,Cash
ORD-14892,2025-02-22,CUST-1652,Customer 1652,Furniture,Tables,Study Table,East,Patna,1,907.8,0.15,267.42,Net Banking
ORD-12539,2025-02-22,CUST-1620,Customer 1620,Appliances,Kitchen,Electric Kettle,South,Chennai,3,35616.0,0.0,8738.54,Cash
ORD-13428,2025-02-22,CUST-1563,Customer 1563,Technology,Laptops,Business Laptop,East,Guwahati,1,1725.75,0.25,303.38,Credit Card
ORD-11765,2025-02-22,CUST-1287,Customer 1287,Technology,Accessories,USB Cable,South,Kochi,4,44701.2,0.1,11404.02,Credit Card
ORD-11552,2025-02-22,CUST-1333,Customer 1333,Technology,Phones,Smartphone A,North,Delhi,1,8173.0,0.0,2246.93,UPI
ORD-11203,2025-02-22,CUST-1200,Customer 1200,Appliances,Small Appliances,Blender,North,Lucknow,4,87220.0,0.0,21808.31,Credit Card
ORD-11877,2025-02-22,CUST-1756,Customer 1756,Technology,Tablets,Tablet Pro,West,Pune,5,85042.5,0.25,34568.26,Cash
ORD-13009,2025-02-22,CUST-1664,Customer 1664,Appliances,Fans,Ceiling Fan,South,Bengaluru,6,48270.6,0.1,16169.66,Credit Card
ORD-10748,2025-02-22,CUST-1739,Customer 1739,Office Supplies,Binders,File Binder,East,Bhubaneswar,7,141498.0,0.1,22177.85,Debit Card
ORD-11075,2025-02-22,CUST-1649,Customer 1649,Technology,Accessories,Wireless Mouse,South,Kochi,7,150450.3,0.1,45083.8,Cash
ORD-11115,2025-02-22,CUST-1510,Customer 1510,Office Supplies,Pens,Gel Pen,North,Lucknow,5,16680.0,0.0,2246.7,Debit Card
ORD-10388,2025-02-23,CUST-1378,Customer 1378,Office Supplies,Paper,A4 Paper,North,Delhi,4,23320.6,0.15,2905.97,Debit Card
ORD-14824,2025-02-23,CUST-1145,Customer 1145,Furniture,Tables,Study Table,East,Guwahati,5,60601.5,0.1,12044.83,Net Banking
ORD-14056,2025-02-23,CUST-1037,Customer 1037,Technology,Accessories,Wireless Mouse,North,Chandigarh,2,9907.6,0.15,3037.23,Debit Card
ORD-12811,2025-02-23,CUST-1580,Customer 1580,Technology,Tablets,Tablet 10,West,Surat,5,67368.0,0.2,27737.33,Debit Card
ORD-13329,2025-02-23,CUST-1285,Customer 1285,Furniture,Chairs,Visitor Chair,West,Mumbai,2,3608.1,0.05,1476.27,Debit Card
ORD-10973,2025-02-23,CUST-1631,Customer 1631,Technology,Laptops,Laptop Air,South,Kochi,3,33320.7,0.1,6580.18,UPI
ORD-12688,2025-02-23,CUST-1720,Customer 1720,Furniture,Tables,Study Table,West,Surat,2,35116.2,0.1,3915.78,Credit Card
ORD-12126,2025-02-23,CUST-1444,Customer 1444,Furniture,Chairs,Visitor Chair,South,Bengaluru,6,92233.5,0.15,28201.38,Net Banking
ORD-11650,2025-02-23,CUST-1034,Customer 1034,Furniture,Office Furniture,Workstation,North,Delhi,1,12842.25,0.25,2125.2,UPI
ORD-12088,2025-02-23,CUST-1701,Customer 1701,Technology,Phones,Smartphone B,East,Kolkata,7,44335.55,0.05,4784.82,UPI
ORD-10089,2025-02-23,CUST-1522,Customer 1522,Appliances,Fans,Ceiling Fan,South,Chennai,4,30688.4,0.15,12964.39,Cash
ORD-11582,2025-02-23,CUST-1670,Customer 1670,Furniture,Office Furniture,Reception Desk,West,Ahmedabad,1,4304.7,0.1,1383.0,Net Banking
ORD-11979,2025-02-24,CUST-1570,Customer 1570,Office Supplies,Organizers,Document Tray,South,Hyderabad,2,6192.1,0.05,769.85,Cash
ORD-12769,2025-02-24,CUST-1408,Customer 1408,Technology,Tablets,Tablet 10,North,Delhi,5,40820.0,0.0,12981.01,Cash
ORD-10206,2025-02-24,CUST-1229,Customer 1229,Technology,Accessories,USB Cable,South,Hyderabad,4,74606.4,0.1,22361.78,Credit Card
ORD-13345,2025-02-24,CUST-1489,Customer 1489,Furniture,Office Furniture,Reception Desk,East,Bhubaneswar,3,31754.7,0.05,8354.56,UPI
ORD-11271,2025-02-24,CUST-1198,Customer 1198,Furniture,Tables,Meeting Table,West,Pune,3,24763.2,0.2,4186.54,Debit Card
ORD-14171,2025-02-24,CUST-1511,Customer 1511,Appliances,Home Care,Air Purifier,East,Kolkata,7,156183.3,0.1,30630.45,UPI
ORD-11097,2025-02-24,CUST-1447,Customer 1447,Furniture,Office Furniture,Reception Desk,East,Bhubaneswar,4,67711.0,0.15,12586.65,UPI
ORD-10550,2025-02-24,CUST-1521,Customer 1521,Office Supplies,Binders,File Binder,West,Ahmedabad,2,18293.4,0.1,5438.73,Cash
ORD-12792,2025-02-24,CUST-1717,Customer 1717,Technology,Phones,Smartphone C,South,Chennai,1,1752.75,0.05,573.84,Debit Card
ORD-10418,2025-02-24,CUST-1223,Customer 1223,Furniture,Office Furniture,Reception Desk,East,Bhubaneswar,7,45713.85,0.15,7722.62,Net Banking
ORD-10608,2025-02-24,CUST-1299,Customer 1299,Appliances,Small Appliances,Toaster,North,Chandigarh,4,78914.6,0.05,30156.68,Net Banking
ORD-14573,2025-02-24,CUST-1405,Customer 1405,Technology,Phones,Smartphone B,South,Hyderabad,7,35632.8,0.1,15634.28,UPI
ORD-10530,2025-02-24,CUST-1385,Customer 1385,Furniture,Chairs,Office Chair,North,Jaipur,3,5068.8,0.2,1422.83,UPI
ORD-12204,2025-02-24,CUST-1373,Customer 1373,Office Supplies,Organizers,Desk Organizer,West,Ahmedabad,5,53979.0,0.05,12143.69,Cash
ORD-11300,2025-02-25,CUST-1395,Customer 1395,Furniture,Tables,Meeting Table,West,Pune,4,32361.6,0.2,6633.4,Debit Card
ORD-12559,2025-02-25,CUST-1623,Customer 1623,Appliances,Small Appliances,Blender,South,Hyderabad,3,39770.4,0.2,11390.75,UPI
ORD-10042,2025-02-25,CUST-1095,Customer 1095,Office Supplies,Binders,Ring Binder,South,Hyderabad,6,58746.0,0.0,22164.84,Credit Card
ORD-12277,2025-02-25,CUST-1605,Customer 1605,Appliances,Home Care,Air Purifier,North,Jaipur,6,36609.6,0.2,8012.42,Net Banking
ORD-14600,2025-02-25,CUST-1776,Customer 1776,Office Supplies,Pens,Marker,North,Lucknow,3,38423.7,0.1,8587.7,Debit Card
ORD-13539,2025-02-25,CUST-1178,Customer 1178,Appliances,Home Care,Air Purifier,South,Hyderabad,1,4729.0,0.0,549.08,Cash
ORD-14885,2025-02-25,CUST-1421,Customer 1421,Furniture,Storage,Storage Box,West,Pune,7,128475.2,0.2,30081.94,UPI
ORD-14850,2025-02-25,CUST-1457,Customer 1457,Furniture,Chairs,Office Chair,East,Patna,5,10070.0,0.05,3503.68,UPI
ORD-11715,2025-02-25,CUST-1760,Customer 1760,Furniture,Office Furniture,Reception Desk,North,Delhi,6,93690.9,0.05,40738.94,Net Banking
ORD-12930,2025-02-25,CUST-1070,Customer 1070,Appliances,Kitchen,Electric Kettle,East,Guwahati,5,23217.75,0.15,5970.44,Cash
ORD-13228,2025-02-25,CUST-1431,Customer 1431,Furniture,Chairs,Visitor Chair,East,Patna,2,20635.2,0.2,8125.07,Credit Card
ORD-10460,2025-02-25,CUST-1166,Customer 1166,Office Supplies,Paper,Premium Paper,South,Bengaluru,7,23122.4,0.2,6848.34,Debit Card
ORD-12326,2025-02-25,CUST-1246,Customer 1246,Technology,Tablets,Tablet Pro,North,Lucknow,3,45213.75,0.25,4766.95,Debit Card
ORD-11016,2025-02-25,CUST-1410,Customer 1410,Furniture,Office Furniture,Workstation,West,Pune,5,96676.75,0.05,23060.58,Credit Card
ORD-11603,2025-02-25,CUST-1152,Customer 1152,Furniture,Office Furniture,Workstation,North,Chandigarh,5,88560.0,0.1,27224.75,UPI
ORD-14804,2025-02-26,CUST-1397,Customer 1397,Office Supplies,Organizers,Desk Organizer,North,Jaipur,2,28397.4,0.05,9231.4,Net Banking
ORD-14065,2025-02-26,CUST-1719,Customer 1719,Office Supplies,Pens,Marker,West,Ahmedabad,7,7893.55,0.05,2240.52,Net Banking
ORD-14932,2025-02-26,CUST-1554,Customer 1554,Office Supplies,Pens,Ball Pen,West,Ahmedabad,4,5916.6,0.05,2534.35,Credit Card
ORD-11829,2025-02-26,CUST-1357,Customer 1357,Furniture,Storage,Filing Cabinet,South,Bengaluru,4,67194.2,0.15,20968.62,UPI
ORD-10095,2025-02-26,CUST-1081,Customer 1081,Furniture,Office Furniture,Workstation,East,Patna,3,57326.55,0.15,23150.39,Debit Card
ORD-13527,2025-02-26,CUST-1431,Customer 1431,Furniture,Tables,Meeting Table,East,Patna,4,7216.0,0.2,915.83,Debit Card
ORD-14261,2025-02-26,CUST-1704,Customer 1704,Office Supplies,Pens,Marker,North,Chandigarh,3,22661.1,0.1,5201.14,Net Banking
ORD-11936,2025-02-26,CUST-1096,Customer 1096,Appliances,Kitchen,Electric Kettle,South,Hyderabad,3,22329.75,0.05,8218.14,Debit Card
ORD-13498,2025-02-26,CUST-1082,Customer 1082,Office Supplies,Pens,Gel Pen,East,Patna,7,32391.8,0.15,5581.21,UPI
ORD-13240,2025-02-26,CUST-1350,Customer 1350,Office Supplies,Paper,A4 Paper,North,Chandigarh,5,62408.0,0.2,20991.4,Credit Card
ORD-11013,2025-02-26,CUST-1115,Customer 1115,Furniture,Storage,Bookshelf,North,Jaipur,4,44847.6,0.05,5240.73,Net Banking
ORD-11478,2025-02-26,CUST-1363,Customer 1363,Appliances,Small Appliances,Blender,West,Surat,7,28486.5,0.25,5241.87,Credit Card
ORD-12846,2025-02-26,CUST-1150,Customer 1150,Appliances,Small Appliances,Blender,South,Chennai,5,43852.5,0.1,13843.15,Cash
ORD-13118,2025-02-26,CUST-1010,Customer 1010,Furniture,Storage,Filing Cabinet,East,Patna,7,88774.0,0.0,19831.82,Debit Card
ORD-12050,2025-02-26,CUST-1418,Customer 1418,Technology,Laptops,Laptop Air,East,Kolkata,2,27936.0,0.1,10673.33,Net Banking
ORD-12694,2025-02-26,CUST-1699,Customer 1699,Appliances,Fans,Table Fan,South,Chennai,6,46741.5,0.15,19467.0,Net Banking
ORD-11395,2025-02-26,CUST-1411,Customer 1411,Technology,Accessories,Headphones,North,Lucknow,6,76830.3,0.05,11322.5,Net Banking
ORD-13378,2025-02-26,CUST-1570,Customer 1570,Appliances,Fans,Table Fan,North,Lucknow,5,17102.0,0.15,1964.51,Cash
ORD-14581,2025-02-26,CUST-1658,Customer 1658,Office Supplies,Binders,File Binder,East,Patna,6,86972.4,0.1,26561.62,Debit Card
ORD-11855,2025-02-26,CUST-1510,Customer 1510,Appliances,Fans,Table Fan,South,Hyderabad,1,17082.4,0.2,4489.43,UPI
ORD-13376,2025-02-26,CUST-1322,Customer 1322,Technology,Tablets,Tablet Pro,East,Kolkata,6,28185.6,0.2,12245.55,Credit Card
ORD-13148,2025-02-26,CUST-1754,Customer 1754,Technology,Accessories,USB Cable,East,Kolkata,4,41382.0,0.05,15582.09,Net Banking
ORD-14882,2025-02-26,CUST-1603,Customer 1603,Technology,Laptops,Laptop Pro,South,Bengaluru,3,37260.0,0.0,5977.53,Cash
ORD-10662,2025-02-27,CUST-1196,Customer 1196,Office Supplies,Organizers,Document Tray,East,Guwahati,7,55635.3,0.1,12874.28,Credit Card
ORD-12262,2025-02-27,CUST-1193,Customer 1193,Appliances,Kitchen,Mixer Grinder,West,Ahmedabad,6,24669.6,0.05,11049.15,Cash
ORD-12351,2025-02-27,CUST-1085,Customer 1085,Appliances,Fans,Ceiling Fan,North,Delhi,1,2475.0,0.0,909.8,Cash
ORD-11624,2025-02-27,CUST-1159,Customer 1159,Appliances,Small Appliances,Toaster,North,Jaipur,5,43798.5,0.1,15757.25,Net Banking
ORD-12577,2025-02-27,CUST-1392,Customer 1392,Technology,Tablets,Tablet 10,East,Patna,4,43456.0,0.0,6281.51,Net Banking
ORD-13061,2025-02-27,CUST-1314,Customer 1314,Appliances,Home Care,Air Purifier,North,Delhi,5,50962.75,0.05,15909.75,Cash
ORD-11965,2025-02-27,CUST-1100,Customer 1100,Technology,Phones,Smartphone B,North,Lucknow,1,16902.0,0.25,4155.3,UPI
ORD-13571,2025-02-27,CUST-1738,Customer 1738,Office Supplies,Binders,Ring Binder,South,Hyderabad,7,77278.6,0.15,20518.14,Cash
ORD-14347,2025-02-27,CUST-1325,Customer 1325,Technology,Laptops,Laptop Pro,North,Jaipur,6,66830.4,0.1,25708.84,Credit Card
ORD-10321,2025-02-27,CUST-1690,Customer 1690,Appliances,Small Appliances,Blender,South,Kochi,7,47893.3,0.05,12634.74,Debit Card
ORD-11593,2025-02-27,CUST-1711,Customer 1711,Appliances,Kitchen,Electric Kettle,West,Mumbai,6,1346.4,0.15,135.52,Debit Card
ORD-13729,2025-02-27,CUST-1406,Customer 1406,Office Supplies,Binders,File Binder,West,Mumbai,6,132348.0,0.0,53127.92,UPI
ORD-14827,2025-02-27,CUST-1305,Customer 1305,Appliances,Home Care,Air Purifier,East,Kolkata,6,75882.9,0.15,12230.32,Credit Card
ORD-14312,2025-02-27,CUST-1445,Customer 1445,Office Supplies,Pens,Marker,West,Mumbai,3,39897.15,0.05,15928.77,Net Banking
ORD-12108,2025-02-27,CUST-1145,Customer 1145,Office Supplies,Organizers,Desk Organizer,North,Lucknow,4,9334.4,0.2,2628.83,Credit Card
ORD-12627,2025-02-27,CUST-1334,Customer 1334,Furniture,Storage,Storage Box,West,Surat,7,136757.6,0.2,34482.08,Debit Card
ORD-12212,2025-02-27,CUST-1530,Customer 1530,Office Supplies,Binders,File Binder,West,Mumbai,1,7689.95,0.15,980.71,UPI
ORD-14881,2025-02-27,CUST-1612,Customer 1612,Technology,Laptops,Laptop Pro,East,Bhubaneswar,2,9243.0,0.1,1103.01,Debit Card
ORD-12208,2025-02-28,CUST-1136,Customer 1136,Appliances,Small Appliances,Blender,South,Bengaluru,7,2217.6,0.2,882.45,UPI
ORD-11526,2025-02-28,CUST-1320,Customer 1320,Office Supplies,Paper,Premium Paper,West,Mumbai,7,64029.0,0.25,15198.28,UPI
ORD-14653,2025-02-28,CUST-1664,Customer 1664,Furniture,Storage,Bookshelf,East,Kolkata,1,6773.5,0.05,2856.6,Credit Card
ORD-14348,2025-02-28,CUST-1246,Customer 1246,Appliances,Home Care,Air Purifier,South,Hyderabad,7,87785.25,0.25,35597.65,Net Banking
ORD-12067,2025-02-28,CUST-1021,Customer 1021,Appliances,Fans,Table Fan,North,Lucknow,2,11219.4,0.1,4334.07,Credit Card
ORD-11712,2025-02-28,CUST-1523,Customer 1523,Technology,Phones,Smartphone C,West,Pune,6,55795.5,0.25,13312.83,Cash
ORD-11798,2025-02-28,CUST-1700,Customer 1700,Furniture,Chairs,Ergonomic Chair,East,Patna,7,41168.05,0.15,18289.78,Net Banking
ORD-14797,2025-02-28,CUST-1562,Customer 1562,Appliances,Kitchen,Electric Kettle,West,Surat,1,16950.7,0.15,4652.92,UPI
ORD-14109,2025-02-28,CUST-1542,Customer 1542,Appliances,Small Appliances,Toaster,South,Bengaluru,3,50031.0,0.0,12987.99,Net Banking
ORD-11264,2025-02-28,CUST-1239,Customer 1239,Office Supplies,Organizers,Desk Organizer,North,Chandigarh,4,55168.0,0.2,9806.64,Debit Card
ORD-13039,2025-02-28,CUST-1604,Customer 1604,Office Supplies,Pens,Marker,South,Hyderabad,4,80348.0,0.0,8838.97,Cash
ORD-12913,2025-02-28,CUST-1415,Customer 1415,Furniture,Office Furniture,Workstation,South,Hyderabad,4,11644.0,0.0,4312.19,Credit Card
ORD-13866,2025-02-28,CUST-1340,Customer 1340,Appliances,Small Appliances,Toaster,West,Pune,4,33402.0,0.05,7140.75,UPI
ORD-13614,2025-02-28,CUST-1229,Customer 1229,Office Supplies,Binders,File Binder,South,Hyderabad,3,10710.9,0.1,3977.12,Credit Card
ORD-12824,2025-02-28,CUST-1199,Customer 1199,Appliances,Home Care,Vacuum Cleaner,South,Hyderabad,2,19464.0,0.0,4798.03,Cash
ORD-13361,2025-02-28,CUST-1351,Customer 1351,Furniture,Chairs,Ergonomic Chair,West,Surat,5,69214.5,0.1,26580.49,UPI
ORD-13348,2025-02-28,CUST-1623,Customer 1623,Office Supplies,Binders,File Binder,South,Bengaluru,3,2335.5,0.25,861.24,Cash
ORD-11691,2025-02-28,CUST-1028,Customer 1028,Furniture,Chairs,Visitor Chair,North,Jaipur,3,44640.0,0.0,19331.44,UPI
ORD-12234,2025-02-28,CUST-1261,Customer 1261,Office Supplies,Pens,Gel Pen,South,Hyderabad,3,10445.25,0.05,1878.56,Debit Card
ORD-13191,2025-02-28,CUST-1086,Customer 1086,Furniture,Office Furniture,Workstation,East,Kolkata,3,50505.0,0.0,17700.08,Debit Card
ORD-14270,2025-02-28,CUST-1233,Customer 1233,Appliances,Small Appliances,Toaster,North,Delhi,1,19319.2,0.05,5238.96,Credit Card
ORD-13597,2025-03-01,CUST-1734,Customer 1734,Appliances,Small Appliances,Toaster,South,Bengaluru,1,20846.25,0.15,2571.74,Debit Card
ORD-14208,2025-03-01,CUST-1156,Customer 1156,Furniture,Storage,Bookshelf,West,Ahmedabad,4,51879.6,0.1,13917.41,Cash
ORD-10709,2025-03-01,CUST-1706,Customer 1706,Appliances,Fans,Table Fan,South,Bengaluru,4,84215.6,0.05,33682.1,Cash
ORD-14486,2025-03-01,CUST-1069,Customer 1069,Office Supplies,Organizers,Document Tray,West,Mumbai,1,19248.0,0.2,3956.67,Credit Card
ORD-12040,2025-03-01,CUST-1711,Customer 1711,Office Supplies,Binders,File Binder,South,Bengaluru,5,33039.0,0.1,11867.18,Cash
ORD-12529,2025-03-01,CUST-1495,Customer 1495,Appliances,Small Appliances,Toaster,East,Patna,3,33328.8,0.1,6414.66,Cash
ORD-14823,2025-03-01,CUST-1563,Customer 1563,Technology,Tablets,Tablet 10,East,Bhubaneswar,4,38045.6,0.05,4213.44,Credit Card
ORD-14359,2025-03-01,CUST-1338,Customer 1338,Technology,Tablets,Tablet 10,North,Lucknow,7,76647.9,0.05,23795.87,UPI
ORD-13365,2025-03-01,CUST-1673,Customer 1673,Appliances,Home Care,Air Purifier,East,Bhubaneswar,2,32897.6,0.2,8563.65,UPI
ORD-11105,2025-03-01,CUST-1508,Customer 1508,Furniture,Office Furniture,Workstation,North,Chandigarh,1,10809.45,0.15,1496.93,Debit Card
ORD-14774,2025-03-01,CUST-1729,Customer 1729,Office Supplies,Paper,A4 Paper,South,Kochi,7,142802.1,0.05,24472.0,Net Banking
ORD-10239,2025-03-01,CUST-1709,Customer 1709,Office Supplies,Organizers,Document Tray,West,Ahmedabad,6,83202.9,0.05,32667.87,Debit Card
ORD-14228,2025-03-01,CUST-1226,Customer 1226,Appliances,Small Appliances,Toaster,North,Delhi,1,13173.3,0.1,5754.42,UPI
ORD-10240,2025-03-01,CUST-1471,Customer 1471,Appliances,Fans,Ceiling Fan,West,Surat,6,74260.8,0.1,16034.38,Net Banking
ORD-12150,2025-03-01,CUST-1373,Customer 1373,Office Supplies,Organizers,Document Tray,South,Kochi,2,16362.0,0.25,3662.36,Cash
ORD-13502,2025-03-01,CUST-1084,Customer 1084,Technology,Accessories,USB Cable,North,Lucknow,1,14559.65,0.15,3856.92,Credit Card
ORD-14444,2025-03-01,CUST-1262,Customer 1262,Appliances,Kitchen,Electric Kettle,West,Pune,3,46660.8,0.2,18308.01,Cash
ORD-14296,2025-03-01,CUST-1172,Customer 1172,Appliances,Small Appliances,Toaster,East,Guwahati,5,16218.75,0.25,5292.43,Debit Card
ORD-10927,2025-03-02,CUST-1604,Customer 1604,Technology,Tablets,Tablet Pro,West,Pune,4,18979.2,0.1,8063.11,UPI
ORD-13537,2025-03-02,CUST-1367,Customer 1367,Technology,Laptops,Laptop Pro,North,Jaipur,5,26734.5,0.1,5996.19,Net Banking
ORD-13800,2025-03-02,CUST-1234,Customer 1234,Technology,Tablets,Tablet Pro,West,Ahmedabad,4,50088.8,0.15,21547.86,Debit Card
ORD-14179,2025-03-02,CUST-1626,Customer 1626,Furniture,Chairs,Office Chair,North,Lucknow,6,45648.0,0.2,18179.69,UPI
ORD-13211,2025-03-02,CUST-1105,Customer 1105,Technology,Laptops,Laptop Pro,East,Guwahati,7,51521.4,0.1,20853.09,UPI
ORD-13570,2025-03-02,CUST-1179,Customer 1179,Appliances,Small Appliances,Toaster,East,Bhubaneswar,4,47740.0,0.0,9291.31,Cash
ORD-13442,2025-03-02,CUST-1800,Customer 1800,Technology,Accessories,Headphones,North,Chandigarh,2,16063.2,0.1,2902.4,UPI
ORD-10536,2025-03-02,CUST-1469,Customer 1469,Furniture,Office Furniture,Reception Desk,West,Surat,6,104754.6,0.1,17366.65,Cash
ORD-13617,2025-03-02,CUST-1021,Customer 1021,Office Supplies,Binders,File Binder,South,Hyderabad,7,131352.2,0.15,26930.94,Credit Card
ORD-10921,2025-03-02,CUST-1588,Customer 1588,Technology,Accessories,Headphones,North,Jaipur,4,38522.0,0.15,13910.46,Cash
ORD-10058,2025-03-02,CUST-1596,Customer 1596,Technology,Laptops,Business Laptop,East,Guwahati,4,43542.0,0.1,13875.33,Cash
ORD-14640,2025-03-02,CUST-1017,Customer 1017,Appliances,Kitchen,Mixer Grinder,East,Kolkata,2,10829.0,0.15,2461.34,Debit Card
ORD-13556,2025-03-03,CUST-1207,Customer 1207,Appliances,Kitchen,Electric Kettle,East,Kolkata,4,82281.6,0.1,23215.26,Debit Card
ORD-13561,2025-03-03,CUST-1563,Customer 1563,Furniture,Tables,Office Desk,South,Chennai,3,61900.2,0.1,15750.22,Net Banking
ORD-13594,2025-03-03,CUST-1030,Customer 1030,Technology,Laptops,Business Laptop,North,Chandigarh,5,99027.0,0.1,13892.32,Debit Card
ORD-12535,2025-03-03,CUST-1319,Customer 1319,Furniture,Tables,Office Desk,East,Patna,2,23754.0,0.25,5240.63,UPI
ORD-10583,2025-03-03,CUST-1475,Customer 1475,Appliances,Home Care,Vacuum Cleaner,East,Guwahati,5,20857.5,0.1,7756.27,Net Banking
ORD-10561,2025-03-03,CUST-1366,Customer 1366,Appliances,Small Appliances,Toaster,North,Jaipur,5,42939.0,0.1,9323.24,Cash
ORD-13346,2025-03-03,CUST-1268,Customer 1268,Furniture,Storage,Bookshelf,South,Kochi,6,107389.8,0.1,13895.28,UPI
ORD-11711,2025-03-03,CUST-1734,Customer 1734,Technology,Accessories,Wireless Mouse,North,Delhi,2,13712.2,0.15,3596.25,Debit Card
ORD-10713,2025-03-03,CUST-1212,Customer 1212,Technology,Laptops,Business Laptop,South,Kochi,6,79896.6,0.15,32050.99,Credit Card
ORD-10888,2025-03-03,CUST-1118,Customer 1118,Furniture,Storage,Bookshelf,West,Surat,6,30021.9,0.05,12903.18,Debit Card
ORD-13353,2025-03-03,CUST-1151,Customer 1151,Technology,Phones,Smartphone C,West,Surat,2,6246.4,0.2,1069.86,Cash
ORD-11357,2025-03-03,CUST-1312,Customer 1312,Appliances,Kitchen,Mixer Grinder,South,Kochi,4,83448.0,0.0,13066.21,Debit Card
ORD-13241,2025-03-03,CUST-1058,Customer 1058,Furniture,Office Furniture,Reception Desk,North,Lucknow,7,129679.2,0.1,54999.34,Net Banking
ORD-14596,2025-03-03,CUST-1622,Customer 1622,Appliances,Fans,Ceiling Fan,South,Hyderabad,2,5866.7,0.15,814.45,Credit Card
ORD-13784,2025-03-03,CUST-1691,Customer 1691,Appliances,Kitchen,Electric Kettle,West,Mumbai,1,18230.4,0.1,4226.91,Net Banking
ORD-13883,2025-03-03,CUST-1645,Customer 1645,Technology,Phones,Smartphone A,South,Bengaluru,2,3952.0,0.0,492.96,Debit Card
ORD-14434,2025-03-03,CUST-1662,Customer 1662,Technology,Accessories,Keyboard,East,Bhubaneswar,6,87625.8,0.1,14099.92,Net Banking
ORD-13904,2025-03-04,CUST-1294,Customer 1294,Technology,Accessories,Wireless Mouse,East,Bhubaneswar,1,19831.35,0.15,4007.49,UPI
ORD-10041,2025-03-04,CUST-1616,Customer 1616,Office Supplies,Binders,File Binder,South,Kochi,3,60394.2,0.15,24784.26,Credit Card
ORD-11213,2025-03-04,CUST-1427,Customer 1427,Furniture,Chairs,Office Chair,West,Pune,2,37068.0,0.25,6334.94,Debit Card
ORD-11844,2025-03-04,CUST-1442,Customer 1442,Office Supplies,Paper,A4 Paper,East,Guwahati,3,56337.6,0.2,16060.36,Credit Card
ORD-14299,2025-03-04,CUST-1065,Customer 1065,Office Supplies,Binders,Ring Binder,South,Hyderabad,4,28389.6,0.1,3260.17,Cash
ORD-12509,2025-03-04,CUST-1203,Customer 1203,Appliances,Kitchen,Mixer Grinder,West,Surat,5,92318.5,0.15,19385.33,Cash
ORD-10461,2025-03-04,CUST-1414,Customer 1414,Furniture,Storage,Filing Cabinet,East,Guwahati,1,18369.9,0.1,7320.77,UPI
ORD-10628,2025-03-04,CUST-1244,Customer 1244,Furniture,Office Furniture,Reception Desk,South,Chennai,5,3408.5,0.15,770.59,UPI
ORD-14631,2025-03-04,CUST-1417,Customer 1417,Technology,Phones,Smartphone C,North,Lucknow,3,27415.8,0.1,4305.62,Cash
ORD-12594,2025-03-04,CUST-1181,Customer 1181,Appliances,Fans,Ceiling Fan,East,Kolkata,5,45852.0,0.2,8814.42,Net Banking
ORD-10611,2025-03-04,CUST-1642,Customer 1642,Technology,Phones,Smartphone A,South,Hyderabad,6,103647.6,0.1,19580.24,Debit Card
ORD-11392,2025-03-04,CUST-1736,Customer 1736,Furniture,Tables,Office Desk,West,Surat,4,59211.6,0.05,12256.62,Debit Card
ORD-11880,2025-03-05,CUST-1284,Customer 1284,Technology,Phones,Smartphone C,North,Chandigarh,2,17878.4,0.2,6920.09,Debit Card
ORD-12494,2025-03-05,CUST-1367,Customer 1367,Appliances,Fans,Table Fan,North,Delhi,4,11228.4,0.1,1236.4,Cash
ORD-14752,2025-03-05,CUST-1741,Customer 1741,Technology,Tablets,Tablet Pro,East,Kolkata,5,6034.5,0.1,2309.82,Net Banking
ORD-13611,2025-03-05,CUST-1261,Customer 1261,Office Supplies,Binders,File Binder,West,Mumbai,1,9924.0,0.2,1542.6,Debit Card
ORD-10548,2025-03-05,CUST-1575,Customer 1575,Appliances,Home Care,Air Purifier,West,Surat,5,68035.0,0.0,30040.9,Cash
ORD-10847,2025-03-05,CUST-1235,Customer 1235,Furniture,Tables,Meeting Table,West,Ahmedabad,3,23728.5,0.25,4261.8,Cash
ORD-14215,2025-03-05,CUST-1223,Customer 1223,Office Supplies,Paper,A4 Paper,West,Ahmedabad,2,2196.0,0.1,591.33,Debit Card
ORD-14535,2025-03-05,CUST-1601,Customer 1601,Technology,Laptops,Laptop Air,West,Ahmedabad,5,91184.0,0.2,16225.78,UPI
ORD-14163,2025-03-05,CUST-1050,Customer 1050,Technology,Phones,Smartphone A,North,Delhi,1,17861.9,0.15,2017.67,Debit Card
ORD-13586,2025-03-05,CUST-1569,Customer 1569,Office Supplies,Organizers,Desk Organizer,South,Chennai,2,5545.8,0.1,2062.66,Debit Card
ORD-14473,2025-03-05,CUST-1052,Customer 1052,Technology,Tablets,Tablet 10,West,Mumbai,2,38632.5,0.15,12908.22,Debit Card
ORD-13112,2025-03-05,CUST-1199,Customer 1199,Office Supplies,Pens,Marker,North,Jaipur,5,70439.5,0.15,11135.49,Net Banking
ORD-14819,2025-03-05,CUST-1466,Customer 1466,Technology,Accessories,Wireless Mouse,North,Lucknow,4,27196.6,0.15,8473.9,UPI
ORD-13290,2025-03-05,CUST-1564,Customer 1564,Appliances,Fans,Table Fan,East,Guwahati,7,59391.15,0.05,20150.1,Cash
ORD-13101,2025-03-05,CUST-1202,Customer 1202,Office Supplies,Paper,A4 Paper,North,Delhi,2,2737.6,0.2,1113.77,Credit Card
ORD-10259,2025-03-06,CUST-1503,Customer 1503,Appliances,Kitchen,Electric Kettle,North,Lucknow,4,6756.0,0.25,1791.94,Net Banking
ORD-10722,2025-03-06,CUST-1161,Customer 1161,Office Supplies,Organizers,Desk Organizer,East,Kolkata,1,13281.0,0.0,3041.02,Debit Card
ORD-13843,2025-03-06,CUST-1389,Customer 1389,Technology,Laptops,Laptop Air,South,Kochi,6,71910.0,0.15,27917.15,Credit Card
ORD-10733,2025-03-06,CUST-1173,Customer 1173,Technology,Laptops,Laptop Air,West,Ahmedabad,5,94876.5,0.05,42368.98,Debit Card
ORD-12025,2025-03-06,CUST-1103,Customer 1103,Technology,Laptops,Business Laptop,North,Delhi,4,73324.8,0.1,11414.33,Credit Card
ORD-13844,2025-03-06,CUST-1786,Customer 1786,Furniture,Tables,Meeting Table,West,Ahmedabad,5,29673.5,0.15,12388.63,Cash
ORD-11261,2025-03-06,CUST-1054,Customer 1054,Office Supplies,Binders,Ring Binder,West,Ahmedabad,2,41953.9,0.05,10940.52,Debit Card
ORD-13138,2025-03-06,CUST-1023,Customer 1023,Furniture,Storage,Filing Cabinet,North,Chandigarh,1,4644.4,0.15,1711.42,Net Banking
ORD-14766,2025-03-06,CUST-1735,Customer 1735,Technology,Phones,Smartphone A,North,Jaipur,4,15180.8,0.2,1531.75,UPI
ORD-14202,2025-03-06,CUST-1477,Customer 1477,Furniture,Tables,Office Desk,East,Guwahati,7,124243.0,0.0,33564.57,Debit Card
ORD-13055,2025-03-07,CUST-1778,Customer 1778,Office Supplies,Organizers,Desk Organizer,West,Surat,1,5491.0,0.15,2060.78,Credit Card
ORD-12185,2025-03-07,CUST-1010,Customer 1010,Technology,Laptops,Laptop Air,North,Chandigarh,5,18531.0,0.1,7133.01,Cash
ORD-10372,2025-03-07,CUST-1455,Customer 1455,Appliances,Kitchen,Mixer Grinder,East,Kolkata,6,133288.8,0.05,32411.55,Debit Card
ORD-12643,2025-03-07,CUST-1323,Customer 1323,Technology,Tablets,Tablet 10,North,Jaipur,3,21184.8,0.2,9462.55,Net Banking
ORD-13503,2025-03-07,CUST-1042,Customer 1042,Technology,Phones,Smartphone B,East,Guwahati,5,12980.0,0.2,3064.53,UPI
ORD-10655,2025-03-07,CUST-1186,Customer 1186,Furniture,Storage,Storage Box,South,Hyderabad,6,31017.6,0.2,12211.13,Debit Card
ORD-13390,2025-03-07,CUST-1568,Customer 1568,Furniture,Storage,Storage Box,West,Ahmedabad,6,101130.0,0.0,42858.49,UPI
ORD-14328,2025-03-07,CUST-1112,Customer 1112,Appliances,Fans,Table Fan,South,Kochi,4,83349.2,0.05,15634.76,Debit Card
ORD-13435,2025-03-07,CUST-1666,Customer 1666,Appliances,Small Appliances,Blender,North,Jaipur,3,37682.4,0.2,9817.63,Net Banking
ORD-11529,2025-03-07,CUST-1079,Customer 1079,Furniture,Chairs,Office Chair,North,Delhi,1,968.4,0.1,372.93,Credit Card
ORD-11671,2025-03-07,CUST-1598,Customer 1598,Furniture,Chairs,Visitor Chair,North,Jaipur,5,25204.5,0.1,6772.41,UPI
ORD-13368,2025-03-07,CUST-1428,Customer 1428,Furniture,Office Furniture,Workstation,North,Lucknow,5,10208.5,0.15,4005.41,UPI
ORD-13725,2025-03-08,CUST-1162,Customer 1162,Office Supplies,Binders,Ring Binder,North,Chandigarh,2,16671.6,0.1,3797.03,Net Banking
ORD-10032,2025-03-08,CUST-1143,Customer 1143,Technology,Laptops,Laptop Pro,South,Chennai,5,70929.0,0.1,25585.49,Credit Card
ORD-14627,2025-03-08,CUST-1487,Customer 1487,Office Supplies,Organizers,Desk Organizer,West,Surat,3,14277.0,0.0,1940.58,Cash
ORD-13741,2025-03-08,CUST-1749,Customer 1749,Office Supplies,Organizers,Desk Organizer,West,Ahmedabad,1,967.0,0.0,421.91,Debit Card
ORD-12028,2025-03-08,CUST-1110,Customer 1110,Appliances,Kitchen,Mixer Grinder,West,Pune,7,33908.35,0.05,7206.31,Credit Card
ORD-14390,2025-03-08,CUST-1073,Customer 1073,Furniture,Storage,Filing Cabinet,East,Bhubaneswar,6,137214.0,0.0,14741.8,Credit Card
ORD-14448,2025-03-08,CUST-1159,Customer 1159,Technology,Phones,Smartphone C,South,Hyderabad,2,18894.6,0.1,4711.1,Credit Card
ORD-11358,2025-03-08,CUST-1034,Customer 1034,Office Supplies,Pens,Marker,North,Chandigarh,2,4825.6,0.2,1733.28,Debit Card
ORD-14791,2025-03-08,CUST-1772,Customer 1772,Technology,Accessories,Wireless Mouse,West,Ahmedabad,6,76750.5,0.05,28431.22,UPI
ORD-12268,2025-03-08,CUST-1098,Customer 1098,Appliances,Kitchen,Electric Kettle,North,Delhi,2,1983.6,0.05,736.85,Debit Card
ORD-13297,2025-03-09,CUST-1255,Customer 1255,Furniture,Office Furniture,Reception Desk,North,Chandigarh,3,46186.2,0.1,12484.56,Credit Card
ORD-14140,2025-03-09,CUST-1486,Customer 1486,Appliances,Fans,Table Fan,South,Chennai,1,1263.0,0.0,565.44,UPI
ORD-14107,2025-03-09,CUST-1202,Customer 1202,Furniture,Office Furniture,Workstation,East,Kolkata,5,64852.0,0.2,26414.8,Debit Card
ORD-11999,2025-03-09,CUST-1063,Customer 1063,Office Supplies,Paper,A4 Paper,North,Jaipur,6,87978.0,0.0,16586.17,Credit Card
ORD-12668,2025-03-09,CUST-1760,Customer 1760,Appliances,Kitchen,Mixer Grinder,North,Delhi,4,44149.0,0.15,9392.79,Net Banking
ORD-12224,2025-03-09,CUST-1787,Customer 1787,Technology,Phones,Smartphone C,North,Delhi,6,19445.4,0.1,3391.3,Credit Card
ORD-12624,2025-03-09,CUST-1097,Customer 1097,Appliances,Home Care,Air Purifier,South,Chennai,2,20513.9,0.15,4017.05,Net Banking
ORD-10782,2025-03-09,CUST-1662,Customer 1662,Office Supplies,Organizers,Desk Organizer,East,Guwahati,2,3270.8,0.15,1068.25,Credit Card
ORD-13984,2025-03-09,CUST-1364,Customer 1364,Furniture,Chairs,Ergonomic Chair,West,Surat,1,13552.2,0.1,3590.55,Credit Card
ORD-10146,2025-03-09,CUST-1603,Customer 1603,Office Supplies,Pens,Gel Pen,East,Patna,5,64044.0,0.1,26663.31,UPI
ORD-13965,2025-03-09,CUST-1170,Customer 1170,Furniture,Storage,Bookshelf,East,Guwahati,1,17623.8,0.1,4707.54,Debit Card
ORD-12651,2025-03-09,CUST-1031,Customer 1031,Appliances,Kitchen,Electric Kettle,East,Kolkata,5,55114.25,0.05,24691.94,Net Banking
ORD-14927,2025-03-09,CUST-1714,Customer 1714,Technology,Phones,Smartphone A,South,Hyderabad,2,16490.1,0.05,2524.11,Cash
ORD-14218,2025-03-09,CUST-1576,Customer 1576,Office Supplies,Organizers,Document Tray,North,Chandigarh,2,37648.2,0.15,13522.45,UPI
ORD-14233,2025-03-09,CUST-1594,Customer 1594,Appliances,Fans,Ceiling Fan,North,Lucknow,4,50823.2,0.15,15224.09,Credit Card
ORD-12471,2025-03-09,CUST-1682,Customer 1682,Appliances,Home Care,Vacuum Cleaner,East,Guwahati,7,123034.1,0.15,40778.17,Cash
ORD-10960,2025-03-10,CUST-1388,Customer 1388,Office Supplies,Binders,Ring Binder,West,Mumbai,2,5893.8,0.05,2573.41,Cash
ORD-12954,2025-03-10,CUST-1762,Customer 1762,Furniture,Storage,Bookshelf,West,Surat,5,17415.0,0.0,6819.83,Cash
ORD-13908,2025-03-10,CUST-1356,Customer 1356,Office Supplies,Organizers,Document Tray,South,Hyderabad,7,7556.5,0.15,2638.28,UPI
ORD-10601,2025-03-10,CUST-1346,Customer 1346,Technology,Laptops,Business Laptop,East,Bhubaneswar,6,78278.4,0.2,33994.59,Credit Card
ORD-12031,2025-03-10,CUST-1093,Customer 1093,Office Supplies,Binders,Ring Binder,West,Pune,4,76758.4,0.15,10055.92,Debit Card
ORD-11002,2025-03-10,CUST-1264,Customer 1264,Office Supplies,Paper,Premium Paper,South,Hyderabad,7,163935.8,0.05,25136.9,Cash
ORD-13927,2025-03-10,CUST-1231,Customer 1231,Office Supplies,Organizers,Desk Organizer,North,Delhi,1,17436.6,0.1,4042.54,Cash
ORD-11067,2025-03-10,CUST-1128,Customer 1128,Technology,Tablets,Tablet Pro,East,Bhubaneswar,2,12450.6,0.1,4392.47,Cash
ORD-11250,2025-03-10,CUST-1662,Customer 1662,Appliances,Home Care,Air Purifier,West,Surat,7,127449.0,0.0,29014.95,Cash
ORD-13988,2025-03-10,CUST-1561,Customer 1561,Technology,Accessories,Wireless Mouse,North,Lucknow,4,52506.2,0.15,19694.75,Credit Card
ORD-10139,2025-03-10,CUST-1784,Customer 1784,Office Supplies,Binders,File Binder,West,Pune,5,47479.5,0.1,10820.65,Cash
ORD-14308,2025-03-10,CUST-1188,Customer 1188,Furniture,Storage,Bookshelf,West,Surat,6,64032.0,0.2,16442.44,Cash
ORD-10269,2025-03-10,CUST-1221,Customer 1221,Office Supplies,Paper,Premium Paper,West,Pune,6,124162.2,0.1,28162.16,Cash
ORD-11347,2025-03-11,CUST-1288,Customer 1288,Office Supplies,Organizers,Desk Organizer,East,Bhubaneswar,7,48371.4,0.1,5866.27,Net Banking
ORD-13326,2025-03-11,CUST-1038,Customer 1038,Furniture,Storage,Bookshelf,North,Lucknow,6,58680.0,0.0,23689.78,Net Banking
ORD-12991,2025-03-11,CUST-1532,Customer 1532,Furniture,Chairs,Ergonomic Chair,West,Surat,5,45685.5,0.05,5131.3,Credit Card
ORD-10149,2025-03-11,CUST-1532,Customer 1532,Technology,Accessories,Keyboard,West,Surat,3,27450.75,0.15,9724.43,UPI
ORD-13700,2025-03-11,CUST-1045,Customer 1045,Technology,Phones,Smartphone C,South,Kochi,1,17999.1,0.1,3650.96,Cash
ORD-12669,2025-03-11,CUST-1119,Customer 1119,Technology,Accessories,Keyboard,South,Hyderabad,1,22665.0,0.0,8858.67,Net Banking
ORD-10178,2025-03-11,CUST-1405,Customer 1405,Office Supplies,Binders,Ring Binder,North,Jaipur,1,19159.2,0.2,4977.25,Debit Card
ORD-12363,2025-03-11,CUST-1657,Customer 1657,Office Supplies,Pens,Ball Pen,South,Kochi,4,84330.0,0.1,36416.73,Net Banking
ORD-13474,2025-03-11,CUST-1780,Customer 1780,Appliances,Kitchen,Electric Kettle,South,Kochi,4,55080.0,0.1,18649.29,Cash
ORD-12641,2025-03-11,CUST-1175,Customer 1175,Office Supplies,Paper,Premium Paper,North,Lucknow,1,5465.6,0.2,1111.04,Debit Card
ORD-13363,2025-03-11,CUST-1637,Customer 1637,Appliances,Kitchen,Electric Kettle,North,Delhi,5,69007.25,0.15,18175.67,UPI
ORD-12177,2025-03-11,CUST-1660,Customer 1660,Appliances,Home Care,Vacuum Cleaner,East,Kolkata,2,46486.0,0.0,13248.06,Debit Card
ORD-14054,2025-03-11,CUST-1300,Customer 1300,Technology,Phones,Smartphone C,West,Pune,3,2416.5,0.25,1067.85,Net Banking
ORD-13268,2025-03-11,CUST-1296,Customer 1296,Office Supplies,Pens,Gel Pen,West,Pune,4,68440.0,0.0,26963.54,Debit Card
ORD-11517,2025-03-11,CUST-1223,Customer 1223,Office Supplies,Paper,Premium Paper,South,Bengaluru,5,25785.0,0.1,9128.76,Net Banking
ORD-12158,2025-03-12,CUST-1304,Customer 1304,Office Supplies,Paper,A4 Paper,North,Lucknow,3,6617.25,0.15,2326.18,Debit Card
ORD-10820,2025-03-12,CUST-1111,Customer 1111,Technology,Tablets,Tablet 10,North,Chandigarh,3,40491.45,0.15,10527.62,Cash
ORD-10283,2025-03-12,CUST-1245,Customer 1245,Furniture,Chairs,Office Chair,East,Bhubaneswar,6,106834.8,0.15,40970.8,Net Banking
ORD-10308,2025-03-12,CUST-1165,Customer 1165,Furniture,Storage,Storage Box,West,Pune,2,17424.0,0.25,5980.35,UPI
ORD-11453,2025-03-12,CUST-1471,Customer 1471,Appliances,Home Care,Air Purifier,South,Hyderabad,5,70590.0,0.0,16962.23,Cash
ORD-12753,2025-03-12,CUST-1128,Customer 1128,Office Supplies,Organizers,Desk Organizer,West,Mumbai,1,9907.0,0.0,2061.01,Net Banking
ORD-14026,2025-03-12,CUST-1502,Customer 1502,Office Supplies,Pens,Marker,North,Delhi,7,106333.5,0.05,21896.52,Credit Card
ORD-14508,2025-03-12,CUST-1751,Customer 1751,Furniture,Chairs,Office Chair,North,Jaipur,4,9723.0,0.25,3040.38,Net Banking
ORD-13372,2025-03-12,CUST-1120,Customer 1120,Technology,Tablets,Tablet Pro,North,Delhi,2,8586.0,0.25,3686.78,Net Banking
ORD-13545,2025-03-12,CUST-1100,Customer 1100,Technology,Accessories,Headphones,North,Lucknow,6,21011.4,0.1,5013.41,UPI
ORD-11728,2025-03-12,CUST-1151,Customer 1151,Technology,Laptops,Laptop Pro,West,Surat,3,50667.0,0.0,16181.59,UPI
ORD-11518,2025-03-12,CUST-1757,Customer 1757,Office Supplies,Binders,File Binder,West,Mumbai,1,8723.7,0.1,2161.76,Debit Card
ORD-12140,2025-03-12,CUST-1456,Customer 1456,Furniture,Tables,Meeting Table,North,Jaipur,6,114256.5,0.05,41968.58,Cash
ORD-14879,2025-03-12,CUST-1296,Customer 1296,Technology,Accessories,Keyboard,North,Jaipur,4,72895.4,0.05,13060.96,UPI
ORD-12996,2025-03-12,CUST-1785,Customer 1785,Technology,Laptops,Laptop Pro,North,Delhi,1,17259.3,0.1,7472.77,Credit Card
ORD-11772,2025-03-12,CUST-1750,Customer 1750,Office Supplies,Organizers,Desk Organizer,East,Guwahati,2,18504.0,0.2,5928.88,Debit Card
ORD-11332,2025-03-13,CUST-1762,Customer 1762,Furniture,Office Furniture,Reception Desk,East,Guwahati,2,44696.0,0.0,18493.88,Credit Card
ORD-10879,2025-03-13,CUST-1308,Customer 1308,Technology,Phones,Smartphone A,South,Kochi,5,5418.75,0.15,1882.12,Debit Card
ORD-11098,2025-03-13,CUST-1538,Customer 1538,Furniture,Storage,Filing Cabinet,West,Mumbai,5,90655.0,0.0,22918.42,UPI
ORD-14978,2025-03-13,CUST-1298,Customer 1298,Office Supplies,Organizers,Desk Organizer,East,Bhubaneswar,3,34473.6,0.2,11302.86,Net Banking
ORD-11373,2025-03-13,CUST-1664,Customer 1664,Appliances,Kitchen,Mixer Grinder,North,Chandigarh,4,50217.0,0.05,18720.96,UPI
ORD-14264,2025-03-13,CUST-1378,Customer 1378,Technology,Tablets,Tablet 10,East,Bhubaneswar,7,70203.0,0.25,27468.83,Debit Card
ORD-14096,2025-03-13,CUST-1601,Customer 1601,Technology,Tablets,Tablet Pro,West,Ahmedabad,6,61022.4,0.2,21387.08,Credit Card
ORD-12273,2025-03-13,CUST-1009,Customer 1009,Technology,Phones,Smartphone C,West,Surat,5,78480.0,0.25,24316.33,Net Banking
ORD-11883,2025-03-13,CUST-1267,Customer 1267,Technology,Accessories,USB Cable,West,Mumbai,5,94077.0,0.1,10853.35,Debit Card
ORD-10710,2025-03-13,CUST-1158,Customer 1158,Appliances,Small Appliances,Blender,North,Delhi,6,7716.3,0.15,1669.08,Net Banking
ORD-14934,2025-03-13,CUST-1234,Customer 1234,Appliances,Fans,Table Fan,South,Bengaluru,2,28330.5,0.15,8305.81,Net Banking
ORD-14867,2025-03-13,CUST-1318,Customer 1318,Technology,Phones,Smartphone B,East,Kolkata,1,5224.5,0.25,1622.87,Net Banking
ORD-13813,2025-03-13,CUST-1259,Customer 1259,Furniture,Storage,Bookshelf,South,Bengaluru,3,43243.05,0.05,8854.77,Cash
ORD-14210,2025-03-13,CUST-1114,Customer 1114,Furniture,Office Furniture,Workstation,West,Mumbai,3,16335.0,0.1,4263.93,Net Banking
ORD-12906,2025-03-13,CUST-1517,Customer 1517,Office Supplies,Pens,Gel Pen,West,Ahmedabad,6,4878.0,0.25,1466.76,UPI
ORD-11364,2025-03-13,CUST-1408,Customer 1408,Furniture,Chairs,Visitor Chair,East,Guwahati,5,110675.0,0.05,23504.6,Credit Card
ORD-12039,2025-03-14,CUST-1758,Customer 1758,Furniture,Office Furniture,Workstation,South,Chennai,3,38253.6,0.2,15389.38,Debit Card
ORD-11462,2025-03-14,CUST-1760,Customer 1760,Technology,Phones,Smartphone C,East,Guwahati,4,43257.6,0.1,19381.59,Credit Card
ORD-13969,2025-03-14,CUST-1411,Customer 1411,Furniture,Tables,Study Table,East,Bhubaneswar,7,97341.3,0.1,33621.51,Credit Card
ORD-11243,2025-03-14,CUST-1063,Customer 1063,Office Supplies,Organizers,Document Tray,East,Kolkata,4,32820.0,0.25,9054.99,UPI
ORD-14908,2025-03-14,CUST-1457,Customer 1457,Technology,Tablets,Tablet Pro,South,Hyderabad,1,21386.4,0.05,4544.22,Credit Card
ORD-13820,2025-03-14,CUST-1074,Customer 1074,Office Supplies,Organizers,Document Tray,West,Mumbai,5,9180.0,0.1,3097.53,UPI
ORD-12350,2025-03-14,CUST-1437,Customer 1437,Appliances,Fans,Table Fan,East,Guwahati,6,70482.0,0.15,10714.53,Net Banking
ORD-10136,2025-03-14,CUST-1427,Customer 1427,Technology,Laptops,Laptop Pro,North,Delhi,2,27228.9,0.05,6298.19,Credit Card
ORD-11456,2025-03-14,CUST-1242,Customer 1242,Technology,Laptops,Laptop Air,West,Mumbai,5,5491.0,0.05,1751.57,Net Banking
ORD-10367,2025-03-14,CUST-1225,Customer 1225,Furniture,Chairs,Office Chair,East,Bhubaneswar,2,44870.4,0.1,17718.96,Credit Card
ORD-11123,2025-03-14,CUST-1205,Customer 1205,Office Supplies,Binders,File Binder,East,Bhubaneswar,2,1697.4,0.1,758.07,Cash
ORD-13596,2025-03-14,CUST-1650,Customer 1650,Office Supplies,Pens,Ball Pen,South,Hyderabad,7,153979.0,0.0,58756.8,Cash
ORD-10726,2025-03-14,CUST-1705,Customer 1705,Technology,Tablets,Tablet Pro,East,Patna,2,23029.2,0.1,5856.93,Credit Card
ORD-11001,2025-03-14,CUST-1264,Customer 1264,Furniture,Storage,Storage Box,South,Kochi,5,64434.25,0.15,20118.72,UPI
ORD-14012,2025-03-14,CUST-1534,Customer 1534,Office Supplies,Paper,A4 Paper,West,Surat,3,678.3,0.15,297.05,Debit Card
ORD-12400,2025-03-14,CUST-1405,Customer 1405,Appliances,Small Appliances,Blender,East,Patna,1,15347.2,0.2,4600.31,Net Banking
ORD-13662,2025-03-14,CUST-1150,Customer 1150,Furniture,Storage,Storage Box,South,Chennai,2,27886.8,0.15,7876.96,Debit Card
ORD-11994,2025-03-14,CUST-1385,Customer 1385,Technology,Laptops,Laptop Air,North,Delhi,2,27753.6,0.2,8254.31,UPI
ORD-11562,2025-03-14,CUST-1682,Customer 1682,Appliances,Kitchen,Electric Kettle,North,Jaipur,1,15508.0,0.2,2856.76,Net Banking
ORD-12964,2025-03-14,CUST-1107,Customer 1107,Furniture,Storage,Bookshelf,South,Kochi,3,58781.7,0.1,26446.81,Net Banking
ORD-12325,2025-03-15,CUST-1601,Customer 1601,Office Supplies,Pens,Ball Pen,West,Mumbai,5,17632.0,0.2,4220.28,Net Banking
ORD-12982,2025-03-15,CUST-1410,Customer 1410,Appliances,Small Appliances,Toaster,North,Delhi,5,81592.0,0.2,31029.32,UPI
ORD-10086,2025-03-15,CUST-1196,Customer 1196,Office Supplies,Pens,Marker,West,Pune,5,78436.75,0.05,22186.24,Net Banking
ORD-11921,2025-03-15,CUST-1457,Customer 1457,Office Supplies,Binders,File Binder,East,Kolkata,6,59384.4,0.15,10540.69,UPI
ORD-11923,2025-03-15,CUST-1762,Customer 1762,Appliances,Small Appliances,Blender,East,Bhubaneswar,2,16630.0,0.0,6245.55,Credit Card
ORD-11286,2025-03-15,CUST-1595,Customer 1595,Furniture,Storage,Bookshelf,North,Chandigarh,4,80686.8,0.1,26142.56,Credit Card
ORD-11559,2025-03-15,CUST-1720,Customer 1720,Office Supplies,Paper,Premium Paper,South,Bengaluru,4,22100.0,0.15,8315.88,Credit Card
ORD-14542,2025-03-15,CUST-1448,Customer 1448,Appliances,Small Appliances,Toaster,South,Bengaluru,6,114148.2,0.05,30308.29,Net Banking
ORD-14578,2025-03-15,CUST-1437,Customer 1437,Office Supplies,Pens,Marker,East,Patna,2,13961.2,0.05,3611.74,Debit Card
ORD-10895,2025-03-16,CUST-1784,Customer 1784,Appliances,Kitchen,Electric Kettle,South,Bengaluru,6,30936.6,0.15,11786.3,UPI
ORD-11344,2025-03-16,CUST-1369,Customer 1369,Technology,Phones,Smartphone B,West,Pune,4,78929.8,0.05,34362.34,Net Banking
ORD-10701,2025-03-16,CUST-1433,Customer 1433,Furniture,Office Furniture,Reception Desk,North,Jaipur,5,107505.0,0.1,16364.43,UPI
ORD-11841,2025-03-16,CUST-1389,Customer 1389,Furniture,Tables,Office Desk,East,Kolkata,3,47184.6,0.05,8797.88,Debit Card
ORD-12588,2025-03-16,CUST-1603,Customer 1603,Furniture,Office Furniture,Workstation,South,Chennai,3,4308.75,0.25,459.26,Net Banking
ORD-10560,2025-03-16,CUST-1211,Customer 1211,Furniture,Chairs,Office Chair,East,Patna,6,112475.4,0.15,34781.93,Credit Card
ORD-11811,2025-03-16,CUST-1705,Customer 1705,Furniture,Office Furniture,Workstation,West,Surat,4,87994.8,0.1,30055.39,UPI
ORD-11592,2025-03-16,CUST-1697,Customer 1697,Office Supplies,Organizers,Desk Organizer,West,Surat,7,26749.8,0.1,6395.31,Credit Card
ORD-14644,2025-03-16,CUST-1380,Customer 1380,Technology,Phones,Smartphone A,South,Chennai,2,40924.8,0.1,9761.51,Net Banking
ORD-11978,2025-03-16,CUST-1321,Customer 1321,Office Supplies,Paper,A4 Paper,West,Mumbai,3,5690.4,0.2,2445.91,UPI
ORD-14901,2025-03-16,CUST-1285,Customer 1285,Appliances,Home Care,Vacuum Cleaner,South,Kochi,3,786.0,0.0,278.08,UPI
ORD-12346,2025-03-16,CUST-1058,Customer 1058,Appliances,Kitchen,Electric Kettle,South,Bengaluru,5,18240.0,0.05,6324.83,Debit Card
ORD-13522,2025-03-16,CUST-1595,Customer 1595,Technology,Phones,Smartphone C,South,Hyderabad,7,162047.2,0.05,42426.04,Cash
ORD-10798,2025-03-16,CUST-1342,Customer 1342,Office Supplies,Paper,Premium Paper,West,Pune,1,21060.9,0.1,7496.68,Debit Card
ORD-11850,2025-03-16,CUST-1543,Customer 1543,Furniture,Office Furniture,Reception Desk,South,Chennai,7,82805.8,0.05,15278.27,Net Banking
ORD-10976,2025-03-16,CUST-1274,Customer 1274,Furniture,Chairs,Office Chair,West,Surat,1,5026.05,0.15,1463.35,Net Banking
ORD-14488,2025-03-16,CUST-1044,Customer 1044,Furniture,Tables,Meeting Table,North,Delhi,7,64688.4,0.1,18752.58,Cash
ORD-13292,2025-03-16,CUST-1596,Customer 1596,Appliances,Kitchen,Mixer Grinder,North,Chandigarh,2,14478.9,0.15,1848.93,UPI
ORD-14446,2025-03-16,CUST-1623,Customer 1623,Technology,Accessories,Keyboard,North,Lucknow,4,65266.4,0.15,19637.28,Debit Card
ORD-12861,2025-03-16,CUST-1115,Customer 1115,Office Supplies,Paper,Premium Paper,East,Bhubaneswar,5,53618.0,0.15,7136.81,Debit Card
ORD-13270,2025-03-17,CUST-1438,Customer 1438,Furniture,Storage,Bookshelf,South,Bengaluru,3,25604.55,0.15,9904.87,Net Banking
ORD-11106,2025-03-17,CUST-1665,Customer 1665,Appliances,Home Care,Vacuum Cleaner,South,Kochi,5,48122.75,0.15,15665.6,Debit Card
ORD-14869,2025-03-17,CUST-1732,Customer 1732,Office Supplies,Paper,Premium Paper,East,Kolkata,6,33926.4,0.2,6833.3,Net Banking
ORD-13033,2025-03-17,CUST-1800,Customer 1800,Office Supplies,Binders,File Binder,West,Surat,5,25042.0,0.05,3707.51,Net Banking
ORD-14767,2025-03-17,CUST-1310,Customer 1310,Office Supplies,Binders,Ring Binder,South,Bengaluru,2,2752.2,0.1,847.5,Debit Card
ORD-13762,2025-03-17,CUST-1408,Customer 1408,Furniture,Storage,Storage Box,North,Chandigarh,6,106255.8,0.1,15741.13,UPI
ORD-10488,2025-03-17,CUST-1405,Customer 1405,Appliances,Kitchen,Mixer Grinder,West,Surat,2,44625.3,0.05,5957.78,Net Banking
ORD-10243,2025-03-17,CUST-1094,Customer 1094,Appliances,Small Appliances,Blender,East,Bhubaneswar,7,134892.45,0.15,59403.58,Debit Card
ORD-13173,2025-03-18,CUST-1116,Customer 1116,Technology,Tablets,Tablet Pro,North,Chandigarh,2,12972.7,0.15,5167.39,Credit Card
ORD-13603,2025-03-18,CUST-1276,Customer 1276,Technology,Tablets,Tablet Pro,South,Chennai,5,50977.5,0.25,7519.38,UPI
ORD-11020,2025-03-18,CUST-1456,Customer 1456,Technology,Accessories,USB Cable,North,Lucknow,7,58044.0,0.25,21625.65,Debit Card
ORD-10045,2025-03-18,CUST-1201,Customer 1201,Appliances,Home Care,Air Purifier,East,Bhubaneswar,2,41943.6,0.1,16273.79,Net Banking
ORD-11710,2025-03-18,CUST-1419,Customer 1419,Furniture,Office Furniture,Reception Desk,West,Surat,1,11025.7,0.05,2281.4,UPI
ORD-10435,2025-03-18,CUST-1186,Customer 1186,Appliances,Small Appliances,Toaster,North,Chandigarh,7,140931.0,0.1,23718.6,Cash
ORD-14846,2025-03-18,CUST-1255,Customer 1255,Technology,Laptops,Laptop Pro,West,Surat,7,59188.5,0.1,23200.45,Cash
ORD-10641,2025-03-18,CUST-1710,Customer 1710,Furniture,Office Furniture,Workstation,South,Chennai,1,11673.05,0.15,4480.17,Credit Card
ORD-13966,2025-03-18,CUST-1217,Customer 1217,Appliances,Small Appliances,Toaster,West,Pune,7,51497.25,0.15,13851.3,Net Banking
ORD-10109,2025-03-18,CUST-1207,Customer 1207,Furniture,Tables,Study Table,South,Chennai,5,37325.5,0.05,6841.63,Credit Card
ORD-13102,2025-03-19,CUST-1796,Customer 1796,Technology,Laptops,Laptop Air,South,Chennai,4,77644.8,0.1,27937.24,Debit Card
ORD-12301,2025-03-19,CUST-1098,Customer 1098,Technology,Tablets,Tablet 10,North,Lucknow,4,55278.0,0.1,13680.82,UPI
ORD-10542,2025-03-19,CUST-1794,Customer 1794,Furniture,Tables,Study Table,North,Delhi,6,112915.2,0.2,44994.44,Debit Card
ORD-10073,2025-03-19,CUST-1349,Customer 1349,Technology,Accessories,USB Cable,South,Bengaluru,2,17793.6,0.2,7622.23,Debit Card
ORD-11716,2025-03-19,CUST-1341,Customer 1341,Appliances,Small Appliances,Toaster,North,Jaipur,5,54454.5,0.1,9208.25,Debit Card
ORD-12193,2025-03-19,CUST-1558,Customer 1558,Furniture,Office Furniture,Workstation,South,Hyderabad,2,16841.6,0.05,3199.6,Cash
ORD-11381,2025-03-19,CUST-1052,Customer 1052,Furniture,Storage,Filing Cabinet,North,Chandigarh,3,21149.1,0.1,7331.75,UPI
ORD-13782,2025-03-19,CUST-1760,Customer 1760,Office Supplies,Binders,File Binder,East,Patna,3,5845.5,0.1,2627.93,Cash
ORD-12744,2025-03-19,CUST-1599,Customer 1599,Technology,Tablets,Tablet Pro,West,Mumbai,5,65116.0,0.2,15993.07,Net Banking
ORD-11080,2025-03-19,CUST-1504,Customer 1504,Technology,Phones,Smartphone B,West,Mumbai,7,107763.25,0.05,33836.09,Debit Card
ORD-12109,2025-03-19,CUST-1676,Customer 1676,Office Supplies,Binders,File Binder,South,Kochi,5,51205.0,0.0,10909.98,Debit Card
ORD-14185,2025-03-19,CUST-1019,Customer 1019,Appliances,Home Care,Air Purifier,South,Kochi,6,92288.7,0.05,36931.07,Cash
ORD-10814,2025-03-19,CUST-1017,Customer 1017,Appliances,Fans,Table Fan,South,Kochi,3,51259.2,0.2,13953.95,Debit Card
ORD-13304,2025-03-19,CUST-1636,Customer 1636,Office Supplies,Paper,A4 Paper,South,Chennai,6,145998.0,0.0,37395.54,UPI
ORD-10689,2025-03-19,CUST-1355,Customer 1355,Office Supplies,Pens,Ball Pen,South,Kochi,3,30480.3,0.1,9155.73,Net Banking
ORD-10199,2025-03-19,CUST-1441,Customer 1441,Technology,Phones,Smartphone A,West,Pune,2,25568.0,0.15,2609.85,Cash
ORD-13221,2025-03-20,CUST-1427,Customer 1427,Furniture,Chairs,Office Chair,North,Chandigarh,3,31674.9,0.05,13022.85,Debit Card
ORD-13064,2025-03-20,CUST-1167,Customer 1167,Furniture,Office Furniture,Workstation,North,Chandigarh,7,130698.4,0.2,31266.97,Credit Card
ORD-11973,2025-03-20,CUST-1094,Customer 1094,Office Supplies,Organizers,Document Tray,West,Surat,5,1325.25,0.05,252.18,Net Banking
ORD-10768,2025-03-20,CUST-1086,Customer 1086,Appliances,Small Appliances,Toaster,West,Mumbai,7,72565.5,0.25,14293.95,Cash
ORD-10271,2025-03-20,CUST-1676,Customer 1676,Furniture,Chairs,Visitor Chair,West,Surat,5,107190.0,0.0,45059.73,Cash
ORD-12891,2025-03-20,CUST-1798,Customer 1798,Furniture,Chairs,Ergonomic Chair,West,Mumbai,7,92320.2,0.15,22080.36,Credit Card
ORD-11422,2025-03-20,CUST-1618,Customer 1618,Technology,Laptops,Business Laptop,North,Delhi,6,71303.1,0.15,21437.51,Net Banking
ORD-11627,2025-03-20,CUST-1455,Customer 1455,Technology,Laptops,Business Laptop,South,Chennai,3,5194.35,0.15,2302.84,Net Banking
ORD-13613,2025-03-20,CUST-1186,Customer 1186,Office Supplies,Pens,Marker,North,Jaipur,6,86455.2,0.15,26634.18,UPI
ORD-12842,2025-03-20,CUST-1307,Customer 1307,Technology,Accessories,USB Cable,South,Kochi,3,26397.6,0.15,2694.25,Credit Card
ORD-13577,2025-03-20,CUST-1103,Customer 1103,Appliances,Kitchen,Mixer Grinder,South,Kochi,5,76449.0,0.15,11732.98,Debit Card
ORD-13972,2025-03-20,CUST-1681,Customer 1681,Furniture,Storage,Filing Cabinet,North,Jaipur,6,7740.0,0.0,2331.22,Credit Card
ORD-12005,2025-03-20,CUST-1746,Customer 1746,Appliances,Small Appliances,Blender,West,Pune,1,7111.0,0.0,2315.27,Cash
ORD-14257,2025-03-20,CUST-1681,Customer 1681,Furniture,Office Furniture,Workstation,South,Hyderabad,5,84506.25,0.25,28106.34,UPI
ORD-13619,2025-03-20,CUST-1480,Customer 1480,Technology,Phones,Smartphone A,South,Bengaluru,5,64065.0,0.25,26732.43,UPI
ORD-12770,2025-03-20,CUST-1121,Customer 1121,Technology,Laptops,Laptop Pro,West,Ahmedabad,3,35342.4,0.2,8094.15,Net Banking
ORD-13803,2025-03-20,CUST-1282,Customer 1282,Furniture,Office Furniture,Reception Desk,East,Guwahati,6,24676.8,0.2,6814.08,Cash
ORD-14787,2025-03-21,CUST-1778,Customer 1778,Appliances,Small Appliances,Blender,East,Kolkata,6,5205.6,0.1,2143.4,Net Banking
ORD-10524,2025-03-21,CUST-1762,Customer 1762,Office Supplies,Organizers,Document Tray,West,Ahmedabad,2,5558.4,0.1,1789.25,Credit Card
ORD-11372,2025-03-21,CUST-1676,Customer 1676,Office Supplies,Paper,A4 Paper,West,Mumbai,7,128268.0,0.1,43004.37,Credit Card
ORD-14831,2025-03-21,CUST-1150,Customer 1150,Office Supplies,Paper,Premium Paper,West,Surat,6,37939.2,0.05,8576.68,Debit Card
ORD-10054,2025-03-21,CUST-1651,Customer 1651,Appliances,Home Care,Vacuum Cleaner,North,Delhi,7,138527.9,0.15,41644.45,Net Banking
ORD-14693,2025-03-21,CUST-1215,Customer 1215,Technology,Accessories,Headphones,West,Surat,7,134596.0,0.0,52360.31,Debit Card
ORD-14703,2025-03-21,CUST-1581,Customer 1581,Furniture,Storage,Filing Cabinet,West,Ahmedabad,7,77451.15,0.15,30358.41,UPI
ORD-10296,2025-03-21,CUST-1666,Customer 1666,Appliances,Fans,Table Fan,North,Lucknow,4,82836.0,0.1,19662.22,Net Banking
ORD-13632,2025-03-21,CUST-1533,Customer 1533,Technology,Phones,Smartphone A,South,Chennai,6,84364.2,0.15,36904.45,Cash
ORD-12944,2025-03-21,CUST-1614,Customer 1614,Office Supplies,Binders,File Binder,West,Pune,4,28413.8,0.15,4285.26,Credit Card
ORD-14872,2025-03-21,CUST-1769,Customer 1769,Technology,Accessories,Keyboard,North,Chandigarh,1,4739.55,0.05,1472.82,Cash
ORD-14436,2025-03-21,CUST-1538,Customer 1538,Office Supplies,Paper,Premium Paper,East,Guwahati,3,22445.1,0.1,7367.26,UPI
ORD-10606,2025-03-22,CUST-1442,Customer 1442,Office Supplies,Paper,A4 Paper,South,Chennai,2,2202.1,0.05,297.27,UPI
ORD-14834,2025-03-22,CUST-1110,Customer 1110,Furniture,Chairs,Visitor Chair,West,Pune,4,1576.8,0.1,498.5,UPI
ORD-14388,2025-03-22,CUST-1649,Customer 1649,Office Supplies,Binders,Ring Binder,West,Ahmedabad,3,34325.4,0.05,11203.93,Credit Card
ORD-14151,2025-03-22,CUST-1278,Customer 1278,Appliances,Home Care,Vacuum Cleaner,North,Chandigarh,5,20308.0,0.2,7459.11,Credit Card
ORD-14609,2025-03-22,CUST-1739,Customer 1739,Furniture,Office Furniture,Reception Desk,West,Pune,4,82433.0,0.15,32056.25,Debit Card
ORD-10354,2025-03-22,CUST-1643,Customer 1643,Appliances,Kitchen,Electric Kettle,West,Surat,6,84019.2,0.2,14522.87,Cash
ORD-12761,2025-03-22,CUST-1228,Customer 1228,Furniture,Office Furniture,Workstation,East,Guwahati,3,66082.5,0.1,6994.0,Debit Card
ORD-10982,2025-03-22,CUST-1025,Customer 1025,Appliances,Fans,Table Fan,North,Chandigarh,3,16878.45,0.15,5373.38,Cash
ORD-12294,2025-03-22,CUST-1127,Customer 1127,Appliances,Home Care,Vacuum Cleaner,South,Bengaluru,6,125890.2,0.05,15430.05,Net Banking
ORD-13153,2025-03-22,CUST-1544,Customer 1544,Appliances,Home Care,Vacuum Cleaner,West,Mumbai,2,22300.8,0.2,7095.13,UPI
ORD-13956,2025-03-22,CUST-1061,Customer 1061,Furniture,Chairs,Visitor Chair,East,Kolkata,4,25216.8,0.05,5120.0,Debit Card
ORD-13548,2025-03-22,CUST-1096,Customer 1096,Appliances,Kitchen,Mixer Grinder,West,Pune,1,4964.85,0.15,699.52,Cash
ORD-11246,2025-03-22,CUST-1334,Customer 1334,Appliances,Small Appliances,Blender,East,Patna,4,46652.8,0.2,18997.55,Credit Card
ORD-12521,2025-03-22,CUST-1762,Customer 1762,Technology,Phones,Smartphone A,South,Hyderabad,3,26678.1,0.15,10001.16,Credit Card
ORD-12548,2025-03-22,CUST-1174,Customer 1174,Office Supplies,Pens,Gel Pen,East,Kolkata,4,50192.0,0.0,13820.55,UPI
ORD-13765,2025-03-23,CUST-1271,Customer 1271,Office Supplies,Pens,Gel Pen,North,Lucknow,7,21324.8,0.2,8583.96,Credit Card
ORD-12069,2025-03-23,CUST-1559,Customer 1559,Furniture,Tables,Study Table,South,Chennai,4,18140.4,0.1,6769.35,Cash
ORD-10585,2025-03-23,CUST-1004,Customer 1004,Furniture,Chairs,Visitor Chair,North,Chandigarh,1,11589.75,0.25,4116.42,UPI
ORD-11110,2025-03-23,CUST-1610,Customer 1610,Office Supplies,Binders,File Binder,North,Chandigarh,2,44532.0,0.1,12271.23,Credit Card
ORD-11661,2025-03-23,CUST-1377,Customer 1377,Office Supplies,Organizers,Document Tray,East,Guwahati,6,127360.8,0.05,50023.2,Net Banking
ORD-11477,2025-03-23,CUST-1447,Customer 1447,Office Supplies,Organizers,Document Tray,West,Pune,4,64148.0,0.0,19374.92,Debit Card
ORD-13446,2025-03-23,CUST-1217,Customer 1217,Furniture,Storage,Filing Cabinet,West,Mumbai,5,78560.0,0.0,31592.45,Debit Card
ORD-14875,2025-03-23,CUST-1074,Customer 1074,Appliances,Kitchen,Mixer Grinder,South,Bengaluru,4,81511.6,0.15,34235.37,Credit Card
ORD-14919,2025-03-23,CUST-1583,Customer 1583,Office Supplies,Paper,Premium Paper,West,Surat,6,65664.0,0.0,14717.99,Net Banking
ORD-10248,2025-03-23,CUST-1232,Customer 1232,Technology,Phones,Smartphone B,West,Ahmedabad,5,60974.75,0.15,19085.91,Cash
ORD-12820,2025-03-23,CUST-1614,Customer 1614,Furniture,Office Furniture,Reception Desk,South,Hyderabad,1,23867.0,0.0,9295.89,Net Banking
ORD-10800,2025-03-23,CUST-1243,Customer 1243,Office Supplies,Pens,Gel Pen,North,Chandigarh,4,81745.2,0.1,24021.25,Net Banking
ORD-13382,2025-03-24,CUST-1737,Customer 1737,Appliances,Small Appliances,Blender,North,Chandigarh,1,7057.6,0.2,1646.62,Net Banking
ORD-13774,2025-03-24,CUST-1213,Customer 1213,Appliances,Kitchen,Mixer Grinder,South,Bengaluru,7,20420.4,0.15,4601.71,Net Banking
ORD-14803,2025-03-24,CUST-1045,Customer 1045,Office Supplies,Paper,Premium Paper,East,Bhubaneswar,2,31707.0,0.1,4062.86,Credit Card
ORD-12870,2025-03-24,CUST-1077,Customer 1077,Office Supplies,Organizers,Desk Organizer,West,Surat,6,110820.0,0.0,19515.75,Net Banking
ORD-10801,2025-03-24,CUST-1328,Customer 1328,Technology,Phones,Smartphone A,North,Delhi,2,21012.0,0.0,3760.22,Net Banking
ORD-14691,2025-03-24,CUST-1417,Customer 1417,Office Supplies,Organizers,Document Tray,North,Delhi,2,26613.0,0.1,11637.59,Credit Card
ORD-14874,2025-03-24,CUST-1762,Customer 1762,Appliances,Small Appliances,Toaster,West,Mumbai,2,11710.0,0.0,4107.71,Cash
ORD-13796,2025-03-24,CUST-1063,Customer 1063,Furniture,Tables,Meeting Table,East,Patna,4,14128.4,0.05,2345.52,UPI
ORD-13550,2025-03-24,CUST-1251,Customer 1251,Appliances,Fans,Table Fan,North,Jaipur,2,45366.3,0.05,5550.83,Cash
ORD-14615,2025-03-24,CUST-1503,Customer 1503,Technology,Laptops,Laptop Pro,South,Chennai,6,80997.0,0.05,32440.82,Cash
ORD-14776,2025-03-24,CUST-1661,Customer 1661,Furniture,Office Furniture,Workstation,East,Bhubaneswar,4,43905.0,0.25,5860.99,Credit Card
ORD-13344,2025-03-24,CUST-1796,Customer 1796,Furniture,Tables,Office Desk,North,Jaipur,4,79833.6,0.2,33963.16,Credit Card
ORD-12545,2025-03-24,CUST-1722,Customer 1722,Furniture,Office Furniture,Workstation,East,Patna,5,46811.25,0.05,13376.54,Net Banking
ORD-12922,2025-03-25,CUST-1487,Customer 1487,Appliances,Small Appliances,Toaster,North,Jaipur,6,11325.9,0.05,1676.12,Credit Card
ORD-13359,2025-03-25,CUST-1388,Customer 1388,Furniture,Storage,Storage Box,East,Patna,2,47620.0,0.0,9403.92,Net Banking
ORD-10697,2025-03-25,CUST-1355,Customer 1355,Office Supplies,Organizers,Document Tray,North,Chandigarh,6,44985.6,0.2,16149.46,Net Banking
ORD-12117,2025-03-25,CUST-1093,Customer 1093,Technology,Accessories,USB Cable,South,Bengaluru,3,25450.2,0.1,8297.06,Debit Card
ORD-10230,2025-03-25,CUST-1616,Customer 1616,Technology,Tablets,Tablet 10,East,Kolkata,1,18076.0,0.2,4297.88,Credit Card
ORD-12083,2025-03-25,CUST-1045,Customer 1045,Technology,Phones,Smartphone B,South,Chennai,2,17008.5,0.15,2372.36,Net Banking
ORD-13532,2025-03-25,CUST-1663,Customer 1663,Appliances,Home Care,Air Purifier,South,Chennai,4,54100.6,0.05,22526.5,Net Banking
ORD-11561,2025-03-25,CUST-1587,Customer 1587,Office Supplies,Binders,Ring Binder,North,Delhi,6,71856.0,0.0,9206.08,Debit Card
ORD-10348,2025-03-25,CUST-1131,Customer 1131,Appliances,Kitchen,Electric Kettle,West,Mumbai,2,35470.5,0.15,8365.99,Debit Card
ORD-11276,2025-03-25,CUST-1011,Customer 1011,Appliances,Small Appliances,Toaster,South,Kochi,7,32325.3,0.1,11577.29,Credit Card
ORD-10428,2025-03-25,CUST-1047,Customer 1047,Appliances,Fans,Ceiling Fan,South,Kochi,3,36166.5,0.1,6225.18,Credit Card
ORD-11141,2025-03-25,CUST-1230,Customer 1230,Furniture,Chairs,Ergonomic Chair,North,Chandigarh,6,70896.0,0.0,21748.52,Debit Card
ORD-12898,2025-03-25,CUST-1742,Customer 1742,Office Supplies,Binders,Ring Binder,West,Mumbai,2,3210.0,0.0,731.36,Cash
ORD-12915,2025-03-26,CUST-1519,Customer 1519,Technology,Phones,Smartphone B,North,Delhi,5,42959.0,0.05,16776.09,Net Banking
ORD-13523,2025-03-26,CUST-1602,Customer 1602,Appliances,Fans,Table Fan,South,Bengaluru,2,13155.6,0.05,2146.83,Net Banking
ORD-13258,2025-03-26,CUST-1303,Customer 1303,Furniture,Storage,Storage Box,North,Jaipur,3,1297.95,0.15,524.64,Cash
ORD-13941,2025-03-26,CUST-1185,Customer 1185,Technology,Tablets,Tablet 10,North,Lucknow,4,22435.2,0.1,7123.56,Debit Card
ORD-14862,2025-03-26,CUST-1012,Customer 1012,Furniture,Tables,Study Table,West,Surat,1,16108.0,0.2,5923.3,Debit Card
ORD-11263,2025-03-26,CUST-1190,Customer 1190,Office Supplies,Pens,Marker,West,Pune,3,55860.3,0.1,20688.03,Debit Card
ORD-11566,2025-03-26,CUST-1088,Customer 1088,Office Supplies,Paper,Premium Paper,West,Mumbai,3,58068.0,0.0,7864.4,Cash
ORD-10325,2025-03-26,CUST-1024,Customer 1024,Furniture,Chairs,Visitor Chair,North,Delhi,6,112152.6,0.1,31245.52,UPI
ORD-12593,2025-03-26,CUST-1607,Customer 1607,Office Supplies,Organizers,Document Tray,North,Jaipur,3,69948.0,0.0,20303.68,Cash
ORD-10637,2025-03-26,CUST-1314,Customer 1314,Technology,Phones,Smartphone B,East,Bhubaneswar,2,39560.0,0.2,5151.84,Credit Card
ORD-13595,2025-03-27,CUST-1113,Customer 1113,Technology,Laptops,Laptop Air,South,Chennai,6,114280.8,0.15,19874.33,UPI
ORD-11245,2025-03-27,CUST-1005,Customer 1005,Office Supplies,Organizers,Document Tray,South,Hyderabad,1,14269.0,0.05,5117.38,UPI
ORD-13120,2025-03-27,CUST-1027,Customer 1027,Appliances,Fans,Table Fan,West,Ahmedabad,5,38410.0,0.0,10473.36,Net Banking
ORD-10985,2025-03-27,CUST-1343,Customer 1343,Appliances,Small Appliances,Blender,North,Lucknow,4,63766.4,0.2,27586.36,Debit Card
ORD-11932,2025-03-27,CUST-1287,Customer 1287,Appliances,Home Care,Vacuum Cleaner,North,Delhi,1,13005.9,0.1,1307.94,UPI
ORD-10389,2025-03-27,CUST-1777,Customer 1777,Technology,Tablets,Tablet 10,North,Jaipur,4,77644.8,0.1,15450.54,Credit Card
ORD-10021,2025-03-27,CUST-1724,Customer 1724,Furniture,Storage,Storage Box,East,Guwahati,3,5334.6,0.15,1559.81,Cash
ORD-12056,2025-03-27,CUST-1688,Customer 1688,Office Supplies,Paper,A4 Paper,North,Delhi,7,18800.25,0.25,6809.56,UPI
ORD-14318,2025-03-27,CUST-1503,Customer 1503,Furniture,Storage,Filing Cabinet,West,Surat,7,64801.45,0.15,10275.9,Cash
ORD-13318,2025-03-28,CUST-1233,Customer 1233,Furniture,Office Furniture,Workstation,West,Mumbai,7,81603.9,0.1,9286.77,Credit Card
ORD-12134,2025-03-28,CUST-1268,Customer 1268,Technology,Phones,Smartphone B,West,Ahmedabad,5,11340.0,0.1,2531.56,Debit Card
ORD-12258,2025-03-28,CUST-1278,Customer 1278,Furniture,Chairs,Visitor Chair,North,Jaipur,4,82076.4,0.1,33725.43,Credit Card
ORD-13104,2025-03-28,CUST-1146,Customer 1146,Furniture,Office Furniture,Workstation,South,Bengaluru,7,96093.9,0.1,15533.62,UPI
ORD-10110,2025-03-28,CUST-1272,Customer 1272,Office Supplies,Paper,A4 Paper,North,Delhi,1,19236.35,0.15,5183.81,Cash
ORD-13130,2025-03-28,CUST-1212,Customer 1212,Appliances,Fans,Table Fan,West,Ahmedabad,2,33019.2,0.2,4924.57,Debit Card
ORD-13626,2025-03-28,CUST-1276,Customer 1276,Furniture,Storage,Storage Box,West,Surat,3,43046.55,0.15,12553.45,Net Banking
ORD-11745,2025-03-28,CUST-1679,Customer 1679,Furniture,Tables,Study Table,North,Delhi,7,141447.6,0.1,32402.31,Net Banking
ORD-14286,2025-03-28,CUST-1741,Customer 1741,Appliances,Small Appliances,Blender,West,Surat,2,27995.4,0.1,5920.91,Net Banking
ORD-10760,2025-03-28,CUST-1406,Customer 1406,Office Supplies,Organizers,Document Tray,East,Bhubaneswar,2,12854.4,0.2,5600.74,Debit Card
ORD-14340,2025-03-28,CUST-1120,Customer 1120,Office Supplies,Paper,A4 Paper,South,Bengaluru,1,4005.6,0.2,475.63,Credit Card
ORD-10020,2025-03-29,CUST-1754,Customer 1754,Office Supplies,Organizers,Desk Organizer,South,Bengaluru,5,54276.75,0.15,12766.91,Cash
ORD-14548,2025-03-29,CUST-1196,Customer 1196,Appliances,Home Care,Vacuum Cleaner,South,Chennai,3,22164.0,0.0,9526.25,UPI
ORD-11881,2025-03-29,CUST-1483,Customer 1483,Furniture,Storage,Filing Cabinet,West,Ahmedabad,3,31975.2,0.2,5403.58,Credit Card
ORD-10065,2025-03-29,CUST-1208,Customer 1208,Office Supplies,Pens,Ball Pen,East,Patna,1,16148.0,0.0,5507.54,Cash
ORD-13628,2025-03-29,CUST-1519,Customer 1519,Office Supplies,Binders,Ring Binder,West,Pune,4,61603.2,0.1,21214.66,Net Banking
ORD-13845,2025-03-29,CUST-1464,Customer 1464,Furniture,Office Furniture,Workstation,North,Chandigarh,5,37057.5,0.1,13518.79,Cash
ORD-12209,2025-03-29,CUST-1246,Customer 1246,Furniture,Office Furniture,Reception Desk,South,Kochi,5,36845.75,0.05,5560.53,Credit Card
ORD-11896,2025-03-29,CUST-1708,Customer 1708,Office Supplies,Binders,File Binder,North,Jaipur,6,102943.5,0.15,22483.3,Net Banking
ORD-10214,2025-03-29,CUST-1076,Customer 1076,Office Supplies,Binders,File Binder,North,Chandigarh,2,868.0,0.0,149.83,Cash
ORD-13410,2025-03-29,CUST-1197,Customer 1197,Technology,Laptops,Business Laptop,East,Patna,3,16219.2,0.2,7192.34,Credit Card
ORD-11109,2025-03-29,CUST-1366,Customer 1366,Furniture,Tables,Study Table,West,Mumbai,5,63090.0,0.1,23795.67,UPI
ORD-10831,2025-03-30,CUST-1535,Customer 1535,Technology,Laptops,Laptop Air,South,Bengaluru,4,16960.0,0.2,6011.95,Credit Card
ORD-10837,2025-03-30,CUST-1688,Customer 1688,Office Supplies,Pens,Ball Pen,South,Bengaluru,1,12887.1,0.1,4437.79,Cash
ORD-10856,2025-03-30,CUST-1420,Customer 1420,Technology,Tablets,Tablet 10,West,Surat,4,25816.2,0.15,3760.14,UPI
ORD-11176,2025-03-30,CUST-1398,Customer 1398,Office Supplies,Paper,A4 Paper,South,Bengaluru,7,54287.8,0.15,16804.27,Credit Card
ORD-12353,2025-03-30,CUST-1437,Customer 1437,Office Supplies,Binders,File Binder,South,Bengaluru,6,130447.8,0.1,19624.77,Cash
ORD-10061,2025-03-30,CUST-1542,Customer 1542,Office Supplies,Organizers,Document Tray,North,Chandigarh,3,20790.0,0.1,5628.31,UPI
ORD-10301,2025-03-30,CUST-1397,Customer 1397,Technology,Phones,Smartphone C,North,Jaipur,4,89022.6,0.05,22682.17,Net Banking
ORD-13818,2025-03-30,CUST-1788,Customer 1788,Appliances,Small Appliances,Toaster,East,Guwahati,1,1488.8,0.2,464.32,Net Banking
ORD-10304,2025-03-30,CUST-1736,Customer 1736,Furniture,Storage,Filing Cabinet,East,Guwahati,7,98180.95,0.15,16775.86,Debit Card
ORD-13438,2025-03-30,CUST-1729,Customer 1729,Office Supplies,Binders,File Binder,East,Kolkata,5,92380.0,0.0,23714.28,UPI
ORD-11695,2025-03-30,CUST-1118,Customer 1118,Technology,Tablets,Tablet Pro,South,Chennai,2,12619.8,0.1,4532.22,Debit Card
ORD-12154,2025-03-30,CUST-1379,Customer 1379,Technology,Accessories,USB Cable,West,Ahmedabad,6,124980.6,0.15,37510.36,Debit Card
ORD-10545,2025-03-30,CUST-1125,Customer 1125,Technology,Phones,Smartphone A,West,Surat,3,58615.95,0.05,8836.64,UPI
ORD-13737,2025-03-30,CUST-1170,Customer 1170,Technology,Laptops,Business Laptop,South,Bengaluru,4,78394.0,0.05,27356.89,Net Banking
ORD-12666,2025-03-31,CUST-1579,Customer 1579,Technology,Accessories,Wireless Mouse,East,Patna,1,20162.85,0.15,7651.62,Credit Card
ORD-13951,2025-03-31,CUST-1181,Customer 1181,Technology,Laptops,Laptop Pro,West,Pune,6,15075.6,0.15,6399.06,Cash
ORD-10467,2025-03-31,CUST-1749,Customer 1749,Appliances,Home Care,Vacuum Cleaner,South,Kochi,6,82701.0,0.1,25518.17,Credit Card
ORD-14594,2025-03-31,CUST-1486,Customer 1486,Appliances,Small Appliances,Toaster,East,Bhubaneswar,4,41008.0,0.0,17870.8,UPI
ORD-10933,2025-03-31,CUST-1557,Customer 1557,Technology,Tablets,Tablet Pro,West,Mumbai,1,4448.8,0.2,1283.02,UPI
ORD-11879,2025-03-31,CUST-1585,Customer 1585,Appliances,Home Care,Vacuum Cleaner,North,Delhi,5,69780.0,0.0,27679.88,UPI
ORD-10558,2025-03-31,CUST-1205,Customer 1205,Furniture,Office Furniture,Workstation,South,Kochi,2,2067.0,0.25,717.94,Debit Card
ORD-12165,2025-03-31,CUST-1800,Customer 1800,Furniture,Storage,Storage Box,East,Bhubaneswar,7,80623.2,0.2,25010.96,Net Banking
ORD-14871,2025-03-31,CUST-1539,Customer 1539,Appliances,Home Care,Air Purifier,West,Surat,4,13608.0,0.25,4024.26,UPI
ORD-13362,2025-03-31,CUST-1283,Customer 1283,Furniture,Tables,Meeting Table,North,Chandigarh,7,51949.8,0.05,18729.21,Net Banking
ORD-10131,2025-03-31,CUST-1266,Customer 1266,Appliances,Small Appliances,Blender,East,Patna,3,17778.3,0.05,4523.15,Net Banking
ORD-10496,2025-03-31,CUST-1603,Customer 1603,Office Supplies,Paper,A4 Paper,North,Lucknow,7,2374.05,0.15,854.8,Net Banking
ORD-10235,2025-03-31,CUST-1091,Customer 1091,Appliances,Small Appliances,Toaster,West,Pune,4,53064.0,0.25,6406.77,Net Banking
ORD-11506,2025-03-31,CUST-1646,Customer 1646,Office Supplies,Paper,A4 Paper,North,Lucknow,6,18960.0,0.0,2691.18,Cash
ORD-10705,2025-03-31,CUST-1162,Customer 1162,Technology,Phones,Smartphone B,South,Hyderabad,6,37476.0,0.0,9080.01,Credit Card
ORD-10634,2025-03-31,CUST-1774,Customer 1774,Technology,Tablets,Tablet 10,East,Bhubaneswar,7,133690.55,0.15,57268.82,Net Banking
ORD-13853,2025-03-31,CUST-1653,Customer 1653,Office Supplies,Paper,A4 Paper,West,Ahmedabad,3,11949.0,0.0,4837.43,Credit Card
ORD-11428,2025-04-01,CUST-1202,Customer 1202,Office Supplies,Organizers,Document Tray,East,Kolkata,2,21520.3,0.15,5141.06,Net Banking
ORD-11150,2025-04-01,CUST-1541,Customer 1541,Technology,Phones,Smartphone C,West,Surat,5,114422.75,0.05,32889.03,Net Banking
ORD-13202,2025-04-01,CUST-1787,Customer 1787,Technology,Phones,Smartphone A,North,Delhi,1,10172.8,0.2,2970.8,Cash
ORD-12607,2025-04-01,CUST-1046,Customer 1046,Appliances,Home Care,Air Purifier,West,Mumbai,4,47804.4,0.1,9317.21,Credit Card
ORD-12260,2025-04-01,CUST-1277,Customer 1277,Office Supplies,Organizers,Desk Organizer,North,Delhi,2,5772.8,0.2,946.13,Net Banking
ORD-11209,2025-04-01,CUST-1304,Customer 1304,Technology,Laptops,Business Laptop,South,Chennai,5,84000.0,0.2,25608.29,Cash
ORD-12490,2025-04-01,CUST-1505,Customer 1505,Office Supplies,Pens,Marker,South,Chennai,6,133254.6,0.05,29941.16,Debit Card
ORD-10014,2025-04-01,CUST-1740,Customer 1740,Office Supplies,Paper,A4 Paper,East,Bhubaneswar,7,128368.8,0.1,26965.82,Debit Card
ORD-11107,2025-04-01,CUST-1040,Customer 1040,Technology,Tablets,Tablet Pro,East,Bhubaneswar,3,66519.9,0.1,25087.02,UPI
ORD-12907,2025-04-01,CUST-1684,Customer 1684,Appliances,Small Appliances,Toaster,West,Ahmedabad,3,51806.4,0.2,11892.39,Credit Card
ORD-14790,2025-04-01,CUST-1282,Customer 1282,Technology,Accessories,USB Cable,South,Hyderabad,5,86530.0,0.15,20307.59,Credit Card
ORD-13454,2025-04-01,CUST-1164,Customer 1164,Appliances,Small Appliances,Blender,North,Chandigarh,1,3463.75,0.15,698.83,Debit Card
ORD-14903,2025-04-02,CUST-1074,Customer 1074,Appliances,Kitchen,Mixer Grinder,North,Jaipur,5,106578.0,0.1,40612.74,Debit Card
ORD-13165,2025-04-02,CUST-1336,Customer 1336,Technology,Accessories,Keyboard,West,Pune,1,12433.8,0.15,5291.29,Debit Card
ORD-13192,2025-04-02,CUST-1048,Customer 1048,Appliances,Home Care,Vacuum Cleaner,East,Guwahati,4,56441.6,0.2,23795.45,Credit Card
ORD-13948,2025-04-02,CUST-1352,Customer 1352,Office Supplies,Pens,Ball Pen,East,Kolkata,1,18659.2,0.15,6411.04,Cash
ORD-14176,2025-04-02,CUST-1330,Customer 1330,Office Supplies,Paper,Premium Paper,West,Mumbai,4,36544.0,0.2,12879.06,UPI
ORD-12723,2025-04-02,CUST-1609,Customer 1609,Appliances,Kitchen,Mixer Grinder,North,Chandigarh,3,24734.4,0.2,5339.67,Cash
ORD-12094,2025-04-02,CUST-1108,Customer 1108,Furniture,Tables,Office Desk,South,Bengaluru,6,84724.8,0.2,26777.51,Credit Card
ORD-13542,2025-04-02,CUST-1479,Customer 1479,Furniture,Chairs,Ergonomic Chair,South,Kochi,4,70233.8,0.15,20942.27,UPI
ORD-10438,2025-04-02,CUST-1122,Customer 1122,Appliances,Small Appliances,Toaster,West,Mumbai,1,2464.2,0.1,586.73,Net Banking
ORD-13865,2025-04-02,CUST-1291,Customer 1291,Appliances,Home Care,Vacuum Cleaner,East,Kolkata,6,99798.0,0.0,28235.11,Cash
ORD-13733,2025-04-02,CUST-1528,Customer 1528,Technology,Laptops,Laptop Air,South,Hyderabad,5,78790.5,0.1,32253.88,Credit Card
ORD-12322,2025-04-02,CUST-1101,Customer 1101,Furniture,Office Furniture,Reception Desk,North,Chandigarh,5,12544.0,0.2,4458.39,UPI
ORD-11214,2025-04-02,CUST-1461,Customer 1461,Furniture,Storage,Storage Box,East,Guwahati,6,10812.0,0.0,2993.41,Debit Card
ORD-13109,2025-04-02,CUST-1151,Customer 1151,Technology,Tablets,Tablet 10,North,Chandigarh,6,27502.2,0.1,7403.69,Net Banking
ORD-10938,2025-04-03,CUST-1215,Customer 1215,Technology,Tablets,Tablet 10,West,Pune,1,23411.0,0.0,10347.96,Credit Card
ORD-12166,2025-04-03,CUST-1221,Customer 1221,Office Supplies,Paper,Premium Paper,South,Kochi,6,70701.3,0.15,26370.6,Credit Card
ORD-13791,2025-04-03,CUST-1731,Customer 1731,Appliances,Home Care,Vacuum Cleaner,North,Jaipur,7,122528.7,0.1,19942.67,UPI
ORD-10404,2025-04-03,CUST-1663,Customer 1663,Technology,Tablets,Tablet Pro,West,Mumbai,6,78921.6,0.2,12748.78,Net Banking
ORD-14457,2025-04-03,CUST-1207,Customer 1207,Office Supplies,Binders,Ring Binder,East,Bhubaneswar,2,38675.2,0.2,8719.8,Cash
ORD-12942,2025-04-03,CUST-1112,Customer 1112,Office Supplies,Binders,File Binder,East,Patna,3,5559.3,0.1,1986.52,Cash
ORD-14335,2025-04-03,CUST-1307,Customer 1307,Appliances,Fans,Ceiling Fan,West,Surat,7,121161.6,0.1,13222.73,Credit Card
ORD-13308,2025-04-03,CUST-1045,Customer 1045,Technology,Tablets,Tablet Pro,South,Kochi,2,1154.0,0.0,406.88,UPI
ORD-11178,2025-04-03,CUST-1093,Customer 1093,Appliances,Small Appliances,Toaster,South,Hyderabad,7,40332.6,0.1,8000.27,Net Banking
ORD-13881,2025-04-03,CUST-1066,Customer 1066,Furniture,Tables,Meeting Table,North,Delhi,1,7016.4,0.1,2124.4,Cash
ORD-14022,2025-04-03,CUST-1409,Customer 1409,Office Supplies,Paper,A4 Paper,North,Jaipur,3,8062.2,0.1,2725.17,Cash
ORD-12968,2025-04-04,CUST-1756,Customer 1756,Technology,Tablets,Tablet Pro,West,Surat,5,91723.5,0.1,33795.36,Credit Card
ORD-14447,2025-04-04,CUST-1130,Customer 1130,Furniture,Chairs,Office Chair,East,Guwahati,3,10206.0,0.0,1415.62,Credit Card
ORD-11585,2025-04-04,CUST-1285,Customer 1285,Furniture,Office Furniture,Reception Desk,West,Ahmedabad,6,10778.7,0.05,2384.57,Debit Card
ORD-14525,2025-04-04,CUST-1270,Customer 1270,Furniture,Office Furniture,Reception Desk,West,Surat,5,17136.0,0.1,5381.02,UPI
ORD-11006,2025-04-04,CUST-1742,Customer 1742,Technology,Phones,Smartphone B,North,Delhi,3,72810.0,0.0,9426.91,Debit Card
ORD-11090,2025-04-04,CUST-1014,Customer 1014,Furniture,Tables,Meeting Table,North,Jaipur,4,75734.0,0.05,7953.51,Debit Card
ORD-13509,2025-04-04,CUST-1695,Customer 1695,Technology,Phones,Smartphone B,West,Mumbai,2,1649.0,0.15,269.09,UPI
ORD-14572,2025-04-04,CUST-1208,Customer 1208,Furniture,Chairs,Office Chair,South,Kochi,3,14315.4,0.1,3424.68,UPI
ORD-13869,2025-04-04,CUST-1540,Customer 1540,Furniture,Storage,Bookshelf,North,Delhi,1,5435.75,0.15,755.44,Net Banking
ORD-13384,2025-04-04,CUST-1506,Customer 1506,Office Supplies,Pens,Ball Pen,South,Bengaluru,1,10508.0,0.0,3689.06,Cash
ORD-10307,2025-04-04,CUST-1581,Customer 1581,Appliances,Fans,Ceiling Fan,East,Guwahati,1,9519.2,0.2,2599.14,Net Banking
ORD-12393,2025-04-04,CUST-1673,Customer 1673,Appliances,Small Appliances,Toaster,East,Patna,3,823.2,0.2,349.12,Debit Card
ORD-11279,2025-04-04,CUST-1629,Customer 1629,Technology,Laptops,Business Laptop,East,Patna,7,55643.0,0.0,24393.31,UPI
ORD-11894,2025-04-04,CUST-1119,Customer 1119,Office Supplies,Binders,File Binder,West,Mumbai,5,94358.75,0.05,22336.86,Debit Card
ORD-11920,2025-04-04,CUST-1429,Customer 1429,Technology,Phones,Smartphone A,West,Mumbai,1,11928.05,0.15,1930.85,Cash
ORD-12383,2025-04-04,CUST-1587,Customer 1587,Furniture,Tables,Meeting Table,East,Bhubaneswar,3,23429.85,0.05,3777.11,UPI
ORD-14211,2025-04-05,CUST-1755,Customer 1755,Office Supplies,Pens,Marker,South,Bengaluru,4,71434.0,0.15,17798.74,UPI
ORD-14868,2025-04-05,CUST-1799,Customer 1799,Office Supplies,Organizers,Desk Organizer,South,Bengaluru,5,77605.5,0.05,27014.59,Credit Card
ORD-11082,2025-04-05,CUST-1749,Customer 1749,Technology,Phones,Smartphone B,North,Delhi,2,28879.2,0.1,4345.05,Debit Card
ORD-12837,2025-04-05,CUST-1520,Customer 1520,Furniture,Tables,Meeting Table,North,Lucknow,4,76720.0,0.0,33191.22,Credit Card
ORD-13054,2025-04-05,CUST-1626,Customer 1626,Furniture,Chairs,Ergonomic Chair,South,Kochi,2,17892.5,0.15,6244.0,Net Banking
ORD-10819,2025-04-05,CUST-1165,Customer 1165,Appliances,Kitchen,Electric Kettle,West,Surat,6,82431.3,0.15,14613.23,Credit Card
ORD-12357,2025-04-05,CUST-1222,Customer 1222,Furniture,Office Furniture,Workstation,North,Delhi,5,61272.0,0.1,23108.93,Credit Card
ORD-14979,2025-04-05,CUST-1072,Customer 1072,Furniture,Tables,Study Table,West,Pune,7,117041.4,0.1,29682.1,UPI
ORD-13667,2025-04-05,CUST-1413,Customer 1413,Office Supplies,Organizers,Desk Organizer,North,Lucknow,4,37680.0,0.2,7606.97,Cash
ORD-10557,2025-04-05,CUST-1299,Customer 1299,Appliances,Kitchen,Electric Kettle,North,Delhi,2,26854.6,0.05,5695.46,Credit Card
ORD-10446,2025-04-05,CUST-1162,Customer 1162,Office Supplies,Organizers,Document Tray,South,Hyderabad,3,58672.95,0.05,23144.76,Net Banking
ORD-12023,2025-04-05,CUST-1607,Customer 1607,Furniture,Storage,Storage Box,North,Delhi,2,39468.7,0.05,16889.82,UPI
ORD-10379,2025-04-05,CUST-1767,Customer 1767,Furniture,Storage,Storage Box,North,Delhi,2,34579.8,0.1,15073.88,UPI
ORD-14668,2025-04-05,CUST-1187,Customer 1187,Furniture,Storage,Bookshelf,South,Chennai,6,77635.8,0.1,9988.77,Debit Card
ORD-14132,2025-04-05,CUST-1343,Customer 1343,Technology,Phones,Smartphone B,West,Mumbai,5,16430.5,0.15,3471.32,UPI
ORD-13172,2025-04-05,CUST-1283,Customer 1283,Office Supplies,Binders,Ring Binder,West,Pune,7,113078.7,0.1,12402.91,Debit Card
ORD-13036,2025-04-05,CUST-1344,Customer 1344,Office Supplies,Pens,Gel Pen,South,Chennai,5,103693.5,0.1,36008.77,Debit Card
ORD-10903,2025-04-05,CUST-1284,Customer 1284,Furniture,Office Furniture,Reception Desk,West,Ahmedabad,5,95264.0,0.2,23125.24,Cash
ORD-12483,2025-04-05,CUST-1317,Customer 1317,Technology,Accessories,USB Cable,East,Patna,4,1033.2,0.1,318.3,Credit Card
ORD-14545,2025-04-05,CUST-1025,Customer 1025,Technology,Laptops,Laptop Pro,North,Lucknow,3,50654.25,0.25,17224.11,Net Banking
ORD-11293,2025-04-05,CUST-1040,Customer 1040,Appliances,Home Care,Air Purifier,West,Ahmedabad,1,23289.0,0.0,6333.13,Net Banking
ORD-14395,2025-04-06,CUST-1758,Customer 1758,Appliances,Kitchen,Electric Kettle,East,Guwahati,1,12878.1,0.1,4190.81,Cash
ORD-14848,2025-04-06,CUST-1363,Customer 1363,Technology,Tablets,Tablet 10,North,Jaipur,3,62206.95,0.05,13794.41,UPI
ORD-11951,2025-04-06,CUST-1510,Customer 1510,Appliances,Home Care,Vacuum Cleaner,West,Surat,2,28897.1,0.05,6724.04,Cash
ORD-10475,2025-04-06,CUST-1017,Customer 1017,Office Supplies,Binders,Ring Binder,West,Surat,6,24668.7,0.15,5671.48,Cash
ORD-10607,2025-04-06,CUST-1120,Customer 1120,Office Supplies,Pens,Ball Pen,South,Chennai,7,90853.0,0.0,15772.71,Credit Card
ORD-12530,2025-04-06,CUST-1162,Customer 1162,Technology,Phones,Smartphone A,East,Kolkata,5,44070.5,0.05,9872.94,Debit Card
ORD-11646,2025-04-06,CUST-1428,Customer 1428,Office Supplies,Paper,Premium Paper,North,Chandigarh,6,26952.0,0.2,7939.9,Credit Card
ORD-14705,2025-04-06,CUST-1063,Customer 1063,Technology,Phones,Smartphone C,West,Mumbai,4,19216.6,0.05,7219.05,Cash
ORD-12634,2025-04-06,CUST-1700,Customer 1700,Appliances,Home Care,Vacuum Cleaner,East,Patna,3,32673.0,0.0,5174.44,Net Banking
ORD-10627,2025-04-06,CUST-1759,Customer 1759,Technology,Laptops,Business Laptop,East,Kolkata,7,8404.2,0.1,1936.93,UPI
ORD-14421,2025-04-06,CUST-1594,Customer 1594,Furniture,Chairs,Office Chair,South,Bengaluru,2,10570.6,0.15,4601.55,Net Banking
ORD-13880,2025-04-06,CUST-1754,Customer 1754,Office Supplies,Binders,File Binder,West,Surat,7,140919.8,0.15,47276.91,Debit Card
ORD-10817,2025-04-06,CUST-1146,Customer 1146,Technology,Phones,Smartphone B,West,Mumbai,5,60493.5,0.1,6223.42,Net Banking
ORD-12272,2025-04-07,CUST-1433,Customer 1433,Technology,Tablets,Tablet Pro,North,Jaipur,5,3775.5,0.1,956.96,Cash
ORD-14162,2025-04-07,CUST-1013,Customer 1013,Furniture,Chairs,Ergonomic Chair,East,Kolkata,1,1381.5,0.25,608.32,Cash
ORD-13477,2025-04-07,CUST-1690,Customer 1690,Office Supplies,Binders,Ring Binder,West,Ahmedabad,2,35714.3,0.05,7129.51,Credit Card
ORD-13317,2025-04-07,CUST-1591,Customer 1591,Appliances,Small Appliances,Toaster,East,Patna,7,106748.95,0.15,30632.3,UPI
ORD-13518,2025-04-07,CUST-1351,Customer 1351,Technology,Tablets,Tablet Pro,North,Jaipur,6,126597.6,0.1,56408.11,Net Banking
ORD-14408,2025-04-07,CUST-1422,Customer 1422,Appliances,Home Care,Air Purifier,East,Guwahati,1,11055.1,0.15,4640.59,UPI
ORD-13714,2025-04-07,CUST-1628,Customer 1628,Furniture,Storage,Storage Box,East,Kolkata,6,112482.0,0.0,33013.05,Net Banking
ORD-12803,2025-04-07,CUST-1736,Customer 1736,Appliances,Fans,Ceiling Fan,North,Jaipur,7,65709.0,0.1,22466.26,Cash
ORD-10286,2025-04-07,CUST-1770,Customer 1770,Office Supplies,Pens,Marker,West,Surat,4,72472.0,0.0,20428.44,Credit Card
ORD-11253,2025-04-07,CUST-1011,Customer 1011,Appliances,Small Appliances,Toaster,East,Patna,7,115849.65,0.05,36306.83,Net Banking
ORD-13452,2025-04-08,CUST-1340,Customer 1340,Technology,Laptops,Laptop Pro,South,Chennai,4,48704.6,0.05,10926.09,Debit Card
ORD-10667,2025-04-08,CUST-1408,Customer 1408,Furniture,Chairs,Visitor Chair,South,Kochi,5,63151.25,0.05,14793.91,Debit Card
ORD-14279,2025-04-08,CUST-1482,Customer 1482,Technology,Tablets,Tablet 10,West,Mumbai,7,70273.0,0.0,23025.43,Cash
ORD-12799,2025-04-08,CUST-1105,Customer 1105,Technology,Phones,Smartphone A,East,Bhubaneswar,3,62748.0,0.1,25564.47,Credit Card
ORD-12416,2025-04-08,CUST-1047,Customer 1047,Furniture,Chairs,Ergonomic Chair,East,Kolkata,5,37015.0,0.0,10201.61,Net Banking
ORD-14141,2025-04-08,CUST-1455,Customer 1455,Furniture,Office Furniture,Reception Desk,West,Surat,7,59803.45,0.05,10007.02,Debit Card
ORD-14849,2025-04-08,CUST-1721,Customer 1721,Furniture,Chairs,Office Chair,South,Chennai,3,27180.9,0.1,11804.95,Net Banking
ORD-11032,2025-04-08,CUST-1671,Customer 1671,Appliances,Kitchen,Mixer Grinder,South,Hyderabad,1,17215.2,0.1,2457.7,UPI
ORD-11639,2025-04-08,CUST-1603,Customer 1603,Technology,Accessories,Headphones,East,Patna,6,96048.0,0.0,38294.65,Debit Card
ORD-13133,2025-04-08,CUST-1387,Customer 1387,Furniture,Tables,Office Desk,North,Lucknow,4,63350.4,0.2,10085.62,Debit Card
ORD-11555,2025-04-08,CUST-1100,Customer 1100,Appliances,Small Appliances,Toaster,East,Kolkata,6,51396.0,0.0,10711.4,Cash
ORD-10780,2025-04-08,CUST-1426,Customer 1426,Office Supplies,Pens,Ball Pen,North,Jaipur,4,27946.8,0.1,10789.99,Cash
ORD-14505,2025-04-08,CUST-1132,Customer 1132,Appliances,Small Appliances,Blender,West,Surat,5,91152.0,0.2,31935.58,Cash
ORD-13710,2025-04-09,CUST-1579,Customer 1579,Office Supplies,Pens,Ball Pen,West,Surat,5,33450.0,0.0,4125.88,UPI
ORD-13919,2025-04-09,CUST-1120,Customer 1120,Appliances,Fans,Ceiling Fan,South,Chennai,5,3184.0,0.2,1218.72,Cash
ORD-12111,2025-04-09,CUST-1562,Customer 1562,Appliances,Small Appliances,Toaster,South,Chennai,2,12846.0,0.0,1541.03,Credit Card
ORD-11470,2025-04-09,CUST-1215,Customer 1215,Technology,Laptops,Business Laptop,East,Guwahati,4,56136.0,0.0,8835.38,Debit Card
ORD-11668,2025-04-09,CUST-1415,Customer 1415,Technology,Laptops,Laptop Pro,West,Mumbai,3,3840.3,0.15,826.42,Net Banking
ORD-13441,2025-04-09,CUST-1588,Customer 1588,Office Supplies,Binders,File Binder,South,Chennai,5,82008.0,0.15,18692.2,Debit Card
ORD-14810,2025-04-09,CUST-1747,Customer 1747,Appliances,Kitchen,Mixer Grinder,North,Lucknow,7,91484.05,0.05,36570.13,Debit Card
ORD-14993,2025-04-09,CUST-1373,Customer 1373,Furniture,Tables,Office Desk,West,Surat,3,27021.6,0.2,3590.18,Debit Card
ORD-11588,2025-04-09,CUST-1569,Customer 1569,Technology,Tablets,Tablet 10,South,Hyderabad,6,52238.4,0.2,23120.3,Debit Card
ORD-13901,2025-04-09,CUST-1563,Customer 1563,Furniture,Office Furniture,Workstation,North,Lucknow,4,45108.0,0.0,15785.38,Cash
ORD-11464,2025-04-09,CUST-1775,Customer 1775,Office Supplies,Pens,Marker,East,Kolkata,6,42110.4,0.2,7800.79,Net Banking
ORD-10328,2025-04-09,CUST-1060,Customer 1060,Office Supplies,Pens,Gel Pen,East,Guwahati,7,126283.5,0.1,39917.24,Cash
ORD-11499,2025-04-09,CUST-1380,Customer 1380,Office Supplies,Binders,Ring Binder,North,Lucknow,6,68120.7,0.05,8367.96,Cash
ORD-14515,2025-04-09,CUST-1300,Customer 1300,Office Supplies,Binders,File Binder,West,Pune,7,107441.6,0.2,22965.23,Cash
ORD-10204,2025-04-09,CUST-1339,Customer 1339,Technology,Accessories,Headphones,North,Chandigarh,3,15345.9,0.15,3845.5,UPI
ORD-13792,2025-04-09,CUST-1582,Customer 1582,Furniture,Office Furniture,Workstation,South,Bengaluru,1,1285.2,0.15,319.13,UPI
ORD-11847,2025-04-09,CUST-1137,Customer 1137,Appliances,Fans,Ceiling Fan,South,Bengaluru,2,40626.6,0.15,16271.97,Debit Card
ORD-13279,2025-04-09,CUST-1665,Customer 1665,Appliances,Home Care,Vacuum Cleaner,East,Kolkata,1,10152.0,0.1,3958.76,UPI
ORD-12019,2025-04-09,CUST-1777,Customer 1777,Technology,Phones,Smartphone C,South,Bengaluru,2,36345.6,0.1,6414.76,UPI
ORD-10573,2025-04-09,CUST-1098,Customer 1098,Technology,Phones,Smartphone A,North,Chandigarh,5,12027.0,0.05,3393.01,Net Banking
ORD-13486,2025-04-09,CUST-1654,Customer 1654,Technology,Laptops,Laptop Air,South,Chennai,4,8262.4,0.2,3123.39,Net Banking
ORD-10620,2025-04-09,CUST-1258,Customer 1258,Office Supplies,Organizers,Document Tray,South,Chennai,4,52700.8,0.2,15309.25,Cash
ORD-11435,2025-04-10,CUST-1040,Customer 1040,Appliances,Fans,Table Fan,North,Jaipur,1,7964.0,0.2,952.08,Debit Card
ORD-14988,2025-04-10,CUST-1749,Customer 1749,Office Supplies,Binders,File Binder,South,Chennai,1,12483.95,0.05,5492.44,Net Banking
ORD-14968,2025-04-10,CUST-1291,Customer 1291,Office Supplies,Organizers,Desk Organizer,East,Kolkata,7,74680.2,0.1,18328.46,Cash
ORD-14267,2025-04-10,CUST-1015,Customer 1015,Technology,Phones,Smartphone B,West,Mumbai,7,150330.6,0.1,61029.65,Cash
ORD-11839,2025-04-10,CUST-1044,Customer 1044,Appliances,Home Care,Air Purifier,East,Patna,3,70326.6,0.05,18316.09,Cash
ORD-10112,2025-04-10,CUST-1403,Customer 1403,Office Supplies,Pens,Ball Pen,East,Kolkata,5,122100.0,0.0,43672.19,Net Banking
ORD-12238,2025-04-10,CUST-1284,Customer 1284,Office Supplies,Paper,Premium Paper,South,Chennai,3,14081.85,0.05,4873.43,Credit Card
ORD-12873,2025-04-10,CUST-1776,Customer 1776,Technology,Phones,Smartphone A,West,Pune,7,160384.0,0.0,34882.63,Cash
ORD-10510,2025-04-10,CUST-1571,Customer 1571,Furniture,Tables,Office Desk,South,Kochi,4,65305.6,0.2,24295.77,Credit Card
ORD-13549,2025-04-10,CUST-1232,Customer 1232,Technology,Laptops,Laptop Air,West,Mumbai,1,10270.55,0.15,4086.94,Debit Card
ORD-12692,2025-04-10,CUST-1524,Customer 1524,Technology,Phones,Smartphone A,South,Kochi,3,45211.5,0.15,7969.89,UPI
ORD-12595,2025-04-10,CUST-1403,Customer 1403,Technology,Tablets,Tablet 10,South,Hyderabad,3,40787.25,0.15,16130.38,Cash
ORD-11613,2025-04-10,CUST-1352,Customer 1352,Appliances,Fans,Ceiling Fan,East,Bhubaneswar,7,23142.0,0.25,9979.48,Credit Card
ORD-10338,2025-04-10,CUST-1779,Customer 1779,Office Supplies,Pens,Gel Pen,West,Pune,6,133875.9,0.05,23240.04,Credit Card
ORD-14556,2025-04-10,CUST-1601,Customer 1601,Appliances,Home Care,Air Purifier,North,Lucknow,7,129609.9,0.1,15401.53,Credit Card
ORD-12460,2025-04-10,CUST-1017,Customer 1017,Furniture,Storage,Bookshelf,South,Hyderabad,3,32896.8,0.2,7456.52,Credit Card
ORD-13418,2025-04-10,CUST-1500,Customer 1500,Furniture,Office Furniture,Workstation,North,Lucknow,6,23238.9,0.05,6401.6,Net Banking
ORD-14412,2025-04-10,CUST-1720,Customer 1720,Furniture,Chairs,Ergonomic Chair,East,Bhubaneswar,2,19539.0,0.1,7800.79,Debit Card
ORD-11873,2025-04-10,CUST-1217,Customer 1217,Office Supplies,Organizers,Desk Organizer,North,Lucknow,4,75996.8,0.15,11556.21,Debit Card
ORD-12033,2025-04-11,CUST-1541,Customer 1541,Office Supplies,Pens,Marker,South,Chennai,5,92156.0,0.2,36395.81,Credit Card
ORD-14188,2025-04-11,CUST-1038,Customer 1038,Appliances,Small Appliances,Blender,West,Pune,7,131801.6,0.2,48470.36,Net Banking
ORD-13528,2025-04-11,CUST-1666,Customer 1666,Furniture,Storage,Bookshelf,North,Chandigarh,4,46767.6,0.1,20247.32,Credit Card
ORD-12939,2025-04-11,CUST-1768,Customer 1768,Technology,Accessories,USB Cable,West,Pune,6,97299.0,0.05,39225.41,Net Banking
ORD-10526,2025-04-11,CUST-1130,Customer 1130,Office Supplies,Paper,Premium Paper,South,Hyderabad,6,61605.0,0.25,21131.6,Credit Card
ORD-13978,2025-04-11,CUST-1552,Customer 1552,Appliances,Fans,Table Fan,South,Chennai,2,39658.0,0.0,11306.61,Credit Card
ORD-11501,2025-04-11,CUST-1766,Customer 1766,Office Supplies,Organizers,Desk Organizer,West,Surat,3,8927.55,0.15,2579.75,Cash
ORD-14762,2025-04-11,CUST-1685,Customer 1685,Office Supplies,Organizers,Desk Organizer,South,Bengaluru,3,15146.4,0.2,5952.29,Net Banking
ORD-10890,2025-04-11,CUST-1669,Customer 1669,Technology,Accessories,Headphones,East,Bhubaneswar,2,47910.0,0.0,5104.74,UPI
ORD-11912,2025-04-12,CUST-1445,Customer 1445,Furniture,Office Furniture,Reception Desk,East,Guwahati,6,20850.6,0.05,9098.54,Net Banking
ORD-14786,2025-04-12,CUST-1634,Customer 1634,Office Supplies,Organizers,Document Tray,South,Chennai,6,104534.7,0.15,36822.8,UPI
ORD-13388,2025-04-12,CUST-1388,Customer 1388,Technology,Laptops,Laptop Pro,East,Patna,5,78496.0,0.2,34409.97,Credit Card
ORD-14298,2025-04-12,CUST-1573,Customer 1573,Furniture,Storage,Bookshelf,South,Hyderabad,4,20518.4,0.2,8575.79,Credit Card
ORD-13967,2025-04-12,CUST-1348,Customer 1348,Technology,Accessories,Headphones,South,Chennai,4,86811.0,0.05,32739.49,Credit Card
ORD-11452,2025-04-12,CUST-1563,Customer 1563,Technology,Laptops,Laptop Air,East,Kolkata,2,6545.5,0.05,2249.63,Cash
ORD-10990,2025-04-12,CUST-1097,Customer 1097,Appliances,Small Appliances,Toaster,East,Kolkata,5,94905.0,0.0,40539.47,Net Banking
ORD-10825,2025-04-12,CUST-1354,Customer 1354,Appliances,Small Appliances,Blender,East,Kolkata,7,66423.0,0.25,16139.6,Debit Card
ORD-11447,2025-04-12,CUST-1143,Customer 1143,Appliances,Kitchen,Electric Kettle,North,Chandigarh,1,1668.0,0.2,492.48,Cash
ORD-13544,2025-04-12,CUST-1093,Customer 1093,Furniture,Chairs,Office Chair,South,Hyderabad,2,8464.5,0.05,3178.96,Credit Card
ORD-11925,2025-04-12,CUST-1048,Customer 1048,Furniture,Office Furniture,Reception Desk,East,Bhubaneswar,6,57730.5,0.25,22821.42,Credit Card
ORD-11541,2025-04-12,CUST-1724,Customer 1724,Office Supplies,Organizers,Document Tray,East,Patna,7,74051.25,0.25,10174.41,UPI
ORD-11615,2025-04-12,CUST-1586,Customer 1586,Furniture,Storage,Bookshelf,East,Patna,6,95879.7,0.05,22707.13,Cash
ORD-12486,2025-04-13,CUST-1660,Customer 1660,Office Supplies,Pens,Marker,East,Kolkata,3,52833.45,0.15,16957.26,UPI
ORD-14592,2025-04-13,CUST-1439,Customer 1439,Technology,Laptops,Laptop Air,West,Surat,4,36794.8,0.15,8681.25,UPI
ORD-13357,2025-04-13,CUST-1101,Customer 1101,Furniture,Tables,Meeting Table,North,Chandigarh,1,4690.3,0.15,598.27,UPI
ORD-10462,2025-04-13,CUST-1169,Customer 1169,Technology,Tablets,Tablet Pro,South,Chennai,7,124680.85,0.05,51729.59,Net Banking
ORD-13237,2025-04-13,CUST-1051,Customer 1051,Technology,Tablets,Tablet 10,South,Hyderabad,5,42364.0,0.15,17017.4,UPI
ORD-12564,2025-04-13,CUST-1138,Customer 1138,Technology,Tablets,Tablet Pro,East,Patna,4,65271.6,0.1,11282.43,Cash
ORD-14641,2025-04-13,CUST-1514,Customer 1514,Appliances,Small Appliances,Toaster,North,Delhi,1,6551.25,0.25,1337.07,Cash
ORD-12162,2025-04-13,CUST-1754,Customer 1754,Technology,Phones,Smartphone C,West,Mumbai,2,7027.5,0.25,2369.34,Cash
ORD-14859,2025-04-13,CUST-1794,Customer 1794,Office Supplies,Organizers,Document Tray,South,Hyderabad,3,46953.75,0.05,13382.63,UPI
ORD-12278,2025-04-13,CUST-1479,Customer 1479,Furniture,Office Furniture,Workstation,South,Kochi,1,8199.9,0.1,2114.21,Cash
ORD-14663,2025-04-13,CUST-1042,Customer 1042,Office Supplies,Organizers,Desk Organizer,West,Ahmedabad,5,51319.0,0.05,21682.27,Net Banking
ORD-13939,2025-04-13,CUST-1186,Customer 1186,Technology,Accessories,USB Cable,South,Chennai,6,110322.0,0.1,41301.79,UPI
ORD-12279,2025-04-13,CUST-1128,Customer 1128,Technology,Tablets,Tablet 10,East,Kolkata,5,76801.75,0.15,27076.03,Net Banking
ORD-10064,2025-04-13,CUST-1645,Customer 1645,Technology,Tablets,Tablet Pro,East,Kolkata,7,161357.0,0.0,63544.16,Credit Card
ORD-13521,2025-04-13,CUST-1476,Customer 1476,Office Supplies,Pens,Gel Pen,South,Kochi,3,31018.2,0.15,12783.31,Debit Card
ORD-14772,2025-04-13,CUST-1707,Customer 1707,Appliances,Kitchen,Electric Kettle,North,Delhi,6,19733.4,0.05,5547.03,Credit Card
ORD-11084,2025-04-13,CUST-1671,Customer 1671,Appliances,Home Care,Vacuum Cleaner,West,Pune,1,13329.0,0.1,4887.25,Cash
ORD-11987,2025-04-13,CUST-1772,Customer 1772,Furniture,Office Furniture,Reception Desk,South,Chennai,7,104182.4,0.2,35976.16,Debit Card
ORD-11762,2025-04-13,CUST-1721,Customer 1721,Office Supplies,Paper,Premium Paper,East,Patna,2,43785.0,0.1,4789.92,UPI
ORD-13891,2025-04-13,CUST-1321,Customer 1321,Appliances,Small Appliances,Blender,West,Surat,4,29376.0,0.15,7933.81,Debit Card
ORD-13500,2025-04-14,CUST-1031,Customer 1031,Appliances,Kitchen,Mixer Grinder,South,Kochi,7,73063.2,0.2,18027.46,UPI
ORD-14168,2025-04-14,CUST-1096,Customer 1096,Appliances,Small Appliances,Toaster,South,Bengaluru,2,37996.7,0.15,10639.53,Debit Card
ORD-12472,2025-04-14,CUST-1090,Customer 1090,Furniture,Tables,Office Desk,West,Ahmedabad,7,5265.75,0.15,2093.26,Net Banking
ORD-12812,2025-04-14,CUST-1151,Customer 1151,Technology,Phones,Smartphone A,South,Kochi,4,46559.6,0.15,4759.49,Cash
ORD-14415,2025-04-14,CUST-1437,Customer 1437,Appliances,Small Appliances,Blender,West,Ahmedabad,4,86544.0,0.1,21881.27,Cash
ORD-13874,2025-04-14,CUST-1347,Customer 1347,Appliances,Small Appliances,Toaster,West,Surat,7,142153.2,0.1,55731.89,Debit Card
ORD-10181,2025-04-14,CUST-1783,Customer 1783,Technology,Tablets,Tablet 10,West,Mumbai,2,9538.2,0.1,1656.09,UPI
ORD-11136,2025-04-14,CUST-1489,Customer 1489,Office Supplies,Binders,File Binder,West,Mumbai,7,73867.5,0.25,9071.56,Cash
ORD-10967,2025-04-14,CUST-1178,Customer 1178,Technology,Laptops,Laptop Pro,South,Bengaluru,5,20395.75,0.15,7017.16,Credit Card
ORD-13520,2025-04-14,CUST-1051,Customer 1051,Office Supplies,Paper,A4 Paper,East,Kolkata,3,14165.25,0.15,3849.85,UPI
ORD-10842,2025-04-14,CUST-1035,Customer 1035,Appliances,Kitchen,Mixer Grinder,North,Jaipur,1,9037.6,0.2,927.36,Debit Card
ORD-14740,2025-04-14,CUST-1093,Customer 1093,Appliances,Kitchen,Mixer Grinder,South,Bengaluru,1,16294.5,0.1,3243.2,Cash
ORD-11673,2025-04-14,CUST-1359,Customer 1359,Appliances,Kitchen,Electric Kettle,East,Guwahati,5,4745.25,0.05,1858.79,Credit Card
ORD-13094,2025-04-15,CUST-1772,Customer 1772,Furniture,Office Furniture,Reception Desk,West,Pune,2,21537.6,0.2,2399.69,Debit Card
ORD-11793,2025-04-15,CUST-1138,Customer 1138,Office Supplies,Binders,Ring Binder,East,Bhubaneswar,3,31125.6,0.2,9949.56,UPI
ORD-12146,2025-04-15,CUST-1482,Customer 1482,Appliances,Kitchen,Mixer Grinder,South,Chennai,6,7376.4,0.1,1212.19,Net Banking
ORD-10108,2025-04-15,CUST-1580,Customer 1580,Appliances,Fans,Table Fan,East,Bhubaneswar,1,5176.8,0.1,936.05,Debit Card
ORD-14432,2025-04-15,CUST-1307,Customer 1307,Appliances,Home Care,Vacuum Cleaner,West,Mumbai,6,24694.2,0.1,8595.75,Cash
ORD-12764,2025-04-15,CUST-1555,Customer 1555,Technology,Laptops,Laptop Pro,North,Jaipur,7,39487.0,0.0,11826.19,Debit Card
ORD-12021,2025-04-15,CUST-1438,Customer 1438,Office Supplies,Organizers,Desk Organizer,East,Kolkata,5,63465.0,0.0,13887.91,Debit Card
ORD-14730,2025-04-15,CUST-1391,Customer 1391,Office Supplies,Organizers,Desk Organizer,North,Jaipur,2,19346.0,0.15,3928.1,Net Banking
ORD-11224,2025-04-15,CUST-1268,Customer 1268,Office Supplies,Binders,Ring Binder,West,Ahmedabad,1,3593.85,0.05,1138.2,Net Banking
ORD-13286,2025-04-15,CUST-1218,Customer 1218,Appliances,Kitchen,Mixer Grinder,North,Lucknow,2,20927.0,0.15,2172.56,Credit Card
ORD-11863,2025-04-15,CUST-1684,Customer 1684,Office Supplies,Paper,Premium Paper,North,Chandigarh,5,8839.75,0.05,3055.09,Net Banking
ORD-11042,2025-04-16,CUST-1155,Customer 1155,Furniture,Tables,Study Table,West,Surat,2,29094.7,0.05,12039.08,Credit Card
ORD-12885,2025-04-16,CUST-1665,Customer 1665,Appliances,Kitchen,Electric Kettle,North,Lucknow,1,15855.9,0.15,6036.34,Credit Card
ORD-14660,2025-04-16,CUST-1621,Customer 1621,Furniture,Office Furniture,Reception Desk,West,Mumbai,1,19218.5,0.15,2997.16,Credit Card
ORD-10326,2025-04-16,CUST-1338,Customer 1338,Furniture,Office Furniture,Workstation,South,Chennai,5,39106.75,0.05,11615.48,Net Banking
ORD-13095,2025-04-16,CUST-1745,Customer 1745,Technology,Accessories,Headphones,North,Jaipur,7,127443.05,0.15,18229.99,Debit Card
ORD-10344,2025-04-16,CUST-1554,Customer 1554,Furniture,Office Furniture,Reception Desk,East,Kolkata,3,44793.0,0.0,15214.48,UPI
ORD-14916,2025-04-16,CUST-1753,Customer 1753,Furniture,Office Furniture,Reception Desk,North,Lucknow,6,90678.0,0.0,28076.3,UPI
ORD-11864,2025-04-16,CUST-1302,Customer 1302,Furniture,Chairs,Office Chair,West,Pune,7,124434.8,0.05,45139.07,Credit Card
ORD-11142,2025-04-16,CUST-1628,Customer 1628,Technology,Tablets,Tablet 10,North,Chandigarh,1,8979.4,0.05,3149.92,Debit Card
ORD-12152,2025-04-16,CUST-1299,Customer 1299,Office Supplies,Binders,File Binder,South,Hyderabad,2,35077.8,0.05,7020.63,Cash
ORD-11534,2025-04-16,CUST-1521,Customer 1521,Technology,Laptops,Business Laptop,East,Guwahati,2,44473.3,0.05,11838.54,Net Banking
ORD-13814,2025-04-16,CUST-1191,Customer 1191,Technology,Accessories,Headphones,South,Bengaluru,4,6000.0,0.0,2516.51,Debit Card
ORD-11030,2025-04-16,CUST-1509,Customer 1509,Technology,Phones,Smartphone A,South,Kochi,7,52538.5,0.15,7326.3,Net Banking
ORD-11184,2025-04-16,CUST-1421,Customer 1421,Appliances,Home Care,Vacuum Cleaner,East,Bhubaneswar,5,35291.25,0.25,11771.75,Credit Card
ORD-14040,2025-04-16,CUST-1228,Customer 1228,Office Supplies,Paper,Premium Paper,East,Guwahati,5,100176.75,0.15,36544.4,Debit Card
ORD-14254,2025-04-16,CUST-1526,Customer 1526,Furniture,Storage,Filing Cabinet,South,Kochi,7,147274.4,0.15,21672.64,Net Banking
ORD-10578,2025-04-16,CUST-1579,Customer 1579,Furniture,Office Furniture,Workstation,South,Hyderabad,2,24274.4,0.05,3602.72,Debit Card
ORD-11983,2025-04-16,CUST-1213,Customer 1213,Appliances,Fans,Ceiling Fan,West,Ahmedabad,5,19390.5,0.1,2286.66,Credit Card
ORD-13189,2025-04-16,CUST-1438,Customer 1438,Furniture,Office Furniture,Workstation,East,Guwahati,5,64408.75,0.15,13632.62,Net Banking
ORD-10116,2025-04-16,CUST-1326,Customer 1326,Appliances,Home Care,Air Purifier,North,Delhi,6,102006.0,0.1,44241.12,Debit Card
ORD-14160,2025-04-16,CUST-1568,Customer 1568,Technology,Accessories,Keyboard,North,Delhi,4,53412.8,0.05,6924.38,UPI
ORD-12059,2025-04-16,CUST-1712,Customer 1712,Furniture,Office Furniture,Reception Desk,North,Delhi,3,47940.0,0.15,10959.45,Net Banking
ORD-12010,2025-04-17,CUST-1290,Customer 1290,Technology,Accessories,Keyboard,West,Pune,3,1456.8,0.2,170.14,UPI
ORD-12832,2025-04-17,CUST-1546,Customer 1546,Furniture,Chairs,Visitor Chair,West,Pune,6,68193.0,0.25,24690.71,UPI
ORD-13116,2025-04-17,CUST-1791,Customer 1791,Technology,Accessories,Keyboard,West,Ahmedabad,6,112032.0,0.0,41449.89,Net Banking
ORD-14291,2025-04-17,CUST-1542,Customer 1542,Office Supplies,Pens,Ball Pen,West,Surat,1,18590.35,0.15,5025.11,Net Banking
ORD-10988,2025-04-17,CUST-1326,Customer 1326,Appliances,Fans,Ceiling Fan,West,Pune,6,56875.2,0.15,7929.66,Net Banking
ORD-14292,2025-04-17,CUST-1759,Customer 1759,Appliances,Fans,Table Fan,South,Bengaluru,2,24244.2,0.1,9943.35,UPI
ORD-11485,2025-04-17,CUST-1774,Customer 1774,Office Supplies,Pens,Ball Pen,West,Ahmedabad,7,130683.0,0.0,34771.24,Credit Card
ORD-10953,2025-04-17,CUST-1487,Customer 1487,Technology,Tablets,Tablet Pro,West,Mumbai,3,70668.6,0.05,29980.95,Net Banking
ORD-11756,2025-04-17,CUST-1473,Customer 1473,Appliances,Fans,Table Fan,South,Chennai,2,23244.1,0.15,9813.52,Debit Card
ORD-14373,2025-04-17,CUST-1406,Customer 1406,Appliances,Fans,Table Fan,East,Bhubaneswar,1,7513.5,0.25,874.13,Cash
ORD-11886,2025-04-17,CUST-1158,Customer 1158,Furniture,Chairs,Office Chair,East,Guwahati,2,21868.0,0.0,2359.56,Credit Card
ORD-10861,2025-04-17,CUST-1174,Customer 1174,Appliances,Kitchen,Electric Kettle,South,Kochi,2,20988.0,0.0,9243.92,Net Banking
ORD-13302,2025-04-17,CUST-1426,Customer 1426,Appliances,Small Appliances,Toaster,West,Mumbai,7,101444.0,0.2,14487.86,UPI
ORD-11360,2025-04-17,CUST-1010,Customer 1010,Office Supplies,Pens,Gel Pen,East,Bhubaneswar,1,21055.5,0.1,4479.47,Cash
ORD-11701,2025-04-18,CUST-1355,Customer 1355,Technology,Laptops,Business Laptop,South,Hyderabad,7,60408.6,0.05,21408.38,Net Banking
ORD-12430,2025-04-18,CUST-1496,Customer 1496,Office Supplies,Pens,Gel Pen,West,Surat,6,124326.0,0.0,51728.95,Debit Card
ORD-10331,2025-04-18,CUST-1517,Customer 1517,Technology,Phones,Smartphone C,East,Kolkata,1,4875.75,0.25,1996.1,Credit Card
ORD-11145,2025-04-18,CUST-1127,Customer 1127,Appliances,Kitchen,Electric Kettle,North,Chandigarh,2,36382.0,0.0,4322.04,Debit Card
ORD-10275,2025-04-18,CUST-1413,Customer 1413,Technology,Tablets,Tablet 10,East,Kolkata,5,6011.25,0.25,2010.61,Credit Card
ORD-14072,2025-04-18,CUST-1751,Customer 1751,Technology,Accessories,Keyboard,South,Chennai,2,5593.6,0.05,2332.65,Credit Card
ORD-11992,2025-04-18,CUST-1528,Customer 1528,Office Supplies,Organizers,Document Tray,North,Chandigarh,6,75815.7,0.05,13253.54,Debit Card
ORD-12004,2025-04-18,CUST-1119,Customer 1119,Appliances,Kitchen,Electric Kettle,East,Guwahati,3,62084.85,0.15,9607.79,Credit Card
ORD-12569,2025-04-18,CUST-1337,Customer 1337,Appliances,Kitchen,Electric Kettle,East,Patna,1,18331.2,0.05,5862.24,UPI
ORD-14698,2025-04-18,CUST-1512,Customer 1512,Technology,Phones,Smartphone A,North,Lucknow,3,8418.9,0.05,1837.58,Net Banking
ORD-12470,2025-04-18,CUST-1404,Customer 1404,Appliances,Fans,Table Fan,West,Surat,5,9815.0,0.0,4115.36,UPI
ORD-12247,2025-04-18,CUST-1598,Customer 1598,Technology,Phones,Smartphone C,South,Chennai,7,140318.85,0.15,15281.23,Cash
ORD-11598,2025-04-18,CUST-1744,Customer 1744,Technology,Accessories,Keyboard,East,Kolkata,5,111298.5,0.1,25030.46,Cash
ORD-14690,2025-04-18,CUST-1207,Customer 1207,Furniture,Storage,Bookshelf,West,Surat,6,66353.7,0.05,17863.16,Net Banking
ORD-13170,2025-04-19,CUST-1601,Customer 1601,Appliances,Small Appliances,Blender,South,Bengaluru,6,116519.7,0.15,30282.04,Cash
ORD-14679,2025-04-19,CUST-1693,Customer 1693,Appliances,Home Care,Air Purifier,West,Mumbai,4,57932.8,0.2,19806.4,Debit Card
ORD-11160,2025-04-19,CUST-1435,Customer 1435,Appliances,Small Appliances,Toaster,North,Lucknow,5,57472.0,0.2,21443.34,UPI
ORD-13000,2025-04-19,CUST-1677,Customer 1677,Appliances,Kitchen,Mixer Grinder,West,Surat,7,73763.2,0.2,16500.3,Net Banking
ORD-10091,2025-04-19,CUST-1661,Customer 1661,Appliances,Kitchen,Mixer Grinder,West,Surat,4,40248.0,0.0,14465.51,Cash
ORD-13790,2025-04-19,CUST-1382,Customer 1382,Technology,Tablets,Tablet Pro,West,Pune,7,113463.0,0.1,44654.53,Net Banking
ORD-12408,2025-04-19,CUST-1391,Customer 1391,Office Supplies,Binders,File Binder,North,Delhi,1,18735.2,0.2,4027.5,Net Banking
ORD-11780,2025-04-19,CUST-1077,Customer 1077,Appliances,Fans,Table Fan,East,Patna,7,38662.4,0.2,16185.18,UPI
ORD-12128,2025-04-19,CUST-1617,Customer 1617,Office Supplies,Binders,File Binder,North,Lucknow,7,85022.0,0.0,36037.81,Cash
ORD-14217,2025-04-19,CUST-1787,Customer 1787,Furniture,Tables,Office Desk,West,Mumbai,6,77149.5,0.05,13397.57,UPI
ORD-10646,2025-04-19,CUST-1086,Customer 1086,Technology,Accessories,Keyboard,South,Hyderabad,5,53648.0,0.2,16923.46,Debit Card
ORD-14027,2025-04-19,CUST-1697,Customer 1697,Technology,Phones,Smartphone C,South,Kochi,4,57575.6,0.15,7287.92,UPI
ORD-10576,2025-04-20,CUST-1350,Customer 1350,Furniture,Office Furniture,Workstation,North,Chandigarh,6,132852.0,0.0,45423.88,Credit Card
ORD-13911,2025-04-20,CUST-1304,Customer 1304,Appliances,Kitchen,Mixer Grinder,West,Pune,3,10895.55,0.05,3761.56,Cash
ORD-10534,2025-04-20,CUST-1680,Customer 1680,Technology,Phones,Smartphone B,East,Patna,5,68704.0,0.2,11527.49,Debit Card
ORD-14404,2025-04-20,CUST-1484,Customer 1484,Office Supplies,Paper,A4 Paper,West,Mumbai,7,22342.25,0.15,8138.32,Debit Card
ORD-12742,2025-04-20,CUST-1524,Customer 1524,Furniture,Tables,Study Table,North,Jaipur,1,12852.0,0.15,3075.82,Cash
ORD-10943,2025-04-20,CUST-1772,Customer 1772,Appliances,Small Appliances,Toaster,North,Delhi,2,5134.5,0.25,1879.05,UPI
ORD-10950,2025-04-20,CUST-1108,Customer 1108,Technology,Accessories,USB Cable,East,Kolkata,3,41674.65,0.15,8178.91,UPI
ORD-10417,2025-04-20,CUST-1054,Customer 1054,Technology,Tablets,Tablet Pro,South,Hyderabad,6,14815.5,0.15,2419.74,UPI
ORD-14077,2025-04-20,CUST-1240,Customer 1240,Appliances,Fans,Ceiling Fan,West,Surat,6,37061.7,0.15,13742.78,UPI
ORD-12670,2025-04-20,CUST-1434,Customer 1434,Office Supplies,Pens,Marker,South,Bengaluru,5,8968.5,0.1,1823.47,Debit Card
ORD-13510,2025-04-20,CUST-1266,Customer 1266,Technology,Laptops,Business Laptop,East,Patna,5,86836.0,0.2,26561.22,Cash
ORD-13568,2025-04-20,CUST-1110,Customer 1110,Office Supplies,Organizers,Document Tray,North,Delhi,7,51436.0,0.2,10253.42,Cash
ORD-13465,2025-04-20,CUST-1798,Customer 1798,Appliances,Small Appliances,Toaster,South,Chennai,2,17748.0,0.1,6005.07,Credit Card
ORD-10704,2025-04-20,CUST-1415,Customer 1415,Appliances,Kitchen,Electric Kettle,East,Guwahati,5,103585.0,0.0,36753.51,Credit Card
ORD-12830,2025-04-20,CUST-1624,Customer 1624,Technology,Laptops,Business Laptop,West,Ahmedabad,7,74459.0,0.0,16389.16,Cash
ORD-13391,2025-04-20,CUST-1312,Customer 1312,Appliances,Kitchen,Mixer Grinder,South,Kochi,2,30274.6,0.05,9514.62,Net Banking
ORD-13674,2025-04-20,CUST-1608,Customer 1608,Furniture,Storage,Storage Box,North,Jaipur,7,64370.25,0.25,22493.29,Debit Card
ORD-11349,2025-04-21,CUST-1104,Customer 1104,Appliances,Kitchen,Electric Kettle,East,Patna,1,3001.05,0.05,881.67,Cash
ORD-10773,2025-04-21,CUST-1607,Customer 1607,Technology,Accessories,Keyboard,East,Guwahati,2,14504.6,0.05,1897.32,Credit Card
ORD-12676,2025-04-21,CUST-1154,Customer 1154,Technology,Accessories,Wireless Mouse,South,Chennai,6,23620.8,0.05,5663.3,UPI
ORD-14353,2025-04-21,CUST-1185,Customer 1185,Office Supplies,Pens,Gel Pen,South,Chennai,6,23743.8,0.1,7340.9,Net Banking
ORD-12659,2025-04-21,CUST-1560,Customer 1560,Office Supplies,Binders,File Binder,South,Kochi,7,56537.25,0.25,20178.53,Credit Card
ORD-11519,2025-04-21,CUST-1695,Customer 1695,Appliances,Kitchen,Mixer Grinder,West,Surat,4,22508.0,0.15,7693.93,Cash
ORD-14883,2025-04-21,CUST-1395,Customer 1395,Furniture,Storage,Storage Box,North,Chandigarh,6,134103.9,0.05,14123.74,Credit Card
ORD-14481,2025-04-21,CUST-1522,Customer 1522,Technology,Tablets,Tablet 10,East,Bhubaneswar,7,153770.4,0.1,16887.98,Net Banking
ORD-10480,2025-04-21,CUST-1541,Customer 1541,Appliances,Home Care,Vacuum Cleaner,West,Pune,7,32194.4,0.2,7911.68,Credit Card
ORD-10843,2025-04-21,CUST-1297,Customer 1297,Technology,Accessories,Headphones,South,Bengaluru,4,32323.8,0.15,8802.95,Net Banking
ORD-13541,2025-04-21,CUST-1689,Customer 1689,Furniture,Tables,Study Table,South,Bengaluru,6,47639.1,0.15,10995.59,Net Banking
ORD-13303,2025-04-21,CUST-1590,Customer 1590,Technology,Accessories,Keyboard,South,Hyderabad,3,31627.8,0.1,13349.48,Credit Card
ORD-12153,2025-04-21,CUST-1052,Customer 1052,Technology,Laptops,Laptop Pro,South,Chennai,6,96318.0,0.0,41429.94,Net Banking
ORD-12923,2025-04-21,CUST-1756,Customer 1756,Technology,Phones,Smartphone A,North,Chandigarh,2,29100.6,0.15,4086.13,Cash
ORD-14969,2025-04-21,CUST-1341,Customer 1341,Office Supplies,Organizers,Desk Organizer,South,Hyderabad,4,87454.8,0.1,37707.85,Credit Card
ORD-12715,2025-04-21,CUST-1053,Customer 1053,Furniture,Office Furniture,Workstation,West,Surat,1,5890.5,0.25,2389.85,Cash
ORD-10604,2025-04-21,CUST-1331,Customer 1331,Furniture,Chairs,Ergonomic Chair,West,Ahmedabad,2,5521.6,0.15,1693.4,Cash
ORD-10650,2025-04-22,CUST-1444,Customer 1444,Technology,Tablets,Tablet Pro,South,Hyderabad,2,26518.3,0.05,10214.77,Cash
ORD-10075,2025-04-22,CUST-1226,Customer 1226,Technology,Accessories,Headphones,North,Lucknow,2,37355.2,0.2,7004.59,Cash
ORD-12918,2025-04-22,CUST-1384,Customer 1384,Office Supplies,Pens,Marker,East,Kolkata,6,13673.1,0.15,4566.77,Debit Card
ORD-11845,2025-04-22,CUST-1496,Customer 1496,Furniture,Office Furniture,Reception Desk,West,Surat,7,147086.1,0.1,31380.47,Net Banking
ORD-12118,2025-04-22,CUST-1130,Customer 1130,Appliances,Kitchen,Electric Kettle,North,Jaipur,3,56994.0,0.0,14790.46,Cash
ORD-12101,2025-04-22,CUST-1107,Customer 1107,Office Supplies,Organizers,Desk Organizer,North,Jaipur,6,58660.8,0.2,9873.27,Net Banking
ORD-13389,2025-04-22,CUST-1416,Customer 1416,Technology,Accessories,Wireless Mouse,West,Surat,7,112453.6,0.2,42077.91,Net Banking
ORD-14416,2025-04-22,CUST-1155,Customer 1155,Technology,Accessories,Wireless Mouse,North,Chandigarh,7,31304.7,0.1,10861.69,Credit Card
ORD-13732,2025-04-23,CUST-1682,Customer 1682,Appliances,Home Care,Vacuum Cleaner,West,Ahmedabad,4,78872.0,0.0,32653.55,Net Banking
ORD-14552,2025-04-23,CUST-1772,Customer 1772,Office Supplies,Pens,Ball Pen,South,Bengaluru,7,70609.0,0.0,19471.92,Net Banking
ORD-10789,2025-04-23,CUST-1670,Customer 1670,Appliances,Small Appliances,Blender,North,Jaipur,2,11041.2,0.1,2270.13,Net Banking
ORD-12142,2025-04-23,CUST-1179,Customer 1179,Furniture,Storage,Filing Cabinet,East,Patna,2,28625.4,0.05,6683.62,Credit Card
ORD-12071,2025-04-23,CUST-1596,Customer 1596,Technology,Tablets,Tablet Pro,West,Mumbai,1,13824.9,0.1,4538.02,Debit Card
ORD-10317,2025-04-23,CUST-1480,Customer 1480,Office Supplies,Organizers,Document Tray,West,Ahmedabad,4,45501.2,0.05,20458.16,Debit Card
ORD-12389,2025-04-23,CUST-1309,Customer 1309,Office Supplies,Pens,Gel Pen,North,Chandigarh,4,12838.4,0.15,3868.19,Debit Card
ORD-13973,2025-04-23,CUST-1526,Customer 1526,Office Supplies,Organizers,Document Tray,East,Guwahati,7,86849.0,0.05,32774.2,Cash
ORD-14230,2025-04-23,CUST-1608,Customer 1608,Appliances,Home Care,Air Purifier,South,Hyderabad,1,11829.45,0.15,4438.3,Debit Card
ORD-13525,2025-04-23,CUST-1157,Customer 1157,Office Supplies,Pens,Gel Pen,West,Mumbai,5,70047.0,0.1,22875.55,UPI
ORD-11010,2025-04-23,CUST-1553,Customer 1553,Appliances,Home Care,Vacuum Cleaner,West,Surat,4,17376.0,0.0,3398.08,UPI
ORD-13861,2025-04-23,CUST-1370,Customer 1370,Appliances,Home Care,Air Purifier,West,Ahmedabad,3,5828.25,0.05,2315.16,Cash
ORD-10322,2025-04-23,CUST-1223,Customer 1223,Technology,Phones,Smartphone A,South,Chennai,6,42715.2,0.2,8056.54,Net Banking
ORD-10085,2025-04-24,CUST-1095,Customer 1095,Office Supplies,Organizers,Desk Organizer,North,Delhi,6,39333.6,0.1,16475.95,Cash
ORD-11804,2025-04-24,CUST-1554,Customer 1554,Appliances,Small Appliances,Toaster,East,Patna,3,12180.0,0.0,1790.49,Cash
ORD-14170,2025-04-24,CUST-1193,Customer 1193,Furniture,Storage,Bookshelf,North,Jaipur,1,6064.2,0.1,2507.72,Net Banking
ORD-14293,2025-04-24,CUST-1221,Customer 1221,Appliances,Fans,Ceiling Fan,East,Bhubaneswar,3,24418.8,0.1,5440.84,Credit Card
ORD-11857,2025-04-24,CUST-1708,Customer 1708,Technology,Accessories,Headphones,West,Ahmedabad,7,8373.75,0.25,3537.2,Credit Card
ORD-14009,2025-04-24,CUST-1359,Customer 1359,Appliances,Home Care,Vacuum Cleaner,North,Lucknow,5,116405.0,0.0,43582.51,Debit Card
ORD-13079,2025-04-24,CUST-1738,Customer 1738,Technology,Accessories,USB Cable,South,Chennai,2,47500.0,0.05,15495.94,Net Banking
ORD-10364,2025-04-24,CUST-1580,Customer 1580,Furniture,Tables,Study Table,East,Patna,4,38812.0,0.0,15118.99,Cash
ORD-10474,2025-04-24,CUST-1324,Customer 1324,Appliances,Fans,Ceiling Fan,North,Delhi,6,20371.8,0.05,4087.89,Debit Card
ORD-13798,2025-04-25,CUST-1050,Customer 1050,Appliances,Kitchen,Mixer Grinder,South,Bengaluru,2,24511.9,0.05,5878.86,Net Banking
ORD-11226,2025-04-25,CUST-1311,Customer 1311,Furniture,Chairs,Visitor Chair,North,Jaipur,6,64740.6,0.05,23416.95,Credit Card
ORD-12617,2025-04-25,CUST-1460,Customer 1460,Furniture,Storage,Bookshelf,North,Chandigarh,4,24280.0,0.0,4659.96,UPI
ORD-13473,2025-04-25,CUST-1020,Customer 1020,Furniture,Chairs,Ergonomic Chair,East,Kolkata,1,1347.0,0.25,198.53,UPI
ORD-14385,2025-04-25,CUST-1504,Customer 1504,Office Supplies,Paper,A4 Paper,East,Patna,2,30697.5,0.25,10863.92,Cash
ORD-11319,2025-04-25,CUST-1511,Customer 1511,Furniture,Tables,Office Desk,South,Chennai,5,41990.0,0.15,16557.82,Cash
ORD-10735,2025-04-25,CUST-1450,Customer 1450,Furniture,Tables,Meeting Table,West,Mumbai,4,10119.4,0.05,3521.47,Debit Card
ORD-14842,2025-04-25,CUST-1294,Customer 1294,Office Supplies,Pens,Ball Pen,East,Patna,6,60047.4,0.15,24885.79,UPI
ORD-11660,2025-04-25,CUST-1333,Customer 1333,Appliances,Small Appliances,Toaster,South,Bengaluru,5,82000.0,0.0,9926.13,Debit Card
ORD-11509,2025-04-25,CUST-1196,Customer 1196,Appliances,Kitchen,Mixer Grinder,North,Chandigarh,3,8095.5,0.25,2143.06,Debit Card
ORD-14655,2025-04-25,CUST-1378,Customer 1378,Appliances,Home Care,Air Purifier,South,Chennai,5,90270.0,0.1,13191.91,Cash
ORD-12282,2025-04-25,CUST-1553,Customer 1553,Office Supplies,Pens,Gel Pen,North,Jaipur,2,6424.5,0.25,2544.74,Credit Card
ORD-14314,2025-04-25,CUST-1242,Customer 1242,Furniture,Tables,Study Table,North,Jaipur,2,24466.0,0.0,5149.5,Cash
ORD-12534,2025-04-26,CUST-1719,Customer 1719,Furniture,Storage,Storage Box,West,Surat,5,116705.0,0.0,51401.46,Cash
ORD-11823,2025-04-26,CUST-1501,Customer 1501,Appliances,Kitchen,Mixer Grinder,West,Pune,7,39575.2,0.2,5538.47,Net Banking
ORD-12780,2025-04-26,CUST-1582,Customer 1582,Office Supplies,Binders,Ring Binder,East,Patna,3,50807.25,0.25,19883.22,Net Banking
ORD-14080,2025-04-26,CUST-1691,Customer 1691,Technology,Laptops,Laptop Air,South,Hyderabad,3,64160.1,0.1,26656.69,Cash
ORD-12919,2025-04-26,CUST-1032,Customer 1032,Appliances,Small Appliances,Toaster,West,Pune,2,13610.2,0.15,3336.03,UPI
ORD-14289,2025-04-26,CUST-1193,Customer 1193,Office Supplies,Paper,A4 Paper,North,Lucknow,3,47502.0,0.0,19805.97,Debit Card
ORD-11698,2025-04-26,CUST-1423,Customer 1423,Office Supplies,Paper,Premium Paper,West,Mumbai,1,11153.95,0.05,3739.12,Net Banking
ORD-13646,2025-04-26,CUST-1504,Customer 1504,Appliances,Home Care,Air Purifier,West,Surat,7,70166.25,0.25,8022.52,UPI
ORD-10135,2025-04-26,CUST-1670,Customer 1670,Office Supplies,Pens,Ball Pen,East,Guwahati,7,79247.0,0.0,17949.49,Net Banking
ORD-14720,2025-04-26,CUST-1333,Customer 1333,Furniture,Tables,Meeting Table,South,Chennai,7,79779.0,0.0,30919.76,Debit Card
ORD-11890,2025-04-27,CUST-1760,Customer 1760,Technology,Phones,Smartphone A,South,Bengaluru,3,12134.4,0.2,2192.78,Cash
ORD-10082,2025-04-27,CUST-1339,Customer 1339,Appliances,Kitchen,Mixer Grinder,West,Mumbai,4,81385.2,0.1,9769.41,Debit Card
ORD-12125,2025-04-27,CUST-1175,Customer 1175,Furniture,Tables,Office Desk,North,Lucknow,7,145943.0,0.0,18340.33,UPI
ORD-12369,2025-04-27,CUST-1398,Customer 1398,Technology,Accessories,Wireless Mouse,North,Jaipur,2,44688.0,0.0,17446.68,Credit Card
ORD-10880,2025-04-27,CUST-1304,Customer 1304,Technology,Phones,Smartphone A,East,Patna,4,8283.6,0.1,2076.43,UPI
ORD-11415,2025-04-27,CUST-1374,Customer 1374,Furniture,Storage,Bookshelf,East,Kolkata,6,95418.0,0.05,21404.99,Credit Card
ORD-14801,2025-04-27,CUST-1391,Customer 1391,Office Supplies,Binders,File Binder,West,Pune,6,104160.6,0.1,14444.75,Cash
ORD-10682,2025-04-28,CUST-1631,Customer 1631,Technology,Tablets,Tablet 10,North,Lucknow,5,88663.5,0.05,28490.63,Debit Card
ORD-10187,2025-04-28,CUST-1587,Customer 1587,Furniture,Storage,Bookshelf,South,Bengaluru,6,42978.6,0.1,12290.09,Cash
ORD-12222,2025-04-28,CUST-1494,Customer 1494,Office Supplies,Binders,File Binder,North,Jaipur,7,77419.3,0.05,29948.35,Credit Card
ORD-14997,2025-04-28,CUST-1079,Customer 1079,Furniture,Storage,Bookshelf,North,Jaipur,1,10007.05,0.15,4474.9,Cash
ORD-12269,2025-04-28,CUST-1276,Customer 1276,Technology,Accessories,USB Cable,East,Bhubaneswar,4,55584.0,0.0,18101.95,Net Banking
ORD-14320,2025-04-28,CUST-1056,Customer 1056,Office Supplies,Paper,A4 Paper,West,Ahmedabad,6,4824.0,0.25,1478.52,Credit Card
ORD-11000,2025-04-28,CUST-1256,Customer 1256,Office Supplies,Binders,Ring Binder,North,Delhi,4,14360.4,0.1,2804.55,Cash
ORD-14851,2025-04-28,CUST-1443,Customer 1443,Technology,Laptops,Laptop Air,West,Pune,2,35521.5,0.15,5921.51,Credit Card
ORD-14396,2025-04-28,CUST-1089,Customer 1089,Technology,Accessories,Wireless Mouse,South,Hyderabad,4,16204.8,0.2,4767.2,UPI
ORD-13618,2025-04-28,CUST-1016,Customer 1016,Furniture,Office Furniture,Reception Desk,South,Bengaluru,1,8036.1,0.1,1052.28,Net Banking
ORD-12503,2025-04-28,CUST-1188,Customer 1188,Technology,Laptops,Laptop Air,North,Chandigarh,6,148998.0,0.0,30461.04,Cash
ORD-12070,2025-04-28,CUST-1683,Customer 1683,Office Supplies,Organizers,Desk Organizer,South,Hyderabad,2,4743.0,0.25,2017.22,Debit Card
ORD-11071,2025-04-29,CUST-1352,Customer 1352,Technology,Phones,Smartphone B,West,Surat,1,5540.0,0.0,1889.51,Cash
ORD-12313,2025-04-29,CUST-1113,Customer 1113,Office Supplies,Pens,Gel Pen,South,Hyderabad,3,37970.1,0.1,10843.45,Debit Card
ORD-11144,2025-04-29,CUST-1321,Customer 1321,Office Supplies,Binders,File Binder,East,Patna,3,3679.35,0.05,1038.75,Debit Card
ORD-12159,2025-04-29,CUST-1035,Customer 1035,Furniture,Storage,Storage Box,East,Kolkata,3,24291.3,0.15,10121.55,Net Banking
ORD-11539,2025-04-29,CUST-1225,Customer 1225,Furniture,Office Furniture,Workstation,East,Guwahati,2,15592.0,0.0,6681.07,Debit Card
ORD-11033,2025-04-29,CUST-1294,Customer 1294,Technology,Accessories,USB Cable,East,Bhubaneswar,7,75856.55,0.05,12603.8,Credit Card
ORD-14260,2025-04-29,CUST-1346,Customer 1346,Office Supplies,Pens,Ball Pen,West,Pune,6,81834.9,0.05,31389.3,UPI
ORD-14178,2025-04-29,CUST-1536,Customer 1536,Office Supplies,Paper,A4 Paper,East,Bhubaneswar,3,37653.3,0.15,5954.55,Cash
ORD-11368,2025-04-29,CUST-1018,Customer 1018,Furniture,Storage,Filing Cabinet,West,Mumbai,7,17718.4,0.2,4602.42,UPI
ORD-14852,2025-04-29,CUST-1533,Customer 1533,Furniture,Storage,Storage Box,East,Patna,1,14926.4,0.2,3999.0,Debit Card
ORD-12610,2025-04-29,CUST-1748,Customer 1748,Appliances,Small Appliances,Toaster,North,Lucknow,3,43572.0,0.2,12105.7,Credit Card
ORD-10336,2025-04-29,CUST-1086,Customer 1086,Appliances,Fans,Ceiling Fan,South,Chennai,5,43600.5,0.1,17293.92,Debit Card
ORD-13604,2025-04-29,CUST-1012,Customer 1012,Appliances,Home Care,Vacuum Cleaner,West,Mumbai,5,91719.0,0.1,9344.88,Credit Card
ORD-14110,2025-04-29,CUST-1364,Customer 1364,Technology,Accessories,Headphones,South,Hyderabad,4,82555.2,0.1,29227.67,Net Banking
ORD-10891,2025-04-29,CUST-1074,Customer 1074,Office Supplies,Binders,Ring Binder,North,Chandigarh,3,52933.5,0.1,21869.71,Credit Card
ORD-14911,2025-04-29,CUST-1093,Customer 1093,Appliances,Kitchen,Electric Kettle,West,Mumbai,4,41418.8,0.15,9268.89,Net Banking
ORD-11258,2025-04-29,CUST-1202,Customer 1202,Office Supplies,Pens,Gel Pen,East,Guwahati,6,68447.1,0.15,28523.08,Net Banking
ORD-13860,2025-04-29,CUST-1603,Customer 1603,Technology,Phones,Smartphone C,East,Bhubaneswar,1,8440.0,0.2,3734.62,Credit Card
ORD-12089,2025-04-29,CUST-1785,Customer 1785,Appliances,Small Appliances,Toaster,West,Pune,1,18196.0,0.0,5770.88,Net Banking
ORD-14149,2025-04-29,CUST-1710,Customer 1710,Furniture,Office Furniture,Reception Desk,North,Delhi,2,17881.2,0.1,6905.45,Cash
ORD-12736,2025-04-30,CUST-1094,Customer 1094,Furniture,Office Furniture,Reception Desk,West,Mumbai,2,38408.5,0.05,15028.1,Debit Card
ORD-11659,2025-04-30,CUST-1090,Customer 1090,Technology,Accessories,USB Cable,West,Surat,2,25502.4,0.2,3414.4,Cash
ORD-12414,2025-04-30,CUST-1613,Customer 1613,Office Supplies,Binders,Ring Binder,West,Ahmedabad,2,10517.4,0.1,2991.72,Debit Card
ORD-12500,2025-04-30,CUST-1522,Customer 1522,Appliances,Home Care,Air Purifier,South,Kochi,7,20170.5,0.15,2316.79,Debit Card
ORD-10691,2025-04-30,CUST-1535,Customer 1535,Furniture,Tables,Study Table,North,Delhi,5,31302.0,0.1,6560.32,Debit Card
ORD-13392,2025-04-30,CUST-1252,Customer 1252,Technology,Accessories,Keyboard,North,Jaipur,6,116409.6,0.2,18036.23,Debit Card
ORD-14931,2025-04-30,CUST-1642,Customer 1642,Technology,Laptops,Laptop Air,North,Chandigarh,2,32792.4,0.1,11610.27,UPI
ORD-10445,2025-04-30,CUST-1039,Customer 1039,Appliances,Kitchen,Electric Kettle,East,Guwahati,1,4799.0,0.0,1407.83,Net Banking
ORD-14568,2025-04-30,CUST-1681,Customer 1681,Office Supplies,Organizers,Document Tray,North,Jaipur,7,110177.2,0.05,27445.74,Cash
ORD-14418,2025-04-30,CUST-1115,Customer 1115,Furniture,Tables,Study Table,South,Bengaluru,1,2808.0,0.1,846.42,Net Banking
ORD-14918,2025-04-30,CUST-1767,Customer 1767,Appliances,Small Appliances,Toaster,North,Lucknow,5,36375.5,0.05,9803.28,Credit Card
ORD-11503,2025-04-30,CUST-1065,Customer 1065,Furniture,Chairs,Office Chair,West,Surat,2,15948.6,0.05,3310.84,UPI
ORD-10031,2025-04-30,CUST-1770,Customer 1770,Technology,Laptops,Laptop Pro,North,Jaipur,6,12408.9,0.05,2229.92,Net Banking
ORD-12508,2025-05-01,CUST-1154,Customer 1154,Furniture,Office Furniture,Reception Desk,South,Bengaluru,3,63446.55,0.15,9285.21,Credit Card
ORD-12560,2025-05-01,CUST-1724,Customer 1724,Furniture,Office Furniture,Reception Desk,South,Bengaluru,6,2432.7,0.15,304.79,Net Banking
ORD-14666,2025-05-01,CUST-1600,Customer 1600,Appliances,Kitchen,Mixer Grinder,West,Surat,2,28193.4,0.1,6667.97,Net Banking
ORD-10442,2025-05-01,CUST-1466,Customer 1466,Appliances,Fans,Ceiling Fan,South,Bengaluru,1,11718.0,0.1,2299.09,Credit Card
ORD-10120,2025-05-01,CUST-1189,Customer 1189,Technology,Phones,Smartphone B,South,Chennai,7,48188.7,0.1,8055.37,UPI
ORD-10758,2025-05-01,CUST-1034,Customer 1034,Office Supplies,Organizers,Desk Organizer,South,Hyderabad,2,14667.2,0.2,3054.23,UPI
ORD-11212,2025-05-01,CUST-1406,Customer 1406,Appliances,Small Appliances,Blender,East,Patna,4,67231.6,0.15,11270.66,UPI
ORD-10369,2025-05-01,CUST-1709,Customer 1709,Office Supplies,Organizers,Document Tray,East,Patna,3,51650.4,0.2,5554.9,UPI
ORD-10047,2025-05-01,CUST-1183,Customer 1183,Appliances,Fans,Ceiling Fan,North,Chandigarh,7,104245.4,0.05,31546.76,UPI
ORD-12788,2025-05-01,CUST-1458,Customer 1458,Technology,Laptops,Laptop Air,North,Lucknow,7,24990.0,0.0,9858.61,UPI
ORD-11761,2025-05-01,CUST-1259,Customer 1259,Appliances,Fans,Ceiling Fan,East,Kolkata,1,23664.5,0.05,4031.97,UPI
ORD-11267,2025-05-01,CUST-1323,Customer 1323,Office Supplies,Paper,Premium Paper,North,Chandigarh,4,88171.4,0.05,18445.7,Net Banking
ORD-13749,2025-05-01,CUST-1662,Customer 1662,Technology,Accessories,Keyboard,South,Bengaluru,5,61105.0,0.0,13060.11,Net Banking
ORD-13145,2025-05-01,CUST-1471,Customer 1471,Office Supplies,Paper,A4 Paper,North,Chandigarh,5,94920.0,0.0,23382.84,UPI
ORD-11891,2025-05-01,CUST-1460,Customer 1460,Furniture,Office Furniture,Workstation,West,Ahmedabad,5,33696.5,0.05,11064.32,Debit Card
ORD-14250,2025-05-01,CUST-1205,Customer 1205,Technology,Phones,Smartphone B,West,Surat,2,5558.4,0.1,604.68,Debit Card
ORD-14172,2025-05-01,CUST-1451,Customer 1451,Office Supplies,Organizers,Desk Organizer,South,Kochi,3,62851.05,0.05,23067.69,UPI
ORD-11362,2025-05-01,CUST-1784,Customer 1784,Furniture,Office Furniture,Workstation,East,Bhubaneswar,6,53688.0,0.2,19853.61,Net Banking
ORD-12993,2025-05-01,CUST-1596,Customer 1596,Furniture,Storage,Filing Cabinet,North,Chandigarh,1,10218.0,0.0,1456.0,Credit Card
ORD-10529,2025-05-01,CUST-1358,Customer 1358,Furniture,Tables,Office Desk,North,Chandigarh,5,21615.5,0.15,8091.68,Cash
ORD-10533,2025-05-01,CUST-1713,Customer 1713,Technology,Laptops,Laptop Pro,West,Ahmedabad,2,15748.8,0.15,1896.62,Credit Card
ORD-10564,2025-05-01,CUST-1719,Customer 1719,Office Supplies,Paper,A4 Paper,West,Pune,5,56560.5,0.1,25232.16,Credit Card
ORD-12614,2025-05-01,CUST-1066,Customer 1066,Appliances,Fans,Ceiling Fan,West,Mumbai,1,11745.0,0.25,1433.54,Credit Card
ORD-13986,2025-05-02,CUST-1425,Customer 1425,Appliances,Kitchen,Electric Kettle,West,Surat,4,57620.0,0.0,10742.42,UPI
ORD-14430,2025-05-02,CUST-1279,Customer 1279,Technology,Laptops,Laptop Pro,South,Kochi,1,18468.8,0.2,6390.23,Debit Card
ORD-10753,2025-05-02,CUST-1752,Customer 1752,Furniture,Storage,Storage Box,North,Lucknow,3,13286.7,0.1,2933.13,UPI
ORD-10324,2025-05-02,CUST-1481,Customer 1481,Furniture,Tables,Meeting Table,East,Patna,3,8685.6,0.2,1871.42,UPI
ORD-14580,2025-05-02,CUST-1647,Customer 1647,Furniture,Tables,Meeting Table,South,Bengaluru,2,10453.5,0.25,1647.55,UPI
ORD-13742,2025-05-02,CUST-1412,Customer 1412,Furniture,Chairs,Ergonomic Chair,East,Patna,7,26034.75,0.05,11589.07,Debit Card
ORD-12241,2025-05-02,CUST-1019,Customer 1019,Technology,Accessories,Wireless Mouse,West,Pune,1,18530.0,0.0,3947.06,Net Banking
ORD-13132,2025-05-02,CUST-1490,Customer 1490,Office Supplies,Pens,Marker,East,Kolkata,6,21928.5,0.25,2928.57,UPI
ORD-10074,2025-05-02,CUST-1134,Customer 1134,Furniture,Storage,Bookshelf,South,Chennai,6,70308.6,0.15,13456.65,Cash
ORD-10103,2025-05-02,CUST-1774,Customer 1774,Furniture,Storage,Filing Cabinet,North,Chandigarh,3,51010.2,0.15,10148.55,Net Banking
ORD-11634,2025-05-02,CUST-1780,Customer 1780,Office Supplies,Paper,A4 Paper,West,Ahmedabad,2,11028.6,0.1,1744.59,Net Banking
ORD-11039,2025-05-02,CUST-1740,Customer 1740,Technology,Laptops,Business Laptop,South,Kochi,1,2048.4,0.1,621.64,Net Banking
ORD-10470,2025-05-03,CUST-1019,Customer 1019,Appliances,Small Appliances,Blender,West,Ahmedabad,5,23655.0,0.0,5448.35,Cash
ORD-14195,2025-05-03,CUST-1295,Customer 1295,Technology,Laptops,Business Laptop,West,Surat,7,93618.0,0.1,12656.86,Cash
ORD-14174,2025-05-03,CUST-1081,Customer 1081,Office Supplies,Pens,Marker,South,Kochi,5,49032.0,0.2,13493.62,UPI
ORD-14769,2025-05-03,CUST-1591,Customer 1591,Appliances,Fans,Table Fan,East,Guwahati,7,17297.0,0.0,3976.63,Debit Card
ORD-12963,2025-05-03,CUST-1520,Customer 1520,Appliances,Kitchen,Electric Kettle,West,Ahmedabad,7,21128.45,0.15,8718.63,Cash
ORD-10723,2025-05-03,CUST-1414,Customer 1414,Appliances,Kitchen,Mixer Grinder,East,Bhubaneswar,1,9688.5,0.1,1659.66,Credit Card
ORD-13110,2025-05-03,CUST-1630,Customer 1630,Furniture,Storage,Bookshelf,East,Kolkata,4,28760.4,0.1,8470.36,Cash
ORD-11444,2025-05-03,CUST-1787,Customer 1787,Office Supplies,Binders,File Binder,West,Pune,6,32712.0,0.2,10114.26,Cash
ORD-14190,2025-05-03,CUST-1134,Customer 1134,Appliances,Small Appliances,Blender,South,Bengaluru,6,114408.3,0.15,17782.36,Debit Card
ORD-14079,2025-05-03,CUST-1644,Customer 1644,Furniture,Storage,Filing Cabinet,South,Chennai,7,131138.0,0.0,57043.25,Cash
ORD-12422,2025-05-03,CUST-1194,Customer 1194,Office Supplies,Binders,File Binder,West,Pune,6,48614.4,0.2,11710.28,Debit Card
ORD-11021,2025-05-04,CUST-1423,Customer 1423,Office Supplies,Paper,Premium Paper,West,Ahmedabad,5,67665.0,0.0,24651.88,Net Banking
ORD-12249,2025-05-04,CUST-1381,Customer 1381,Appliances,Small Appliances,Toaster,West,Surat,7,153568.45,0.05,23091.89,Net Banking
ORD-13369,2025-05-04,CUST-1258,Customer 1258,Technology,Laptops,Laptop Pro,West,Pune,4,35952.0,0.0,6735.58,UPI
ORD-12174,2025-05-04,CUST-1506,Customer 1506,Furniture,Storage,Bookshelf,East,Guwahati,5,76220.0,0.0,19779.46,UPI
ORD-10860,2025-05-04,CUST-1113,Customer 1113,Office Supplies,Binders,File Binder,East,Kolkata,7,27770.4,0.05,4158.63,UPI
ORD-12299,2025-05-04,CUST-1591,Customer 1591,Office Supplies,Pens,Gel Pen,West,Ahmedabad,2,37467.2,0.2,5123.06,Credit Card
ORD-10277,2025-05-04,CUST-1776,Customer 1776,Technology,Accessories,Headphones,West,Pune,4,78056.0,0.0,18455.24,Credit Card
ORD-10260,2025-05-04,CUST-1685,Customer 1685,Office Supplies,Organizers,Desk Organizer,South,Kochi,1,13498.4,0.2,3579.65,Debit Card
ORD-10929,2025-05-04,CUST-1345,Customer 1345,Furniture,Storage,Storage Box,West,Surat,6,107366.4,0.2,29748.5,UPI
ORD-12043,2025-05-04,CUST-1072,Customer 1072,Technology,Tablets,Tablet Pro,West,Ahmedabad,1,9141.75,0.15,1264.05,Debit Card
ORD-11547,2025-05-04,CUST-1365,Customer 1365,Appliances,Fans,Ceiling Fan,North,Jaipur,7,11005.75,0.05,4560.93,Net Banking
ORD-12937,2025-05-04,CUST-1207,Customer 1207,Appliances,Fans,Ceiling Fan,East,Kolkata,6,99606.0,0.0,34512.17,Debit Card
ORD-14468,2025-05-04,CUST-1353,Customer 1353,Furniture,Storage,Storage Box,East,Kolkata,6,14203.5,0.15,4116.75,Debit Card
ORD-12697,2025-05-05,CUST-1618,Customer 1618,Appliances,Home Care,Vacuum Cleaner,North,Delhi,6,43008.0,0.0,9425.17,Debit Card
ORD-13470,2025-05-05,CUST-1392,Customer 1392,Technology,Accessories,Wireless Mouse,East,Guwahati,1,5206.0,0.05,1423.96,Credit Card
ORD-13553,2025-05-05,CUST-1019,Customer 1019,Technology,Phones,Smartphone C,North,Delhi,7,7077.0,0.0,2038.21,Debit Card
ORD-13140,2025-05-05,CUST-1401,Customer 1401,Office Supplies,Pens,Marker,East,Bhubaneswar,6,18456.6,0.05,4653.1,Debit Card
ORD-13670,2025-05-05,CUST-1760,Customer 1760,Appliances,Fans,Table Fan,East,Kolkata,6,106344.9,0.05,34061.16,Cash
ORD-12254,2025-05-05,CUST-1030,Customer 1030,Furniture,Chairs,Visitor Chair,West,Mumbai,4,74032.0,0.2,26054.75,Debit Card
ORD-13608,2025-05-05,CUST-1049,Customer 1049,Appliances,Kitchen,Electric Kettle,South,Chennai,3,5729.4,0.1,1108.26,Debit Card
ORD-13090,2025-05-05,CUST-1193,Customer 1193,Appliances,Home Care,Vacuum Cleaner,North,Lucknow,7,117917.1,0.1,27274.88,Debit Card
ORD-14770,2025-05-05,CUST-1548,Customer 1548,Office Supplies,Binders,Ring Binder,North,Jaipur,3,15429.9,0.05,5624.37,Net Banking
ORD-12747,2025-05-05,CUST-1193,Customer 1193,Technology,Tablets,Tablet 10,North,Chandigarh,4,22041.0,0.25,3681.09,UPI
ORD-10466,2025-05-05,CUST-1761,Customer 1761,Office Supplies,Organizers,Document Tray,South,Kochi,2,17888.4,0.1,7048.67,UPI
ORD-10295,2025-05-05,CUST-1513,Customer 1513,Furniture,Office Furniture,Workstation,South,Chennai,5,14842.5,0.25,3643.56,Cash
ORD-13924,2025-05-05,CUST-1339,Customer 1339,Office Supplies,Organizers,Document Tray,North,Jaipur,1,18558.9,0.1,3198.09,Net Banking
ORD-12466,2025-05-05,CUST-1301,Customer 1301,Office Supplies,Pens,Gel Pen,South,Chennai,6,40470.0,0.0,4983.38,Credit Card
ORD-13126,2025-05-06,CUST-1738,Customer 1738,Appliances,Small Appliances,Blender,East,Guwahati,6,37125.0,0.1,3773.02,Debit Card
ORD-10503,2025-05-06,CUST-1619,Customer 1619,Technology,Tablets,Tablet Pro,South,Bengaluru,5,14183.5,0.05,1564.09,Net Banking
ORD-14986,2025-05-06,CUST-1635,Customer 1635,Office Supplies,Organizers,Desk Organizer,West,Surat,1,15738.65,0.05,3596.12,Debit Card
ORD-13833,2025-05-06,CUST-1456,Customer 1456,Appliances,Fans,Table Fan,East,Guwahati,3,32176.8,0.2,7172.9,Net Banking
ORD-14565,2025-05-06,CUST-1797,Customer 1797,Appliances,Small Appliances,Blender,East,Bhubaneswar,1,3611.9,0.05,929.29,Credit Card
ORD-11282,2025-05-06,CUST-1388,Customer 1388,Office Supplies,Paper,A4 Paper,North,Delhi,3,50905.8,0.1,20406.76,UPI
ORD-10016,2025-05-06,CUST-1141,Customer 1141,Technology,Accessories,USB Cable,North,Delhi,5,9255.0,0.0,3984.3,Cash
ORD-14662,2025-05-06,CUST-1771,Customer 1771,Office Supplies,Binders,File Binder,East,Kolkata,7,110224.8,0.1,20093.98,Credit Card
ORD-12431,2025-05-06,CUST-1539,Customer 1539,Appliances,Home Care,Air Purifier,North,Chandigarh,5,93483.75,0.25,16104.03,Net Banking
ORD-13706,2025-05-06,CUST-1577,Customer 1577,Office Supplies,Pens,Gel Pen,East,Kolkata,7,32451.3,0.15,7923.97,Credit Card
ORD-13254,2025-05-06,CUST-1745,Customer 1745,Office Supplies,Organizers,Desk Organizer,East,Bhubaneswar,4,36252.8,0.2,16312.17,Net Banking
ORD-11954,2025-05-06,CUST-1252,Customer 1252,Appliances,Home Care,Air Purifier,West,Pune,1,1695.2,0.2,522.14,Credit Card
ORD-13072,2025-05-06,CUST-1147,Customer 1147,Furniture,Office Furniture,Workstation,North,Chandigarh,4,37270.8,0.1,10736.71,Net Banking
ORD-14371,2025-05-07,CUST-1098,Customer 1098,Furniture,Office Furniture,Workstation,South,Bengaluru,1,14254.0,0.0,5457.17,Net Banking
ORD-11565,2025-05-07,CUST-1691,Customer 1691,Office Supplies,Binders,File Binder,North,Jaipur,2,23999.4,0.1,9868.26,Credit Card
ORD-14948,2025-05-07,CUST-1729,Customer 1729,Furniture,Tables,Meeting Table,North,Chandigarh,5,57415.0,0.0,11381.78,Net Banking
ORD-12951,2025-05-07,CUST-1104,Customer 1104,Furniture,Storage,Storage Box,East,Kolkata,2,31216.0,0.0,5153.97,UPI
ORD-13699,2025-05-07,CUST-1219,Customer 1219,Appliances,Home Care,Air Purifier,East,Bhubaneswar,5,39516.0,0.2,17182.6,Cash
ORD-13077,2025-05-07,CUST-1530,Customer 1530,Furniture,Office Furniture,Reception Desk,North,Delhi,4,33490.0,0.15,8650.04,Debit Card
ORD-14858,2025-05-07,CUST-1152,Customer 1152,Office Supplies,Binders,Ring Binder,North,Jaipur,4,65257.4,0.05,13912.78,Net Banking
ORD-10540,2025-05-07,CUST-1056,Customer 1056,Furniture,Tables,Study Table,West,Pune,4,13256.6,0.15,4984.77,UPI
ORD-11919,2025-05-07,CUST-1065,Customer 1065,Office Supplies,Paper,A4 Paper,West,Ahmedabad,4,71436.8,0.2,28863.37,UPI
ORD-10905,2025-05-07,CUST-1154,Customer 1154,Office Supplies,Organizers,Document Tray,South,Bengaluru,1,21292.0,0.0,4727.16,Cash
ORD-10858,2025-05-07,CUST-1174,Customer 1174,Office Supplies,Binders,Ring Binder,South,Chennai,1,1549.55,0.15,696.51,Debit Card
ORD-12093,2025-05-08,CUST-1580,Customer 1580,Furniture,Storage,Filing Cabinet,South,Bengaluru,7,145769.4,0.1,17912.24,UPI
ORD-14815,2025-05-08,CUST-1584,Customer 1584,Appliances,Fans,Ceiling Fan,West,Pune,4,60714.0,0.1,19670.93,Credit Card
ORD-11773,2025-05-08,CUST-1130,Customer 1130,Technology,Laptops,Business Laptop,South,Chennai,2,5313.6,0.1,2036.9,Credit Card
ORD-11922,2025-05-08,CUST-1136,Customer 1136,Technology,Phones,Smartphone A,North,Jaipur,1,2907.9,0.1,799.75,Credit Card
ORD-11116,2025-05-08,CUST-1245,Customer 1245,Office Supplies,Pens,Gel Pen,North,Lucknow,4,43909.0,0.05,10510.69,Debit Card
ORD-13178,2025-05-08,CUST-1221,Customer 1221,Technology,Phones,Smartphone C,West,Ahmedabad,4,42491.6,0.05,7019.25,Credit Card
ORD-14164,2025-05-08,CUST-1760,Customer 1760,Appliances,Home Care,Air Purifier,North,Jaipur,2,25013.8,0.15,8560.24,Debit Card
ORD-10711,2025-05-08,CUST-1492,Customer 1492,Office Supplies,Binders,File Binder,East,Guwahati,6,115183.5,0.15,25710.4,Cash
ORD-12912,2025-05-08,CUST-1610,Customer 1610,Technology,Phones,Smartphone B,East,Bhubaneswar,5,52780.0,0.0,17280.7,Credit Card
ORD-11649,2025-05-08,CUST-1330,Customer 1330,Technology,Accessories,USB Cable,North,Lucknow,6,91114.2,0.1,9682.83,Net Banking
ORD-14305,2025-05-08,CUST-1770,Customer 1770,Technology,Laptops,Business Laptop,North,Lucknow,1,17220.65,0.05,6078.89,Debit Card
ORD-12973,2025-05-08,CUST-1498,Customer 1498,Office Supplies,Organizers,Desk Organizer,East,Guwahati,5,1931.25,0.25,708.38,Net Banking
ORD-11733,2025-05-08,CUST-1074,Customer 1074,Office Supplies,Paper,A4 Paper,South,Chennai,4,23439.6,0.1,4088.24,Debit Card
ORD-12321,2025-05-08,CUST-1652,Customer 1652,Office Supplies,Binders,Ring Binder,East,Kolkata,3,40023.0,0.0,4163.72,UPI
ORD-14973,2025-05-08,CUST-1191,Customer 1191,Appliances,Small Appliances,Blender,North,Lucknow,2,41646.6,0.1,17457.66,Cash
ORD-10647,2025-05-09,CUST-1001,Customer 1001,Technology,Tablets,Tablet 10,South,Bengaluru,1,18214.2,0.1,7602.82,Credit Card
ORD-13485,2025-05-09,CUST-1745,Customer 1745,Furniture,Chairs,Ergonomic Chair,North,Jaipur,5,82110.0,0.15,8837.35,Credit Card
ORD-11449,2025-05-09,CUST-1294,Customer 1294,Furniture,Storage,Filing Cabinet,South,Bengaluru,5,72199.0,0.15,25423.83,Debit Card
ORD-13040,2025-05-09,CUST-1730,Customer 1730,Office Supplies,Pens,Ball Pen,South,Hyderabad,6,14936.4,0.1,2468.86,Credit Card
ORD-13664,2025-05-09,CUST-1349,Customer 1349,Technology,Accessories,Keyboard,West,Pune,5,34400.0,0.0,9294.51,Net Banking
ORD-14161,2025-05-09,CUST-1323,Customer 1323,Office Supplies,Pens,Ball Pen,West,Mumbai,2,27360.0,0.1,6685.37,Net Banking
ORD-10431,2025-05-09,CUST-1225,Customer 1225,Technology,Laptops,Laptop Air,North,Delhi,2,8502.4,0.2,2147.64,Net Banking
ORD-12689,2025-05-09,CUST-1781,Customer 1781,Technology,Phones,Smartphone B,North,Lucknow,5,27080.0,0.2,11847.55,Cash
ORD-10387,2025-05-09,CUST-1114,Customer 1114,Office Supplies,Pens,Ball Pen,East,Patna,3,20343.9,0.15,4071.9,Net Banking
ORD-13052,2025-05-09,CUST-1686,Customer 1686,Technology,Phones,Smartphone B,North,Chandigarh,5,49279.5,0.1,16996.77,UPI
ORD-10910,2025-05-10,CUST-1241,Customer 1241,Furniture,Storage,Filing Cabinet,West,Mumbai,5,111330.5,0.05,27928.69,Net Banking
ORD-14726,2025-05-10,CUST-1150,Customer 1150,Office Supplies,Paper,A4 Paper,North,Lucknow,6,70696.8,0.1,13777.93,Net Banking
ORD-13284,2025-05-10,CUST-1445,Customer 1445,Furniture,Storage,Filing Cabinet,West,Ahmedabad,2,3934.4,0.2,1475.32,Debit Card
ORD-11054,2025-05-10,CUST-1081,Customer 1081,Office Supplies,Paper,A4 Paper,East,Kolkata,5,25279.5,0.05,2884.2,UPI
ORD-10314,2025-05-10,CUST-1299,Customer 1299,Office Supplies,Organizers,Document Tray,North,Chandigarh,5,36936.75,0.15,4047.01,Net Banking
ORD-11866,2025-05-10,CUST-1318,Customer 1318,Furniture,Storage,Bookshelf,West,Ahmedabad,1,18698.0,0.0,4866.05,Credit Card
ORD-14078,2025-05-10,CUST-1755,Customer 1755,Office Supplies,Pens,Gel Pen,East,Guwahati,5,50495.0,0.0,8206.62,Credit Card
ORD-10761,2025-05-10,CUST-1018,Customer 1018,Appliances,Small Appliances,Toaster,East,Guwahati,2,24607.5,0.15,4503.42,UPI
ORD-13309,2025-05-10,CUST-1565,Customer 1565,Technology,Laptops,Laptop Pro,South,Kochi,7,153049.75,0.05,31398.22,UPI
ORD-10316,2025-05-10,CUST-1045,Customer 1045,Appliances,Home Care,Air Purifier,West,Pune,2,13465.5,0.25,1938.3,Debit Card
ORD-11148,2025-05-11,CUST-1228,Customer 1228,Furniture,Storage,Filing Cabinet,West,Surat,6,23226.0,0.0,9534.06,Cash
ORD-10852,2025-05-11,CUST-1675,Customer 1675,Furniture,Storage,Filing Cabinet,North,Lucknow,4,68966.2,0.05,17217.64,Net Banking
ORD-12518,2025-05-11,CUST-1278,Customer 1278,Furniture,Office Furniture,Reception Desk,South,Bengaluru,3,5647.2,0.2,887.93,Credit Card
ORD-14942,2025-05-11,CUST-1427,Customer 1427,Office Supplies,Paper,Premium Paper,South,Bengaluru,3,12477.0,0.0,1538.38,UPI
ORD-14238,2025-05-11,CUST-1362,Customer 1362,Office Supplies,Paper,Premium Paper,East,Patna,5,17000.25,0.05,6219.95,Cash
ORD-13187,2025-05-11,CUST-1556,Customer 1556,Office Supplies,Binders,Ring Binder,North,Lucknow,5,33775.0,0.0,4515.39,Net Banking
ORD-14223,2025-05-12,CUST-1450,Customer 1450,Technology,Accessories,Wireless Mouse,West,Ahmedabad,2,29134.6,0.15,3059.45,Net Banking
ORD-10822,2025-05-12,CUST-1074,Customer 1074,Appliances,Fans,Table Fan,West,Ahmedabad,4,3379.6,0.15,1101.19,Debit Card
ORD-11488,2025-05-12,CUST-1555,Customer 1555,Technology,Tablets,Tablet 10,East,Kolkata,5,106897.5,0.1,32198.5,Credit Card
ORD-12477,2025-05-12,CUST-1093,Customer 1093,Appliances,Fans,Table Fan,North,Lucknow,7,60221.7,0.1,19731.36,UPI
ORD-10893,2025-05-12,CUST-1106,Customer 1106,Technology,Accessories,USB Cable,North,Jaipur,7,93940.0,0.0,42073.4,Cash
ORD-11583,2025-05-12,CUST-1071,Customer 1071,Technology,Phones,Smartphone A,North,Lucknow,4,67168.8,0.05,12939.83,Debit Card
ORD-14124,2025-05-12,CUST-1490,Customer 1490,Furniture,Chairs,Ergonomic Chair,North,Chandigarh,6,49656.0,0.0,7612.7,Net Banking
ORD-11692,2025-05-12,CUST-1393,Customer 1393,Furniture,Storage,Bookshelf,South,Chennai,2,32234.4,0.1,6571.57,Debit Card
ORD-13913,2025-05-12,CUST-1492,Customer 1492,Technology,Phones,Smartphone C,North,Delhi,2,9676.4,0.15,1362.86,UPI
ORD-13152,2025-05-12,CUST-1632,Customer 1632,Furniture,Tables,Office Desk,North,Chandigarh,4,72239.8,0.15,20692.85,Cash
ORD-14981,2025-05-12,CUST-1309,Customer 1309,Furniture,Office Furniture,Workstation,South,Bengaluru,2,48112.0,0.0,5156.71,Credit Card
ORD-10157,2025-05-12,CUST-1629,Customer 1629,Office Supplies,Paper,A4 Paper,West,Pune,1,19177.2,0.1,7117.75,Credit Card
ORD-12852,2025-05-12,CUST-1139,Customer 1139,Office Supplies,Paper,A4 Paper,West,Pune,1,1327.5,0.1,238.74,Cash
ORD-10012,2025-05-12,CUST-1662,Customer 1662,Office Supplies,Organizers,Desk Organizer,South,Hyderabad,6,131916.6,0.1,48682.25,UPI
ORD-11302,2025-05-12,CUST-1562,Customer 1562,Appliances,Home Care,Air Purifier,East,Guwahati,4,19177.2,0.1,6749.01,Debit Card
ORD-11645,2025-05-12,CUST-1765,Customer 1765,Technology,Tablets,Tablet Pro,West,Mumbai,5,9673.0,0.15,2625.18,Debit Card
ORD-11101,2025-05-12,CUST-1070,Customer 1070,Office Supplies,Binders,Ring Binder,East,Bhubaneswar,5,77110.0,0.0,21580.52,Debit Card
ORD-10609,2025-05-12,CUST-1143,Customer 1143,Appliances,Kitchen,Mixer Grinder,West,Ahmedabad,7,13419.0,0.1,2594.1,UPI
ORD-14523,2025-05-12,CUST-1422,Customer 1422,Technology,Phones,Smartphone C,West,Surat,4,54302.4,0.1,9272.48,Debit Card
ORD-13208,2025-05-13,CUST-1306,Customer 1306,Office Supplies,Binders,File Binder,South,Kochi,6,63047.7,0.05,15605.86,Net Banking
ORD-10130,2025-05-13,CUST-1494,Customer 1494,Appliances,Fans,Table Fan,East,Guwahati,7,60295.55,0.05,22683.24,UPI
ORD-10134,2025-05-13,CUST-1003,Customer 1003,Technology,Phones,Smartphone B,East,Kolkata,1,12444.05,0.05,4278.72,Credit Card
ORD-13495,2025-05-13,CUST-1640,Customer 1640,Office Supplies,Pens,Marker,West,Ahmedabad,3,62388.9,0.1,27179.82,Net Banking
ORD-13195,2025-05-13,CUST-1387,Customer 1387,Furniture,Office Furniture,Reception Desk,South,Hyderabad,5,88951.5,0.1,22019.82,Credit Card
ORD-13975,2025-05-13,CUST-1008,Customer 1008,Furniture,Tables,Study Table,East,Patna,6,108481.5,0.25,32657.86,UPI
ORD-10513,2025-05-13,CUST-1117,Customer 1117,Office Supplies,Organizers,Document Tray,East,Guwahati,7,1987.3,0.15,412.6,Credit Card
ORD-13135,2025-05-13,CUST-1726,Customer 1726,Furniture,Office Furniture,Workstation,West,Ahmedabad,3,21795.0,0.0,8595.56,UPI
ORD-12190,2025-05-13,CUST-1787,Customer 1787,Office Supplies,Binders,Ring Binder,North,Lucknow,5,100600.0,0.0,20307.84,Net Banking
ORD-11633,2025-05-13,CUST-1133,Customer 1133,Appliances,Kitchen,Electric Kettle,South,Bengaluru,3,33922.8,0.1,6586.53,Credit Card
ORD-13629,2025-05-13,CUST-1605,Customer 1605,Appliances,Small Appliances,Toaster,East,Guwahati,4,73697.2,0.05,27668.41,Debit Card
ORD-12546,2025-05-14,CUST-1372,Customer 1372,Technology,Tablets,Tablet Pro,East,Kolkata,7,31268.3,0.05,5829.06,Net Banking
ORD-12355,2025-05-14,CUST-1565,Customer 1565,Furniture,Chairs,Visitor Chair,North,Lucknow,2,17222.7,0.15,2131.35,Credit Card
ORD-10939,2025-05-14,CUST-1627,Customer 1627,Furniture,Chairs,Office Chair,West,Mumbai,2,35710.2,0.1,9196.83,UPI
ORD-14904,2025-05-14,CUST-1045,Customer 1045,Office Supplies,Paper,Premium Paper,North,Delhi,2,31441.6,0.2,9310.61,Debit Card
ORD-12737,2025-05-14,CUST-1158,Customer 1158,Office Supplies,Binders,Ring Binder,East,Bhubaneswar,7,95937.8,0.15,34380.65,Net Banking
ORD-11788,2025-05-14,CUST-1634,Customer 1634,Appliances,Small Appliances,Toaster,North,Jaipur,5,67080.0,0.2,9507.4,Debit Card
ORD-14589,2025-05-14,CUST-1373,Customer 1373,Furniture,Chairs,Visitor Chair,North,Delhi,4,32563.2,0.2,5499.89,UPI
ORD-13360,2025-05-14,CUST-1035,Customer 1035,Office Supplies,Paper,A4 Paper,North,Chandigarh,7,96173.0,0.0,31959.02,Net Banking
ORD-13677,2025-05-14,CUST-1404,Customer 1404,Appliances,Fans,Ceiling Fan,East,Patna,1,17639.2,0.15,7122.0,UPI
ORD-12700,2025-05-14,CUST-1325,Customer 1325,Furniture,Storage,Bookshelf,East,Kolkata,2,26704.5,0.05,2740.88,Cash
ORD-13897,2025-05-14,CUST-1090,Customer 1090,Office Supplies,Binders,File Binder,South,Kochi,5,14460.0,0.2,2528.05,Cash
ORD-11060,2025-05-14,CUST-1217,Customer 1217,Appliances,Small Appliances,Blender,North,Jaipur,6,54554.7,0.05,23504.02,UPI
ORD-13334,2025-05-14,CUST-1366,Customer 1366,Appliances,Fans,Table Fan,West,Mumbai,6,46456.2,0.1,12964.56,Credit Card
ORD-14744,2025-05-14,CUST-1113,Customer 1113,Technology,Accessories,Headphones,North,Jaipur,3,32769.6,0.2,5799.74,Debit Card
ORD-13645,2025-05-14,CUST-1035,Customer 1035,Furniture,Chairs,Ergonomic Chair,South,Bengaluru,4,58489.6,0.2,23707.99,Net Banking
ORD-10702,2025-05-14,CUST-1558,Customer 1558,Appliances,Kitchen,Electric Kettle,North,Jaipur,5,63284.0,0.2,11237.54,Debit Card
ORD-12098,2025-05-14,CUST-1302,Customer 1302,Furniture,Storage,Filing Cabinet,West,Pune,3,66906.6,0.05,13188.59,Debit Card
ORD-10506,2025-05-14,CUST-1425,Customer 1425,Technology,Accessories,USB Cable,East,Guwahati,1,4344.0,0.2,1902.91,Cash
ORD-14929,2025-05-14,CUST-1328,Customer 1328,Furniture,Chairs,Office Chair,North,Jaipur,3,34191.45,0.05,9862.36,Cash
ORD-11812,2025-05-15,CUST-1771,Customer 1771,Technology,Accessories,Headphones,South,Kochi,5,17212.5,0.15,6536.1,Cash
ORD-13530,2025-05-15,CUST-1736,Customer 1736,Furniture,Chairs,Office Chair,East,Patna,3,62400.75,0.05,22301.42,UPI
ORD-10778,2025-05-15,CUST-1596,Customer 1596,Appliances,Small Appliances,Toaster,North,Chandigarh,3,46070.25,0.05,9217.87,Debit Card
ORD-14509,2025-05-15,CUST-1789,Customer 1789,Appliances,Small Appliances,Toaster,West,Mumbai,4,68593.8,0.05,13077.57,Net Banking
ORD-11722,2025-05-15,CUST-1646,Customer 1646,Office Supplies,Paper,Premium Paper,North,Jaipur,4,89636.4,0.1,27240.92,Cash
ORD-10799,2025-05-15,CUST-1569,Customer 1569,Technology,Accessories,Keyboard,East,Bhubaneswar,5,75874.5,0.1,22459.83,UPI
ORD-14321,2025-05-15,CUST-1149,Customer 1149,Technology,Accessories,Keyboard,South,Kochi,2,894.9,0.05,394.28,Net Banking
ORD-13945,2025-05-15,CUST-1482,Customer 1482,Technology,Accessories,Keyboard,North,Chandigarh,3,74217.0,0.0,28534.07,Debit Card
ORD-11694,2025-05-15,CUST-1349,Customer 1349,Office Supplies,Organizers,Desk Organizer,North,Lucknow,7,3910.2,0.05,1148.31,Debit Card
ORD-12495,2025-05-15,CUST-1492,Customer 1492,Technology,Phones,Smartphone C,West,Surat,6,22378.2,0.05,4662.61,Debit Card
ORD-14816,2025-05-15,CUST-1486,Customer 1486,Appliances,Home Care,Vacuum Cleaner,North,Chandigarh,3,55221.6,0.05,9735.88,UPI
ORD-11393,2025-05-15,CUST-1013,Customer 1013,Appliances,Small Appliances,Toaster,East,Kolkata,5,84104.0,0.2,32370.16,Cash
ORD-11474,2025-05-15,CUST-1002,Customer 1002,Furniture,Tables,Office Desk,East,Patna,7,155414.7,0.1,29621.51,Credit Card
ORD-10949,2025-05-15,CUST-1475,Customer 1475,Furniture,Tables,Office Desk,East,Kolkata,6,15173.4,0.05,2470.29,Net Banking
ORD-11174,2025-05-15,CUST-1397,Customer 1397,Office Supplies,Paper,Premium Paper,South,Chennai,7,18813.9,0.15,5739.49,Credit Card
ORD-11889,2025-05-16,CUST-1236,Customer 1236,Office Supplies,Organizers,Desk Organizer,West,Mumbai,4,28154.2,0.05,10807.23,UPI
ORD-14007,2025-05-16,CUST-1337,Customer 1337,Appliances,Home Care,Vacuum Cleaner,North,Jaipur,3,28350.0,0.0,8932.91,Debit Card
ORD-10866,2025-05-16,CUST-1032,Customer 1032,Technology,Laptops,Laptop Air,North,Lucknow,2,37796.0,0.0,10145.71,Net Banking
ORD-12686,2025-05-16,CUST-1755,Customer 1755,Technology,Phones,Smartphone C,North,Chandigarh,6,76653.0,0.15,8840.8,Debit Card
ORD-14531,2025-05-16,CUST-1445,Customer 1445,Office Supplies,Binders,File Binder,North,Jaipur,2,9557.0,0.05,2632.39,Cash
ORD-12625,2025-05-16,CUST-1190,Customer 1190,Appliances,Fans,Table Fan,West,Ahmedabad,3,54576.0,0.2,23810.73,Net Banking
ORD-14206,2025-05-16,CUST-1009,Customer 1009,Appliances,Kitchen,Mixer Grinder,West,Mumbai,1,1812.6,0.05,186.3,Credit Card
ORD-12202,2025-05-16,CUST-1297,Customer 1297,Furniture,Storage,Storage Box,North,Lucknow,7,91311.15,0.05,14282.33,Cash
ORD-10500,2025-05-16,CUST-1063,Customer 1063,Appliances,Fans,Ceiling Fan,West,Mumbai,7,54484.5,0.25,20321.43,Net Banking
ORD-13717,2025-05-16,CUST-1621,Customer 1621,Appliances,Kitchen,Electric Kettle,North,Delhi,4,48837.0,0.25,19048.36,Credit Card
ORD-11272,2025-05-16,CUST-1633,Customer 1633,Furniture,Tables,Meeting Table,South,Hyderabad,3,46485.9,0.1,20115.66,Cash
ORD-13199,2025-05-16,CUST-1258,Customer 1258,Technology,Tablets,Tablet Pro,West,Mumbai,2,41086.8,0.1,10723.45,Net Banking
ORD-13721,2025-05-16,CUST-1399,Customer 1399,Office Supplies,Organizers,Document Tray,North,Delhi,1,3009.6,0.1,618.3,Net Banking
ORD-13275,2025-05-16,CUST-1653,Customer 1653,Appliances,Fans,Table Fan,South,Chennai,4,52585.2,0.1,21472.01,Credit Card
ORD-11572,2025-05-16,CUST-1118,Customer 1118,Appliances,Home Care,Air Purifier,East,Bhubaneswar,5,28455.0,0.0,5443.82,Net Banking
ORD-14002,2025-05-17,CUST-1168,Customer 1168,Office Supplies,Organizers,Desk Organizer,West,Pune,2,4285.8,0.1,1243.06,Debit Card
ORD-10744,2025-05-17,CUST-1143,Customer 1143,Technology,Phones,Smartphone B,South,Bengaluru,4,4244.4,0.1,1120.71,UPI
ORD-10152,2025-05-17,CUST-1084,Customer 1084,Office Supplies,Binders,File Binder,West,Ahmedabad,3,6552.0,0.2,1170.69,Cash
ORD-14893,2025-05-17,CUST-1485,Customer 1485,Appliances,Small Appliances,Toaster,East,Bhubaneswar,1,7381.4,0.15,1968.24,UPI
ORD-11251,2025-05-17,CUST-1159,Customer 1159,Office Supplies,Binders,Ring Binder,East,Guwahati,3,54384.0,0.2,12592.24,Net Banking
ORD-10541,2025-05-17,CUST-1073,Customer 1073,Office Supplies,Paper,A4 Paper,West,Pune,6,81943.2,0.05,35735.0,Net Banking
ORD-10790,2025-05-17,CUST-1718,Customer 1718,Office Supplies,Binders,File Binder,East,Kolkata,2,33202.8,0.1,6431.69,Cash
ORD-10899,2025-05-17,CUST-1764,Customer 1764,Office Supplies,Paper,A4 Paper,East,Guwahati,1,13390.2,0.1,5525.94,UPI
ORD-14994,2025-05-17,CUST-1197,Customer 1197,Technology,Phones,Smartphone C,North,Delhi,2,46952.0,0.0,13444.18,UPI
ORD-12469,2025-05-17,CUST-1149,Customer 1149,Technology,Phones,Smartphone A,East,Kolkata,5,96530.0,0.0,22313.68,Credit Card
ORD-11943,2025-05-17,CUST-1576,Customer 1576,Furniture,Office Furniture,Reception Desk,North,Delhi,4,86925.0,0.05,8946.25,UPI
ORD-11657,2025-05-18,CUST-1237,Customer 1237,Furniture,Chairs,Visitor Chair,West,Mumbai,1,6372.0,0.0,1435.49,Cash
ORD-13842,2025-05-18,CUST-1322,Customer 1322,Office Supplies,Organizers,Document Tray,South,Hyderabad,4,85196.0,0.05,36115.13,Credit Card
ORD-14588,2025-05-18,CUST-1338,Customer 1338,Technology,Phones,Smartphone A,West,Surat,4,68550.4,0.2,26612.28,Net Banking
ORD-13607,2025-05-18,CUST-1734,Customer 1734,Furniture,Storage,Filing Cabinet,South,Bengaluru,2,5665.8,0.05,1287.96,Net Banking
ORD-11959,2025-05-18,CUST-1749,Customer 1749,Technology,Phones,Smartphone A,North,Jaipur,6,119580.3,0.05,16613.06,UPI
ORD-12395,2025-05-18,CUST-1569,Customer 1569,Technology,Laptops,Laptop Air,West,Ahmedabad,3,20313.3,0.15,3761.61,Cash
ORD-11719,2025-05-18,CUST-1088,Customer 1088,Furniture,Tables,Office Desk,North,Lucknow,5,60168.75,0.25,15756.28,Cash
ORD-14987,2025-05-18,CUST-1385,Customer 1385,Office Supplies,Paper,A4 Paper,South,Chennai,3,14716.05,0.15,2414.7,Credit Card
ORD-10184,2025-05-18,CUST-1089,Customer 1089,Office Supplies,Pens,Gel Pen,North,Jaipur,1,18137.3,0.15,4847.0,Credit Card
ORD-10318,2025-05-18,CUST-1496,Customer 1496,Technology,Accessories,Wireless Mouse,North,Jaipur,6,34134.3,0.15,9025.71,UPI
ORD-10823,2025-05-19,CUST-1668,Customer 1668,Furniture,Storage,Filing Cabinet,West,Surat,7,69104.7,0.1,9474.12,Net Banking
ORD-10989,2025-05-19,CUST-1033,Customer 1033,Furniture,Storage,Bookshelf,North,Chandigarh,2,6198.4,0.2,2517.09,Credit Card
ORD-13627,2025-05-19,CUST-1744,Customer 1744,Furniture,Tables,Office Desk,North,Delhi,5,100685.0,0.0,18953.95,Debit Card
ORD-10934,2025-05-19,CUST-1437,Customer 1437,Technology,Tablets,Tablet Pro,West,Surat,7,18181.1,0.05,1917.66,Cash
ORD-12876,2025-05-19,CUST-1798,Customer 1798,Furniture,Tables,Meeting Table,East,Kolkata,6,29230.2,0.1,10703.4,UPI
ORD-12789,2025-05-19,CUST-1011,Customer 1011,Furniture,Office Furniture,Workstation,East,Bhubaneswar,5,68530.5,0.1,16934.97,Net Banking
ORD-10759,2025-05-19,CUST-1795,Customer 1795,Technology,Accessories,Headphones,East,Guwahati,6,43875.3,0.15,10378.4,Credit Card
ORD-11128,2025-05-19,CUST-1610,Customer 1610,Furniture,Storage,Storage Box,West,Mumbai,2,19981.8,0.1,8623.23,Net Banking
ORD-10310,2025-05-19,CUST-1102,Customer 1102,Furniture,Chairs,Ergonomic Chair,South,Hyderabad,4,64918.8,0.1,16689.59,UPI
ORD-14583,2025-05-19,CUST-1149,Customer 1149,Technology,Laptops,Laptop Pro,East,Patna,1,818.9,0.05,334.89,Net Banking
ORD-10231,2025-05-19,CUST-1432,Customer 1432,Furniture,Storage,Filing Cabinet,East,Guwahati,6,111121.2,0.1,43432.45,Credit Card
ORD-11596,2025-05-19,CUST-1507,Customer 1507,Appliances,Home Care,Air Purifier,North,Lucknow,5,25407.75,0.05,10376.89,Net Banking
ORD-10515,2025-05-19,CUST-1519,Customer 1519,Furniture,Storage,Bookshelf,West,Mumbai,2,17744.4,0.1,2440.79,Debit Card
ORD-13831,2025-05-19,CUST-1738,Customer 1738,Appliances,Small Appliances,Toaster,West,Mumbai,6,64896.0,0.0,27941.18,Net Banking
ORD-10174,2025-05-19,CUST-1215,Customer 1215,Appliances,Fans,Table Fan,North,Chandigarh,6,104116.5,0.15,10502.54,Cash
ORD-12337,2025-05-19,CUST-1024,Customer 1024,Office Supplies,Pens,Gel Pen,West,Surat,4,74970.0,0.25,26301.3,UPI
ORD-13815,2025-05-19,CUST-1256,Customer 1256,Technology,Phones,Smartphone B,North,Chandigarh,1,18698.4,0.2,3427.13,Credit Card
ORD-10602,2025-05-20,CUST-1098,Customer 1098,Appliances,Kitchen,Electric Kettle,South,Hyderabad,7,56473.2,0.1,14409.61,Credit Card
ORD-12263,2025-05-20,CUST-1670,Customer 1670,Furniture,Tables,Meeting Table,North,Lucknow,1,20318.6,0.05,6277.2,UPI
ORD-13968,2025-05-20,CUST-1526,Customer 1526,Appliances,Fans,Table Fan,North,Lucknow,4,58307.2,0.05,10386.75,UPI
ORD-12034,2025-05-20,CUST-1699,Customer 1699,Furniture,Tables,Office Desk,South,Hyderabad,7,83783.35,0.05,19292.37,UPI
ORD-12339,2025-05-20,CUST-1270,Customer 1270,Appliances,Home Care,Vacuum Cleaner,South,Kochi,4,27176.4,0.1,8218.72,UPI
ORD-13075,2025-05-20,CUST-1428,Customer 1428,Office Supplies,Binders,Ring Binder,East,Kolkata,6,9882.0,0.1,1980.02,Credit Card
ORD-10518,2025-05-20,CUST-1404,Customer 1404,Furniture,Tables,Study Table,North,Jaipur,6,53800.2,0.1,6199.48,Net Banking
ORD-14974,2025-05-20,CUST-1568,Customer 1568,Appliances,Home Care,Vacuum Cleaner,North,Lucknow,7,52770.55,0.15,10440.44,Net Banking
ORD-11858,2025-05-20,CUST-1600,Customer 1600,Technology,Accessories,Keyboard,East,Kolkata,5,69566.25,0.25,18783.1,Credit Card
ORD-13769,2025-05-20,CUST-1173,Customer 1173,Office Supplies,Organizers,Document Tray,North,Chandigarh,4,62828.6,0.15,28027.95,Debit Card
ORD-12122,2025-05-21,CUST-1214,Customer 1214,Appliances,Home Care,Vacuum Cleaner,South,Bengaluru,2,35813.1,0.05,8532.4,Debit Card
ORD-13457,2025-05-21,CUST-1726,Customer 1726,Technology,Accessories,Keyboard,East,Patna,4,75833.6,0.15,15682.42,Debit Card
ORD-13531,2025-05-21,CUST-1118,Customer 1118,Appliances,Fans,Ceiling Fan,South,Hyderabad,4,43700.2,0.15,5994.25,Debit Card
ORD-14393,2025-05-21,CUST-1740,Customer 1740,Furniture,Storage,Storage Box,East,Guwahati,1,22485.0,0.0,2397.59,UPI
ORD-11337,2025-05-21,CUST-1358,Customer 1358,Office Supplies,Pens,Marker,West,Surat,1,8184.0,0.2,2325.32,Debit Card
ORD-12714,2025-05-21,CUST-1035,Customer 1035,Appliances,Fans,Ceiling Fan,North,Lucknow,6,110946.0,0.0,40107.17,Cash
ORD-13848,2025-05-21,CUST-1547,Customer 1547,Appliances,Fans,Ceiling Fan,South,Hyderabad,6,103212.0,0.0,14944.42,UPI
ORD-13099,2025-05-21,CUST-1578,Customer 1578,Furniture,Tables,Meeting Table,West,Ahmedabad,6,5559.0,0.15,2033.13,Debit Card
ORD-11432,2025-05-21,CUST-1702,Customer 1702,Technology,Accessories,Keyboard,West,Ahmedabad,1,17786.4,0.2,4477.58,Debit Card
ORD-11675,2025-05-21,CUST-1212,Customer 1212,Technology,Laptops,Laptop Pro,West,Mumbai,1,5999.4,0.1,2482.29,Credit Card
ORD-14543,2025-05-21,CUST-1135,Customer 1135,Furniture,Office Furniture,Reception Desk,South,Hyderabad,3,27315.6,0.15,9167.72,Credit Card
ORD-12696,2025-05-21,CUST-1324,Customer 1324,Furniture,Chairs,Office Chair,West,Pune,5,49644.25,0.15,17472.69,Cash
ORD-13175,2025-05-22,CUST-1774,Customer 1774,Office Supplies,Binders,File Binder,West,Mumbai,3,56118.0,0.0,12192.01,Credit Card
ORD-14520,2025-05-22,CUST-1525,Customer 1525,Furniture,Storage,Filing Cabinet,North,Delhi,1,12247.5,0.25,4642.48,UPI
ORD-13146,2025-05-22,CUST-1420,Customer 1420,Appliances,Home Care,Vacuum Cleaner,South,Bengaluru,2,18397.8,0.1,2911.39,Credit Card
ORD-13405,2025-05-22,CUST-1221,Customer 1221,Technology,Tablets,Tablet Pro,West,Surat,5,106605.0,0.1,15407.57,Credit Card
ORD-11958,2025-05-22,CUST-1420,Customer 1420,Office Supplies,Binders,File Binder,North,Chandigarh,1,11730.0,0.15,2263.54,UPI
ORD-11342,2025-05-22,CUST-1450,Customer 1450,Appliances,Kitchen,Mixer Grinder,West,Pune,5,41575.5,0.1,17823.39,Credit Card
ORD-14451,2025-05-22,CUST-1543,Customer 1543,Appliances,Kitchen,Mixer Grinder,West,Mumbai,7,111101.55,0.05,32101.53,UPI
ORD-10465,2025-05-22,CUST-1550,Customer 1550,Appliances,Home Care,Vacuum Cleaner,North,Lucknow,6,96395.1,0.15,31081.54,Debit Card
ORD-13676,2025-05-22,CUST-1096,Customer 1096,Technology,Phones,Smartphone A,West,Pune,2,6036.7,0.15,1924.35,Cash
ORD-11023,2025-05-22,CUST-1197,Customer 1197,Furniture,Tables,Office Desk,South,Chennai,4,48206.8,0.05,20957.37,UPI
ORD-14884,2025-05-22,CUST-1191,Customer 1191,Technology,Accessories,Keyboard,North,Lucknow,1,8264.7,0.1,1184.57,Debit Card
ORD-13543,2025-05-22,CUST-1686,Customer 1686,Technology,Phones,Smartphone B,North,Lucknow,2,26040.6,0.15,8598.63,Credit Card
ORD-12340,2025-05-22,CUST-1790,Customer 1790,Technology,Tablets,Tablet Pro,South,Kochi,7,60275.25,0.25,19970.59,Credit Card
ORD-12175,2025-05-22,CUST-1494,Customer 1494,Technology,Accessories,Keyboard,East,Guwahati,1,6220.0,0.0,2020.58,Credit Card
ORD-10802,2025-05-22,CUST-1636,Customer 1636,Furniture,Chairs,Ergonomic Chair,North,Delhi,4,71481.6,0.2,22975.06,Credit Card
ORD-13323,2025-05-22,CUST-1647,Customer 1647,Office Supplies,Binders,Ring Binder,North,Chandigarh,7,118821.5,0.15,19372.5,Credit Card
ORD-13349,2025-05-22,CUST-1079,Customer 1079,Appliances,Home Care,Vacuum Cleaner,North,Delhi,5,63337.5,0.25,25310.0,Net Banking
ORD-14674,2025-05-22,CUST-1075,Customer 1075,Appliances,Home Care,Air Purifier,East,Guwahati,2,25380.0,0.1,3579.5,Credit Card
ORD-14384,2025-05-23,CUST-1780,Customer 1780,Furniture,Tables,Study Table,East,Guwahati,2,41174.0,0.0,14384.31,Net Banking
ORD-11597,2025-05-23,CUST-1489,Customer 1489,Appliances,Home Care,Air Purifier,East,Guwahati,7,134669.15,0.05,29025.25,Cash
ORD-10205,2025-05-23,CUST-1668,Customer 1668,Appliances,Fans,Ceiling Fan,West,Surat,7,99792.0,0.25,20193.51,Credit Card
ORD-10694,2025-05-23,CUST-1544,Customer 1544,Appliances,Kitchen,Electric Kettle,West,Pune,6,73867.2,0.2,24409.12,Net Banking
ORD-12356,2025-05-23,CUST-1441,Customer 1441,Office Supplies,Pens,Ball Pen,North,Jaipur,2,30594.6,0.1,4098.38,UPI
ORD-14117,2025-05-23,CUST-1545,Customer 1545,Technology,Accessories,USB Cable,North,Chandigarh,7,111593.65,0.05,21528.55,Debit Card
ORD-11821,2025-05-23,CUST-1236,Customer 1236,Office Supplies,Paper,Premium Paper,West,Ahmedabad,6,105253.8,0.15,41925.31,Credit Card
ORD-12236,2025-05-23,CUST-1129,Customer 1129,Appliances,Kitchen,Electric Kettle,West,Ahmedabad,7,98784.0,0.2,21526.44,Net Banking
ORD-14020,2025-05-23,CUST-1256,Customer 1256,Appliances,Small Appliances,Blender,West,Ahmedabad,5,21664.75,0.05,6687.51,UPI
ORD-12934,2025-05-23,CUST-1208,Customer 1208,Technology,Laptops,Laptop Pro,North,Delhi,7,106971.9,0.05,17425.17,Cash
ORD-10925,2025-05-23,CUST-1262,Customer 1262,Technology,Phones,Smartphone A,West,Mumbai,5,4280.0,0.0,1753.11,Cash
ORD-13639,2025-05-23,CUST-1777,Customer 1777,Furniture,Chairs,Ergonomic Chair,South,Kochi,4,13903.2,0.1,4706.33,Cash
ORD-11846,2025-05-23,CUST-1505,Customer 1505,Office Supplies,Organizers,Document Tray,North,Lucknow,1,14118.0,0.25,1763.39,Debit Card
ORD-14749,2025-05-23,CUST-1638,Customer 1638,Office Supplies,Binders,Ring Binder,East,Bhubaneswar,1,15751.35,0.15,5481.36,Credit Card
ORD-12479,2025-05-24,CUST-1447,Customer 1447,Furniture,Tables,Office Desk,West,Surat,2,12312.0,0.2,4581.85,Cash
ORD-10898,2025-05-24,CUST-1684,Customer 1684,Appliances,Kitchen,Mixer Grinder,North,Delhi,5,88119.5,0.15,15873.36,Net Banking
ORD-10581,2025-05-24,CUST-1751,Customer 1751,Furniture,Office Furniture,Reception Desk,East,Bhubaneswar,1,9860.85,0.15,1055.77,UPI
ORD-14363,2025-05-24,CUST-1584,Customer 1584,Office Supplies,Pens,Marker,North,Chandigarh,5,32112.0,0.1,10776.17,Credit Card
ORD-13038,2025-05-24,CUST-1693,Customer 1693,Appliances,Kitchen,Electric Kettle,West,Mumbai,5,21869.0,0.05,9633.37,Net Banking
ORD-10920,2025-05-24,CUST-1653,Customer 1653,Appliances,Kitchen,Mixer Grinder,North,Chandigarh,6,25011.6,0.05,2534.77,Net Banking
ORD-10141,2025-05-24,CUST-1232,Customer 1232,Appliances,Home Care,Vacuum Cleaner,North,Lucknow,2,18599.4,0.1,8248.7,Net Banking
ORD-14392,2025-05-24,CUST-1245,Customer 1245,Furniture,Storage,Storage Box,South,Chennai,2,12150.0,0.1,3024.4,Cash
ORD-14424,2025-05-24,CUST-1091,Customer 1091,Appliances,Fans,Table Fan,North,Jaipur,2,39606.0,0.0,6262.29,Credit Card
ORD-14137,2025-05-24,CUST-1635,Customer 1635,Appliances,Kitchen,Electric Kettle,South,Kochi,1,11216.65,0.05,3935.76,Debit Card
ORD-12731,2025-05-24,CUST-1522,Customer 1522,Office Supplies,Organizers,Document Tray,South,Hyderabad,4,55458.0,0.1,15423.06,Credit Card
ORD-13576,2025-05-25,CUST-1492,Customer 1492,Technology,Tablets,Tablet 10,South,Hyderabad,5,94968.0,0.2,22245.87,Net Banking
ORD-11600,2025-05-25,CUST-1118,Customer 1118,Technology,Phones,Smartphone B,South,Hyderabad,7,147018.2,0.05,60294.96,Debit Card
ORD-14829,2025-05-25,CUST-1044,Customer 1044,Office Supplies,Organizers,Desk Organizer,East,Patna,5,67216.0,0.2,12688.61,UPI
ORD-13719,2025-05-25,CUST-1113,Customer 1113,Appliances,Kitchen,Mixer Grinder,West,Pune,6,122374.8,0.1,34271.3,Net Banking
ORD-14122,2025-05-25,CUST-1718,Customer 1718,Office Supplies,Paper,Premium Paper,East,Kolkata,7,44904.65,0.15,16556.31,Net Banking
ORD-11469,2025-05-25,CUST-1265,Customer 1265,Appliances,Home Care,Vacuum Cleaner,South,Hyderabad,2,26169.8,0.15,11451.4,Credit Card
ORD-12366,2025-05-25,CUST-1457,Customer 1457,Office Supplies,Paper,A4 Paper,East,Patna,4,55203.2,0.2,17295.62,Debit Card
ORD-14963,2025-05-25,CUST-1190,Customer 1190,Furniture,Storage,Bookshelf,South,Bengaluru,6,48067.2,0.2,6543.2,Debit Card
ORD-13366,2025-05-25,CUST-1525,Customer 1525,Furniture,Office Furniture,Reception Desk,West,Mumbai,1,11712.8,0.2,2369.18,Net Banking
ORD-12871,2025-05-25,CUST-1137,Customer 1137,Appliances,Fans,Ceiling Fan,North,Jaipur,7,58542.05,0.15,13153.42,Net Banking
ORD-12233,2025-05-25,CUST-1517,Customer 1517,Furniture,Chairs,Visitor Chair,West,Pune,5,39672.0,0.2,8098.05,Cash
ORD-11379,2025-05-25,CUST-1758,Customer 1758,Furniture,Chairs,Office Chair,South,Chennai,7,145507.25,0.15,28050.86,Debit Card
ORD-11322,2025-05-25,CUST-1557,Customer 1557,Office Supplies,Binders,File Binder,West,Pune,2,37616.4,0.1,10898.76,Cash
ORD-12983,2025-05-25,CUST-1356,Customer 1356,Technology,Tablets,Tablet 10,East,Bhubaneswar,5,102055.25,0.15,33346.37,Net Banking
ORD-12557,2025-05-25,CUST-1161,Customer 1161,Appliances,Small Appliances,Blender,East,Kolkata,2,47722.0,0.0,14992.27,Net Banking
ORD-13601,2025-05-25,CUST-1276,Customer 1276,Technology,Accessories,USB Cable,South,Bengaluru,3,3545.1,0.1,675.98,Net Banking
ORD-10028,2025-05-25,CUST-1792,Customer 1792,Furniture,Storage,Bookshelf,East,Patna,1,24834.0,0.0,3519.72,Net Banking
ORD-13150,2025-05-25,CUST-1029,Customer 1029,Technology,Phones,Smartphone C,North,Lucknow,3,19200.45,0.05,3979.9,UPI
ORD-13856,2025-05-25,CUST-1162,Customer 1162,Technology,Tablets,Tablet Pro,South,Chennai,1,7303.2,0.15,2381.31,Net Banking
ORD-10023,2025-05-25,CUST-1016,Customer 1016,Furniture,Tables,Office Desk,West,Pune,7,58156.0,0.0,24596.41,UPI
ORD-13131,2025-05-25,CUST-1189,Customer 1189,Appliances,Fans,Table Fan,East,Guwahati,5,89998.25,0.05,11860.78,Cash
ORD-14793,2025-05-25,CUST-1742,Customer 1742,Appliances,Fans,Ceiling Fan,East,Kolkata,4,33490.8,0.1,5685.09,Debit Card
ORD-13107,2025-05-26,CUST-1504,Customer 1504,Furniture,Storage,Filing Cabinet,West,Surat,6,135642.9,0.05,25451.76,Debit Card
ORD-12582,2025-05-26,CUST-1361,Customer 1361,Office Supplies,Paper,Premium Paper,East,Bhubaneswar,7,139104.0,0.1,38205.88,Cash
ORD-12536,2025-05-26,CUST-1132,Customer 1132,Office Supplies,Paper,A4 Paper,East,Kolkata,6,31703.4,0.05,7576.78,Credit Card
ORD-10600,2025-05-26,CUST-1638,Customer 1638,Furniture,Office Furniture,Reception Desk,East,Kolkata,1,11529.6,0.2,3968.17,Cash
ORD-13002,2025-05-26,CUST-1084,Customer 1084,Furniture,Chairs,Office Chair,West,Surat,3,10268.1,0.1,2051.85,Net Banking
ORD-11117,2025-05-26,CUST-1171,Customer 1171,Office Supplies,Paper,A4 Paper,East,Guwahati,5,13490.0,0.05,5920.55,Debit Card
ORD-12228,2025-05-26,CUST-1659,Customer 1659,Technology,Phones,Smartphone A,South,Hyderabad,7,126449.4,0.15,21624.52,Cash
ORD-11442,2025-05-26,CUST-1134,Customer 1134,Furniture,Tables,Meeting Table,West,Pune,5,39200.0,0.0,12852.87,Net Banking
ORD-12441,2025-05-26,CUST-1330,Customer 1330,Technology,Phones,Smartphone C,West,Mumbai,2,41195.8,0.05,4500.52,Cash
ORD-10613,2025-05-26,CUST-1093,Customer 1093,Appliances,Small Appliances,Blender,South,Bengaluru,6,30324.6,0.15,12287.97,Credit Card
ORD-13928,2025-05-26,CUST-1364,Customer 1364,Office Supplies,Organizers,Document Tray,South,Hyderabad,7,77153.65,0.15,12502.4,Debit Card
ORD-13650,2025-05-26,CUST-1757,Customer 1757,Technology,Tablets,Tablet Pro,North,Chandigarh,7,99965.95,0.15,43324.58,Debit Card
ORD-11623,2025-05-26,CUST-1287,Customer 1287,Furniture,Tables,Meeting Table,South,Chennai,6,1769.7,0.15,329.9,Net Banking
ORD-13906,2025-05-26,CUST-1236,Customer 1236,Appliances,Fans,Table Fan,East,Guwahati,6,45996.9,0.15,19740.25,Credit Card
ORD-13161,2025-05-26,CUST-1368,Customer 1368,Furniture,Office Furniture,Workstation,South,Hyderabad,4,4307.8,0.15,955.22,Credit Card
ORD-13084,2025-05-26,CUST-1215,Customer 1215,Technology,Laptops,Laptop Pro,South,Chennai,2,32115.7,0.05,5419.49,Credit Card
ORD-10857,2025-05-27,CUST-1653,Customer 1653,Office Supplies,Organizers,Document Tray,West,Pune,2,20142.4,0.2,4655.12,UPI
ORD-12423,2025-05-27,CUST-1386,Customer 1386,Technology,Tablets,Tablet 10,North,Lucknow,3,3072.3,0.05,691.09,Debit Card
ORD-10176,2025-05-27,CUST-1058,Customer 1058,Furniture,Tables,Meeting Table,East,Patna,7,33894.0,0.1,6013.2,UPI
ORD-11556,2025-05-27,CUST-1370,Customer 1370,Technology,Tablets,Tablet 10,East,Patna,6,53532.0,0.25,11819.5,Credit Card
ORD-13964,2025-05-27,CUST-1354,Customer 1354,Technology,Laptops,Laptop Air,East,Kolkata,1,20292.3,0.1,6721.85,Debit Card
ORD-11356,2025-05-27,CUST-1247,Customer 1247,Appliances,Small Appliances,Toaster,North,Lucknow,4,48384.0,0.1,15336.15,Net Banking
ORD-10050,2025-05-27,CUST-1490,Customer 1490,Furniture,Chairs,Ergonomic Chair,East,Kolkata,5,103504.5,0.15,43769.61,Net Banking
ORD-14319,2025-05-27,CUST-1498,Customer 1498,Furniture,Office Furniture,Workstation,North,Delhi,3,11385.9,0.1,1574.14,Net Banking
ORD-14643,2025-05-27,CUST-1349,Customer 1349,Technology,Laptops,Laptop Air,East,Bhubaneswar,7,110116.65,0.15,40906.86,UPI
ORD-10378,2025-05-27,CUST-1029,Customer 1029,Technology,Laptops,Business Laptop,North,Lucknow,3,70323.75,0.05,15887.77,Debit Card
ORD-12847,2025-05-27,CUST-1392,Customer 1392,Furniture,Storage,Filing Cabinet,North,Chandigarh,6,112306.5,0.25,25733.13,Debit Card
ORD-11800,2025-05-28,CUST-1350,Customer 1350,Technology,Accessories,Headphones,South,Kochi,2,9457.2,0.1,3695.89,Cash
ORD-10218,2025-05-28,CUST-1424,Customer 1424,Technology,Accessories,Headphones,East,Patna,5,33808.5,0.1,9624.85,UPI
ORD-11386,2025-05-28,CUST-1415,Customer 1415,Appliances,Kitchen,Electric Kettle,North,Chandigarh,4,65711.8,0.15,20038.27,Cash
ORD-11012,2025-05-28,CUST-1391,Customer 1391,Technology,Laptops,Laptop Pro,West,Surat,2,1823.4,0.1,413.82,Net Banking
ORD-10278,2025-05-28,CUST-1222,Customer 1222,Furniture,Office Furniture,Reception Desk,East,Kolkata,1,12862.4,0.2,1696.58,UPI
ORD-13395,2025-05-28,CUST-1388,Customer 1388,Technology,Phones,Smartphone B,East,Kolkata,1,12497.4,0.1,2752.25,Credit Card
ORD-14479,2025-05-28,CUST-1655,Customer 1655,Technology,Tablets,Tablet 10,North,Jaipur,4,77920.0,0.0,29124.2,Cash
ORD-11938,2025-05-28,CUST-1254,Customer 1254,Furniture,Tables,Study Table,East,Kolkata,3,24340.8,0.2,5551.37,Credit Card
ORD-14722,2025-05-28,CUST-1016,Customer 1016,Technology,Laptops,Business Laptop,West,Mumbai,6,31860.0,0.0,5670.89,UPI
ORD-10908,2025-05-28,CUST-1385,Customer 1385,Office Supplies,Binders,Ring Binder,South,Hyderabad,6,103602.0,0.0,41855.68,Cash
ORD-12732,2025-05-29,CUST-1166,Customer 1166,Furniture,Office Furniture,Reception Desk,West,Surat,7,41598.9,0.1,12585.22,UPI
ORD-13350,2025-05-29,CUST-1376,Customer 1376,Office Supplies,Organizers,Desk Organizer,West,Ahmedabad,5,17100.0,0.2,3359.45,UPI
ORD-10212,2025-05-29,CUST-1317,Customer 1317,Office Supplies,Paper,A4 Paper,East,Kolkata,6,12873.6,0.1,5546.78,Net Banking
ORD-13023,2025-05-29,CUST-1299,Customer 1299,Furniture,Chairs,Office Chair,West,Pune,5,79283.75,0.15,16718.55,Net Banking
ORD-13642,2025-05-29,CUST-1271,Customer 1271,Office Supplies,Binders,File Binder,West,Ahmedabad,2,17482.8,0.15,7810.56,Credit Card
ORD-13704,2025-05-29,CUST-1122,Customer 1122,Furniture,Chairs,Office Chair,West,Pune,7,73476.55,0.15,14450.23,Cash
ORD-12510,2025-05-29,CUST-1217,Customer 1217,Appliances,Home Care,Air Purifier,North,Jaipur,1,21007.35,0.05,6648.34,Net Banking
ORD-13678,2025-05-29,CUST-1439,Customer 1439,Furniture,Tables,Meeting Table,East,Guwahati,4,36726.4,0.2,13477.44,Cash
ORD-10447,2025-05-29,CUST-1621,Customer 1621,Office Supplies,Organizers,Desk Organizer,North,Jaipur,5,94027.5,0.1,24809.16,Cash
ORD-11763,2025-05-29,CUST-1778,Customer 1778,Office Supplies,Organizers,Desk Organizer,East,Guwahati,7,12606.3,0.1,4873.22,Cash
ORD-11618,2025-05-29,CUST-1303,Customer 1303,Technology,Tablets,Tablet Pro,East,Guwahati,6,23490.0,0.1,4591.99,Debit Card
ORD-10479,2025-05-29,CUST-1456,Customer 1456,Technology,Tablets,Tablet 10,North,Jaipur,4,78652.4,0.05,16106.63,Cash
ORD-14683,2025-05-29,CUST-1575,Customer 1575,Technology,Tablets,Tablet 10,South,Bengaluru,4,33245.2,0.15,8216.17,UPI
ORD-10352,2025-05-29,CUST-1221,Customer 1221,Technology,Laptops,Laptop Pro,East,Guwahati,6,56052.0,0.1,12800.1,Credit Card
ORD-14519,2025-05-29,CUST-1153,Customer 1153,Appliances,Small Appliances,Blender,West,Mumbai,3,60895.95,0.05,24846.07,Credit Card
ORD-12020,2025-05-29,CUST-1301,Customer 1301,Appliances,Home Care,Vacuum Cleaner,West,Mumbai,6,19728.0,0.2,8776.24,Credit Card
ORD-14201,2025-05-29,CUST-1166,Customer 1166,Appliances,Small Appliances,Toaster,West,Surat,1,7021.0,0.0,1655.92,Net Banking
ORD-14670,2025-05-29,CUST-1336,Customer 1336,Appliances,Home Care,Vacuum Cleaner,West,Mumbai,7,121535.4,0.05,45348.1,Net Banking
ORD-14826,2025-05-29,CUST-1349,Customer 1349,Furniture,Chairs,Ergonomic Chair,South,Hyderabad,4,24692.4,0.1,10911.2,Credit Card
ORD-13837,2025-05-30,CUST-1179,Customer 1179,Technology,Accessories,Headphones,South,Hyderabad,4,11386.6,0.15,1723.85,Debit Card
ORD-14706,2025-05-30,CUST-1646,Customer 1646,Office Supplies,Paper,A4 Paper,East,Kolkata,4,66974.4,0.1,27189.19,Cash
ORD-10452,2025-05-30,CUST-1331,Customer 1331,Furniture,Office Furniture,Reception Desk,West,Mumbai,4,35142.4,0.15,15237.14,Net Banking
ORD-10839,2025-05-30,CUST-1396,Customer 1396,Appliances,Home Care,Air Purifier,West,Ahmedabad,3,43375.5,0.15,14673.0,UPI
ORD-13764,2025-05-30,CUST-1119,Customer 1119,Appliances,Fans,Table Fan,South,Chennai,5,83814.25,0.15,34660.35,UPI
ORD-11387,2025-05-30,CUST-1123,Customer 1123,Technology,Tablets,Tablet Pro,South,Chennai,3,20136.6,0.1,4899.8,Debit Card
ORD-11266,2025-05-30,CUST-1291,Customer 1291,Office Supplies,Pens,Marker,West,Ahmedabad,7,15825.6,0.2,5329.04,Debit Card
ORD-12854,2025-05-30,CUST-1654,Customer 1654,Furniture,Office Furniture,Workstation,East,Patna,7,121835.7,0.1,44995.32,Credit Card
ORD-13703,2025-05-31,CUST-1367,Customer 1367,Appliances,Kitchen,Mixer Grinder,East,Kolkata,6,62721.0,0.1,21106.22,Net Banking
ORD-14516,2025-05-31,CUST-1220,Customer 1220,Appliances,Home Care,Vacuum Cleaner,East,Bhubaneswar,1,8074.15,0.15,3313.0,Debit Card
ORD-12404,2025-05-31,CUST-1268,Customer 1268,Technology,Tablets,Tablet Pro,North,Chandigarh,2,2881.5,0.15,302.7,Net Banking
ORD-12288,2025-05-31,CUST-1778,Customer 1778,Technology,Tablets,Tablet 10,North,Chandigarh,4,64715.6,0.15,18347.2,UPI
ORD-13174,2025-05-31,CUST-1544,Customer 1544,Furniture,Chairs,Ergonomic Chair,West,Surat,6,17112.6,0.1,5335.88,Debit Card
ORD-14472,2025-05-31,CUST-1258,Customer 1258,Furniture,Office Furniture,Workstation,West,Ahmedabad,7,86164.05,0.05,20484.02,Credit Card
ORD-14802,2025-05-31,CUST-1373,Customer 1373,Office Supplies,Organizers,Document Tray,West,Ahmedabad,7,94875.55,0.05,22969.98,UPI
ORD-11568,2025-06-01,CUST-1777,Customer 1777,Appliances,Small Appliances,Toaster,North,Delhi,2,24112.8,0.1,9916.55,Net Banking
ORD-11004,2025-06-01,CUST-1010,Customer 1010,Technology,Tablets,Tablet 10,West,Pune,3,65812.5,0.1,17249.25,Cash
ORD-11764,2025-06-01,CUST-1774,Customer 1774,Office Supplies,Organizers,Desk Organizer,South,Hyderabad,7,108029.6,0.2,14768.1,Credit Card
ORD-11035,2025-06-01,CUST-1237,Customer 1237,Technology,Phones,Smartphone B,West,Ahmedabad,6,138886.2,0.05,52681.6,Credit Card
ORD-14876,2025-06-01,CUST-1434,Customer 1434,Furniture,Office Furniture,Workstation,North,Jaipur,1,6011.2,0.15,2140.76,Credit Card
ORD-13776,2025-06-01,CUST-1407,Customer 1407,Appliances,Small Appliances,Blender,West,Ahmedabad,4,54710.4,0.2,18003.68,UPI
ORD-11998,2025-06-01,CUST-1557,Customer 1557,Technology,Laptops,Laptop Pro,East,Bhubaneswar,2,31200.0,0.2,3563.42,Debit Card
ORD-10332,2025-06-01,CUST-1154,Customer 1154,Technology,Accessories,Keyboard,East,Patna,6,53230.5,0.25,22227.85,Net Banking
ORD-14169,2025-06-01,CUST-1343,Customer 1343,Technology,Accessories,USB Cable,South,Bengaluru,7,24729.6,0.2,9982.58,Net Banking
ORD-11252,2025-06-01,CUST-1781,Customer 1781,Furniture,Chairs,Visitor Chair,East,Kolkata,2,33724.8,0.2,13611.31,UPI
ORD-11628,2025-06-01,CUST-1627,Customer 1627,Technology,Phones,Smartphone B,North,Chandigarh,6,43270.2,0.1,14967.63,Debit Card
ORD-12813,2025-06-01,CUST-1616,Customer 1616,Technology,Tablets,Tablet Pro,West,Pune,7,152346.6,0.1,59738.25,UPI
ORD-11305,2025-06-02,CUST-1388,Customer 1388,Furniture,Office Furniture,Workstation,East,Guwahati,1,7582.4,0.2,2782.95,Cash
ORD-10262,2025-06-02,CUST-1437,Customer 1437,Furniture,Chairs,Office Chair,North,Jaipur,6,104377.5,0.25,33862.23,Net Banking
ORD-10238,2025-06-02,CUST-1039,Customer 1039,Furniture,Tables,Study Table,North,Lucknow,3,62759.85,0.05,17502.93,UPI
ORD-12702,2025-06-02,CUST-1267,Customer 1267,Office Supplies,Organizers,Desk Organizer,West,Surat,2,13598.3,0.15,3904.61,UPI
ORD-10165,2025-06-02,CUST-1618,Customer 1618,Furniture,Storage,Storage Box,East,Guwahati,1,11198.75,0.15,4087.51,UPI
ORD-10472,2025-06-02,CUST-1226,Customer 1226,Appliances,Fans,Ceiling Fan,South,Kochi,3,3360.15,0.05,1500.63,UPI
ORD-13926,2025-06-02,CUST-1494,Customer 1494,Appliances,Home Care,Vacuum Cleaner,West,Ahmedabad,2,33943.9,0.15,8433.49,Net Banking
ORD-13819,2025-06-02,CUST-1073,Customer 1073,Office Supplies,Binders,File Binder,West,Surat,3,22080.6,0.1,7505.23,Cash
ORD-13609,2025-06-02,CUST-1692,Customer 1692,Office Supplies,Organizers,Desk Organizer,West,Pune,4,19880.0,0.0,5226.22,Cash
ORD-10423,2025-06-02,CUST-1701,Customer 1701,Furniture,Tables,Office Desk,North,Chandigarh,6,28232.1,0.05,10230.89,Debit Card
ORD-10719,2025-06-02,CUST-1760,Customer 1760,Appliances,Kitchen,Electric Kettle,East,Kolkata,4,14446.8,0.1,4368.37,Net Banking
ORD-10093,2025-06-02,CUST-1013,Customer 1013,Furniture,Tables,Office Desk,South,Chennai,6,105048.0,0.2,41243.24,Cash
ORD-14126,2025-06-02,CUST-1103,Customer 1103,Office Supplies,Pens,Ball Pen,West,Pune,2,16310.4,0.2,3451.58,Cash
ORD-14001,2025-06-02,CUST-1235,Customer 1235,Appliances,Kitchen,Electric Kettle,East,Kolkata,6,73134.0,0.0,11773.75,Debit Card
ORD-11861,2025-06-02,CUST-1281,Customer 1281,Furniture,Chairs,Visitor Chair,North,Delhi,2,25906.5,0.05,11447.62,Cash
ORD-10962,2025-06-02,CUST-1270,Customer 1270,Technology,Laptops,Business Laptop,North,Lucknow,1,17317.8,0.1,6695.0,Cash
ORD-10626,2025-06-03,CUST-1622,Customer 1622,Furniture,Chairs,Visitor Chair,West,Surat,5,100695.0,0.0,26579.67,UPI
ORD-14625,2025-06-03,CUST-1730,Customer 1730,Technology,Tablets,Tablet 10,North,Chandigarh,3,58894.8,0.15,9889.67,UPI
ORD-12217,2025-06-03,CUST-1257,Customer 1257,Furniture,Chairs,Ergonomic Chair,North,Chandigarh,7,17917.2,0.1,5258.08,UPI
ORD-13276,2025-06-03,CUST-1693,Customer 1693,Furniture,Chairs,Ergonomic Chair,North,Delhi,4,24977.4,0.05,4698.7,Debit Card
ORD-11535,2025-06-03,CUST-1279,Customer 1279,Office Supplies,Pens,Ball Pen,South,Hyderabad,2,30669.7,0.15,11207.26,Cash
ORD-12970,2025-06-03,CUST-1247,Customer 1247,Technology,Tablets,Tablet Pro,East,Bhubaneswar,1,17284.0,0.2,4742.09,Net Banking
ORD-11135,2025-06-03,CUST-1109,Customer 1109,Office Supplies,Pens,Ball Pen,West,Surat,1,10571.25,0.25,1683.02,UPI
ORD-11974,2025-06-03,CUST-1181,Customer 1181,Appliances,Small Appliances,Toaster,West,Ahmedabad,5,36832.0,0.2,5807.03,UPI
ORD-14490,2025-06-03,CUST-1211,Customer 1211,Technology,Phones,Smartphone A,East,Kolkata,5,76869.25,0.05,22084.12,Cash
ORD-10105,2025-06-03,CUST-1541,Customer 1541,Furniture,Office Furniture,Workstation,South,Chennai,4,39463.8,0.15,11404.04,Cash
ORD-12087,2025-06-03,CUST-1578,Customer 1578,Furniture,Office Furniture,Reception Desk,West,Ahmedabad,2,45214.0,0.0,13393.94,Debit Card
ORD-13638,2025-06-03,CUST-1050,Customer 1050,Technology,Laptops,Laptop Air,East,Bhubaneswar,4,47752.0,0.0,11969.27,Credit Card
ORD-13342,2025-06-03,CUST-1533,Customer 1533,Furniture,Storage,Storage Box,East,Kolkata,3,28620.0,0.0,11308.56,Credit Card
ORD-13730,2025-06-04,CUST-1144,Customer 1144,Technology,Laptops,Laptop Pro,West,Ahmedabad,2,28082.0,0.05,4255.74,Debit Card
ORD-14269,2025-06-04,CUST-1193,Customer 1193,Technology,Phones,Smartphone A,North,Delhi,4,70867.2,0.2,25234.26,Net Banking
ORD-12573,2025-06-04,CUST-1249,Customer 1249,Technology,Accessories,USB Cable,South,Hyderabad,7,48478.5,0.1,10160.56,Credit Card
ORD-10246,2025-06-04,CUST-1132,Customer 1132,Furniture,Storage,Filing Cabinet,West,Mumbai,5,78151.75,0.05,30584.92,Credit Card
ORD-12819,2025-06-04,CUST-1720,Customer 1720,Office Supplies,Organizers,Desk Organizer,West,Ahmedabad,6,100602.0,0.0,11555.27,UPI
ORD-12052,2025-06-04,CUST-1510,Customer 1510,Office Supplies,Organizers,Desk Organizer,South,Kochi,4,13283.8,0.15,4446.06,Debit Card
ORD-10113,2025-06-04,CUST-1175,Customer 1175,Appliances,Small Appliances,Blender,South,Chennai,7,53895.1,0.15,19719.73,Debit Card
ORD-12609,2025-06-04,CUST-1296,Customer 1296,Furniture,Chairs,Ergonomic Chair,South,Bengaluru,6,111590.4,0.2,41598.85,Cash
ORD-14782,2025-06-05,CUST-1297,Customer 1297,Furniture,Storage,Filing Cabinet,East,Guwahati,6,48292.8,0.2,12318.21,Debit Card
ORD-13937,2025-06-05,CUST-1740,Customer 1740,Furniture,Storage,Bookshelf,West,Surat,5,60757.25,0.05,18637.78,Cash
ORD-11338,2025-06-05,CUST-1384,Customer 1384,Furniture,Storage,Filing Cabinet,East,Kolkata,3,11043.75,0.05,2784.25,Debit Card
ORD-13227,2025-06-05,CUST-1130,Customer 1130,Technology,Phones,Smartphone B,South,Kochi,7,12935.3,0.15,2238.9,Net Banking
ORD-13058,2025-06-05,CUST-1235,Customer 1235,Appliances,Small Appliances,Blender,East,Kolkata,6,84542.7,0.15,16588.75,UPI
ORD-11549,2025-06-05,CUST-1136,Customer 1136,Technology,Accessories,Keyboard,East,Kolkata,1,19635.85,0.15,4141.89,Credit Card
ORD-13655,2025-06-05,CUST-1782,Customer 1782,Furniture,Chairs,Visitor Chair,North,Delhi,4,69040.8,0.1,22010.1,UPI
ORD-12358,2025-06-05,CUST-1025,Customer 1025,Office Supplies,Binders,Ring Binder,North,Delhi,6,89860.5,0.05,32292.48,Debit Card
ORD-12554,2025-06-05,CUST-1682,Customer 1682,Appliances,Small Appliances,Blender,West,Pune,3,48863.1,0.15,9216.09,Credit Card
ORD-14053,2025-06-05,CUST-1534,Customer 1534,Technology,Tablets,Tablet 10,East,Bhubaneswar,6,38716.8,0.2,4625.28,UPI
ORD-14213,2025-06-05,CUST-1488,Customer 1488,Office Supplies,Pens,Ball Pen,West,Surat,1,8267.0,0.0,1254.33,Debit Card
ORD-12042,2025-06-05,CUST-1109,Customer 1109,Office Supplies,Pens,Marker,North,Chandigarh,5,84673.5,0.05,27086.99,Cash
ORD-10137,2025-06-05,CUST-1004,Customer 1004,Technology,Tablets,Tablet Pro,South,Hyderabad,6,60651.0,0.25,14621.51,UPI
ORD-11775,2025-06-06,CUST-1516,Customer 1516,Office Supplies,Paper,A4 Paper,East,Bhubaneswar,3,58617.0,0.0,14001.58,Net Banking
ORD-13547,2025-06-06,CUST-1671,Customer 1671,Technology,Phones,Smartphone B,East,Bhubaneswar,5,66614.5,0.15,21587.97,Cash
ORD-12103,2025-06-06,CUST-1751,Customer 1751,Technology,Accessories,Keyboard,South,Hyderabad,7,135255.4,0.15,55159.5,Credit Card
ORD-10980,2025-06-06,CUST-1425,Customer 1425,Furniture,Office Furniture,Workstation,West,Mumbai,3,21797.4,0.15,8068.22,Cash
ORD-11394,2025-06-06,CUST-1006,Customer 1006,Furniture,Office Furniture,Workstation,West,Pune,7,47086.2,0.1,20677.44,Cash
ORD-13190,2025-06-06,CUST-1435,Customer 1435,Furniture,Chairs,Visitor Chair,North,Chandigarh,5,23441.25,0.05,2754.96,UPI
ORD-11533,2025-06-06,CUST-1586,Customer 1586,Furniture,Chairs,Office Chair,North,Lucknow,6,38059.2,0.1,6450.86,Net Banking
ORD-12781,2025-06-07,CUST-1265,Customer 1265,Office Supplies,Binders,Ring Binder,East,Kolkata,4,31562.2,0.15,10148.81,Cash
ORD-12784,2025-06-07,CUST-1295,Customer 1295,Furniture,Tables,Office Desk,North,Chandigarh,6,86421.6,0.1,28866.55,Credit Card
ORD-11740,2025-06-07,CUST-1581,Customer 1581,Office Supplies,Binders,Ring Binder,West,Ahmedabad,2,17368.9,0.15,6161.28,UPI
ORD-12859,2025-06-07,CUST-1551,Customer 1551,Technology,Accessories,Headphones,West,Ahmedabad,5,67140.0,0.2,29122.14,UPI
ORD-14998,2025-06-07,CUST-1547,Customer 1547,Office Supplies,Binders,Ring Binder,West,Mumbai,5,74945.5,0.05,13351.53,Cash
ORD-11977,2025-06-07,CUST-1391,Customer 1391,Office Supplies,Organizers,Document Tray,North,Delhi,6,51008.4,0.1,16776.19,Net Banking
ORD-14379,2025-06-07,CUST-1487,Customer 1487,Technology,Accessories,Keyboard,East,Kolkata,5,78552.0,0.1,18883.17,Net Banking
ORD-11968,2025-06-07,CUST-1723,Customer 1723,Appliances,Home Care,Vacuum Cleaner,East,Kolkata,5,53118.0,0.1,17995.26,Cash
ORD-14287,2025-06-07,CUST-1614,Customer 1614,Appliances,Kitchen,Electric Kettle,West,Surat,3,43138.35,0.15,16465.75,Net Banking
ORD-13160,2025-06-07,CUST-1139,Customer 1139,Office Supplies,Binders,File Binder,South,Kochi,1,13485.25,0.05,1549.98,Cash
ORD-13961,2025-06-07,CUST-1253,Customer 1253,Technology,Accessories,USB Cable,South,Chennai,2,47292.9,0.05,16785.04,Cash
ORD-14935,2025-06-07,CUST-1521,Customer 1521,Appliances,Kitchen,Electric Kettle,West,Mumbai,2,48708.0,0.0,11588.3,Credit Card
ORD-11254,2025-06-07,CUST-1069,Customer 1069,Furniture,Office Furniture,Reception Desk,East,Bhubaneswar,1,1705.25,0.05,345.43,Debit Card
ORD-11520,2025-06-07,CUST-1149,Customer 1149,Technology,Laptops,Business Laptop,East,Kolkata,5,92718.0,0.15,17553.22,Net Banking
ORD-10416,2025-06-07,CUST-1061,Customer 1061,Technology,Laptops,Laptop Pro,South,Hyderabad,5,76491.0,0.1,27757.07,Cash
ORD-14199,2025-06-07,CUST-1188,Customer 1188,Office Supplies,Pens,Marker,South,Bengaluru,5,74889.25,0.15,23004.74,Credit Card
ORD-12344,2025-06-07,CUST-1543,Customer 1543,Technology,Tablets,Tablet 10,South,Bengaluru,7,22239.0,0.1,5957.8,Debit Card
ORD-11024,2025-06-07,CUST-1363,Customer 1363,Furniture,Chairs,Visitor Chair,South,Bengaluru,2,41729.4,0.1,5562.01,Credit Card
ORD-14964,2025-06-08,CUST-1701,Customer 1701,Furniture,Chairs,Visitor Chair,West,Ahmedabad,3,55387.2,0.2,13294.65,Credit Card
ORD-10266,2025-06-08,CUST-1551,Customer 1551,Furniture,Storage,Filing Cabinet,South,Chennai,2,37673.2,0.05,11872.72,Cash
ORD-14913,2025-06-08,CUST-1466,Customer 1466,Office Supplies,Organizers,Desk Organizer,West,Pune,7,120545.25,0.25,24965.42,Cash
ORD-10090,2025-06-08,CUST-1753,Customer 1753,Furniture,Storage,Bookshelf,East,Kolkata,3,27129.6,0.2,10543.14,Credit Card
ORD-13743,2025-06-08,CUST-1687,Customer 1687,Office Supplies,Pens,Marker,South,Chennai,6,84846.0,0.0,27686.7,Debit Card
ORD-12796,2025-06-08,CUST-1249,Customer 1249,Appliances,Home Care,Vacuum Cleaner,North,Jaipur,1,17677.5,0.25,3506.23,Credit Card
ORD-11815,2025-06-08,CUST-1320,Customer 1320,Appliances,Kitchen,Mixer Grinder,South,Bengaluru,7,134097.6,0.2,36990.15,Cash
ORD-11781,2025-06-08,CUST-1183,Customer 1183,Furniture,Tables,Meeting Table,West,Pune,4,7267.2,0.2,952.38,Debit Card
ORD-10405,2025-06-08,CUST-1117,Customer 1117,Appliances,Small Appliances,Toaster,North,Lucknow,5,73435.75,0.15,14909.75,Debit Card
ORD-11086,2025-06-08,CUST-1554,Customer 1554,Technology,Tablets,Tablet 10,East,Patna,7,10017.0,0.1,1162.67,Debit Card
ORD-14485,2025-06-08,CUST-1745,Customer 1745,Office Supplies,Organizers,Desk Organizer,South,Hyderabad,6,87261.0,0.15,16969.85,Credit Card
ORD-14063,2025-06-08,CUST-1213,Customer 1213,Appliances,Fans,Table Fan,West,Mumbai,2,32507.2,0.2,6339.98,Cash
ORD-12360,2025-06-09,CUST-1669,Customer 1669,Technology,Laptops,Laptop Air,North,Delhi,6,10944.0,0.2,4173.83,Net Banking
ORD-12057,2025-06-09,CUST-1104,Customer 1104,Furniture,Office Furniture,Workstation,West,Pune,3,2873.25,0.25,606.83,Credit Card
ORD-11383,2025-06-09,CUST-1597,Customer 1597,Office Supplies,Organizers,Desk Organizer,North,Chandigarh,7,44919.0,0.1,6764.02,Net Banking
ORD-11622,2025-06-09,CUST-1389,Customer 1389,Furniture,Storage,Bookshelf,North,Delhi,4,74512.0,0.2,13203.66,Debit Card
ORD-14029,2025-06-09,CUST-1542,Customer 1542,Appliances,Kitchen,Mixer Grinder,South,Kochi,6,69158.1,0.05,24142.25,Cash
ORD-12388,2025-06-09,CUST-1557,Customer 1557,Appliances,Small Appliances,Toaster,North,Chandigarh,7,136930.5,0.1,52996.22,Credit Card
ORD-13411,2025-06-09,CUST-1586,Customer 1586,Appliances,Home Care,Air Purifier,North,Chandigarh,1,16858.0,0.0,2022.41,Cash
ORD-10121,2025-06-09,CUST-1773,Customer 1773,Appliances,Home Care,Vacuum Cleaner,West,Pune,4,4724.0,0.0,1212.87,Credit Card
ORD-11124,2025-06-09,CUST-1384,Customer 1384,Office Supplies,Organizers,Desk Organizer,South,Hyderabad,5,22452.0,0.2,5145.56,Credit Card
ORD-13021,2025-06-09,CUST-1120,Customer 1120,Furniture,Office Furniture,Workstation,South,Chennai,5,24392.0,0.2,4574.9,UPI
ORD-12656,2025-06-09,CUST-1593,Customer 1593,Technology,Accessories,USB Cable,East,Bhubaneswar,6,56538.3,0.05,6434.45,UPI
ORD-14152,2025-06-09,CUST-1035,Customer 1035,Furniture,Tables,Meeting Table,South,Kochi,7,137957.4,0.1,56984.38,Net Banking
ORD-11389,2025-06-10,CUST-1006,Customer 1006,Office Supplies,Binders,Ring Binder,North,Delhi,2,12835.8,0.1,1347.52,Credit Card
ORD-10396,2025-06-10,CUST-1174,Customer 1174,Appliances,Small Appliances,Blender,West,Mumbai,3,37996.8,0.2,10896.44,Cash
ORD-14066,2025-06-10,CUST-1072,Customer 1072,Office Supplies,Binders,File Binder,East,Bhubaneswar,7,49423.5,0.1,17968.1,UPI
ORD-11867,2025-06-10,CUST-1787,Customer 1787,Furniture,Storage,Filing Cabinet,North,Delhi,1,18009.75,0.25,3274.16,UPI
ORD-13387,2025-06-10,CUST-1265,Customer 1265,Technology,Phones,Smartphone C,East,Kolkata,6,24657.6,0.2,7605.17,Debit Card
ORD-11430,2025-06-10,CUST-1787,Customer 1787,Office Supplies,Organizers,Document Tray,East,Kolkata,5,86190.0,0.15,26220.38,Net Banking
ORD-12984,2025-06-11,CUST-1524,Customer 1524,Office Supplies,Binders,File Binder,West,Pune,1,9737.5,0.05,1783.81,Credit Card
ORD-10811,2025-06-11,CUST-1176,Customer 1176,Office Supplies,Paper,Premium Paper,North,Lucknow,1,10155.5,0.05,1074.13,Credit Card
ORD-14441,2025-06-11,CUST-1752,Customer 1752,Furniture,Office Furniture,Workstation,North,Delhi,7,63963.9,0.1,15656.87,Cash
ORD-12372,2025-06-11,CUST-1691,Customer 1691,Appliances,Fans,Table Fan,South,Bengaluru,1,21092.0,0.0,6805.51,Debit Card
ORD-12599,2025-06-11,CUST-1683,Customer 1683,Office Supplies,Pens,Gel Pen,North,Chandigarh,4,31544.0,0.0,10923.61,UPI
ORD-14648,2025-06-11,CUST-1517,Customer 1517,Technology,Phones,Smartphone B,North,Jaipur,4,72813.0,0.25,29344.97,Net Banking
ORD-11262,2025-06-11,CUST-1338,Customer 1338,Office Supplies,Pens,Ball Pen,East,Guwahati,6,48475.2,0.2,17901.97,Net Banking
ORD-11737,2025-06-11,CUST-1026,Customer 1026,Technology,Tablets,Tablet Pro,North,Jaipur,3,6101.85,0.05,625.21,Cash
ORD-14678,2025-06-11,CUST-1207,Customer 1207,Office Supplies,Pens,Marker,South,Hyderabad,4,47810.8,0.15,13084.79,Credit Card
ORD-11455,2025-06-11,CUST-1234,Customer 1234,Technology,Phones,Smartphone C,North,Lucknow,4,32661.0,0.05,10846.29,Cash
ORD-11808,2025-06-11,CUST-1521,Customer 1521,Technology,Accessories,USB Cable,South,Chennai,6,57655.5,0.15,19055.93,Debit Card
ORD-13910,2025-06-11,CUST-1767,Customer 1767,Technology,Phones,Smartphone A,West,Surat,1,3479.9,0.15,1124.48,Debit Card
ORD-10072,2025-06-11,CUST-1125,Customer 1125,Furniture,Chairs,Office Chair,East,Guwahati,6,133026.0,0.0,27592.16,Credit Card
ORD-10591,2025-06-11,CUST-1119,Customer 1119,Technology,Laptops,Laptop Pro,North,Delhi,7,50365.0,0.0,7680.94,Cash
ORD-11170,2025-06-11,CUST-1010,Customer 1010,Office Supplies,Binders,Ring Binder,East,Patna,4,8809.2,0.1,1728.31,Cash
ORD-12255,2025-06-11,CUST-1557,Customer 1557,Appliances,Small Appliances,Blender,West,Mumbai,4,48812.4,0.1,11542.97,UPI
ORD-12456,2025-06-11,CUST-1505,Customer 1505,Technology,Laptops,Business Laptop,South,Chennai,2,5387.3,0.15,1800.26,Credit Card
ORD-11544,2025-06-11,CUST-1614,Customer 1614,Technology,Phones,Smartphone C,East,Bhubaneswar,5,47856.25,0.05,17959.06,Debit Card
ORD-10668,2025-06-11,CUST-1777,Customer 1777,Appliances,Home Care,Vacuum Cleaner,East,Bhubaneswar,7,17766.0,0.1,4490.15,Cash
ORD-10788,2025-06-11,CUST-1041,Customer 1041,Appliances,Fans,Ceiling Fan,West,Mumbai,5,72322.25,0.15,31418.73,Net Banking
ORD-12790,2025-06-11,CUST-1347,Customer 1347,Appliances,Home Care,Vacuum Cleaner,North,Jaipur,7,15634.5,0.25,4070.23,UPI
ORD-13085,2025-06-12,CUST-1510,Customer 1510,Furniture,Chairs,Visitor Chair,West,Ahmedabad,2,37094.4,0.2,10935.69,Debit Card
ORD-14104,2025-06-12,CUST-1311,Customer 1311,Furniture,Storage,Filing Cabinet,West,Ahmedabad,7,15773.45,0.15,6725.88,Cash
ORD-12579,2025-06-12,CUST-1248,Customer 1248,Appliances,Kitchen,Mixer Grinder,West,Mumbai,2,37751.9,0.15,6305.64,Credit Card
ORD-10094,2025-06-12,CUST-1254,Customer 1254,Furniture,Tables,Meeting Table,North,Jaipur,2,35685.0,0.1,5484.03,UPI
ORD-11037,2025-06-12,CUST-1321,Customer 1321,Appliances,Home Care,Vacuum Cleaner,West,Pune,3,30643.35,0.15,9032.88,Cash
ORD-10415,2025-06-12,CUST-1537,Customer 1537,Office Supplies,Binders,File Binder,North,Lucknow,4,53791.2,0.1,22857.81,Credit Card
ORD-13691,2025-06-12,CUST-1559,Customer 1559,Furniture,Chairs,Ergonomic Chair,East,Bhubaneswar,7,37838.5,0.05,11539.14,Credit Card
ORD-14961,2025-06-12,CUST-1236,Customer 1236,Appliances,Kitchen,Mixer Grinder,North,Delhi,4,73304.0,0.15,25109.21,Cash
ORD-14664,2025-06-12,CUST-1013,Customer 1013,Technology,Accessories,Keyboard,North,Chandigarh,4,67052.8,0.2,16326.75,UPI
ORD-11609,2025-06-12,CUST-1420,Customer 1420,Furniture,Storage,Storage Box,East,Kolkata,7,117099.85,0.05,34274.58,Net Banking
ORD-11199,2025-06-12,CUST-1198,Customer 1198,Office Supplies,Binders,Ring Binder,West,Ahmedabad,6,37329.3,0.05,9924.67,UPI
ORD-14905,2025-06-12,CUST-1529,Customer 1529,Office Supplies,Binders,File Binder,East,Patna,2,13755.6,0.1,2582.07,Debit Card
ORD-11183,2025-06-13,CUST-1657,Customer 1657,Appliances,Kitchen,Mixer Grinder,East,Bhubaneswar,3,52699.2,0.2,23248.83,Cash
ORD-13593,2025-06-13,CUST-1031,Customer 1031,Office Supplies,Organizers,Desk Organizer,North,Lucknow,1,17908.2,0.1,7939.81,Debit Card
ORD-11679,2025-06-13,CUST-1698,Customer 1698,Furniture,Office Furniture,Workstation,North,Lucknow,6,62529.6,0.2,12761.85,Net Banking
ORD-11248,2025-06-13,CUST-1508,Customer 1508,Furniture,Tables,Office Desk,West,Mumbai,2,20343.3,0.05,2435.69,Credit Card
ORD-14138,2025-06-13,CUST-1201,Customer 1201,Furniture,Tables,Office Desk,North,Lucknow,6,36780.0,0.0,8832.62,UPI
ORD-11934,2025-06-13,CUST-1494,Customer 1494,Office Supplies,Binders,Ring Binder,West,Ahmedabad,2,6340.8,0.2,1921.0,Credit Card
ORD-10027,2025-06-13,CUST-1798,Customer 1798,Furniture,Chairs,Office Chair,West,Surat,1,4738.0,0.0,1166.79,Net Banking
ORD-11094,2025-06-13,CUST-1060,Customer 1060,Office Supplies,Paper,A4 Paper,South,Chennai,5,88378.75,0.15,10028.26,UPI
ORD-12757,2025-06-13,CUST-1182,Customer 1182,Technology,Laptops,Business Laptop,North,Lucknow,2,5999.4,0.1,1139.79,Net Banking
ORD-12778,2025-06-13,CUST-1470,Customer 1470,Office Supplies,Organizers,Desk Organizer,North,Lucknow,3,42336.0,0.1,13957.77,Net Banking
ORD-13123,2025-06-13,CUST-1327,Customer 1327,Furniture,Office Furniture,Workstation,North,Lucknow,2,37335.0,0.05,9556.47,UPI
ORD-14177,2025-06-13,CUST-1083,Customer 1083,Technology,Phones,Smartphone B,North,Jaipur,6,90168.0,0.15,31851.75,Debit Card
ORD-14778,2025-06-13,CUST-1785,Customer 1785,Appliances,Fans,Table Fan,East,Patna,4,48564.0,0.05,16191.59,Cash
ORD-14407,2025-06-13,CUST-1458,Customer 1458,Technology,Tablets,Tablet 10,North,Jaipur,2,1203.2,0.2,416.79,UPI
ORD-14537,2025-06-13,CUST-1637,Customer 1637,Appliances,Kitchen,Electric Kettle,South,Chennai,6,112800.0,0.0,42643.28,UPI
ORD-13953,2025-06-14,CUST-1196,Customer 1196,Furniture,Storage,Storage Box,North,Jaipur,7,143444.7,0.1,51730.43,UPI
ORD-11927,2025-06-14,CUST-1194,Customer 1194,Technology,Tablets,Tablet 10,South,Bengaluru,2,16816.0,0.0,3878.75,Cash
ORD-14258,2025-06-14,CUST-1671,Customer 1671,Furniture,Storage,Bookshelf,South,Kochi,3,62640.75,0.15,6414.1,Net Banking
ORD-12474,2025-06-14,CUST-1696,Customer 1696,Appliances,Kitchen,Mixer Grinder,East,Bhubaneswar,4,52506.2,0.15,14859.8,Debit Card
ORD-11436,2025-06-14,CUST-1579,Customer 1579,Furniture,Chairs,Office Chair,East,Patna,3,66495.6,0.1,9084.16,Debit Card
ORD-12149,2025-06-14,CUST-1042,Customer 1042,Furniture,Chairs,Ergonomic Chair,South,Chennai,7,8232.7,0.05,2260.77,Cash
ORD-14689,2025-06-14,CUST-1707,Customer 1707,Office Supplies,Paper,A4 Paper,West,Ahmedabad,1,7390.8,0.1,2030.36,UPI
ORD-10923,2025-06-15,CUST-1038,Customer 1038,Technology,Accessories,USB Cable,East,Kolkata,5,88859.0,0.15,32632.5,Debit Card
ORD-11361,2025-06-15,CUST-1168,Customer 1168,Furniture,Storage,Filing Cabinet,East,Bhubaneswar,5,3205.0,0.0,1203.64,Credit Card
ORD-12711,2025-06-15,CUST-1144,Customer 1144,Furniture,Chairs,Ergonomic Chair,North,Chandigarh,6,48777.6,0.2,21511.42,Net Banking
ORD-11242,2025-06-15,CUST-1222,Customer 1222,Appliances,Small Appliances,Blender,South,Bengaluru,1,11102.4,0.1,2011.22,Credit Card
ORD-14837,2025-06-15,CUST-1336,Customer 1336,Furniture,Chairs,Visitor Chair,North,Lucknow,4,25143.0,0.15,6231.35,Credit Card
ORD-11104,2025-06-15,CUST-1225,Customer 1225,Technology,Laptops,Business Laptop,North,Jaipur,2,41294.7,0.15,10453.15,Credit Card
ORD-10196,2025-06-15,CUST-1539,Customer 1539,Furniture,Storage,Bookshelf,North,Jaipur,6,111556.8,0.2,32791.33,Cash
ORD-11429,2025-06-15,CUST-1720,Customer 1720,Furniture,Storage,Bookshelf,East,Guwahati,3,51510.9,0.05,19396.45,Cash
ORD-12199,2025-06-15,CUST-1534,Customer 1534,Furniture,Office Furniture,Workstation,South,Kochi,1,17353.65,0.05,6153.1,Cash
ORD-14089,2025-06-15,CUST-1616,Customer 1616,Furniture,Office Furniture,Reception Desk,East,Guwahati,1,8091.15,0.15,2154.7,Cash
ORD-11766,2025-06-15,CUST-1031,Customer 1031,Appliances,Kitchen,Electric Kettle,East,Bhubaneswar,5,108095.75,0.05,13233.43,Cash
ORD-11797,2025-06-15,CUST-1507,Customer 1507,Office Supplies,Pens,Ball Pen,West,Surat,1,9200.4,0.15,1088.17,Debit Card
ORD-12079,2025-06-15,CUST-1166,Customer 1166,Office Supplies,Organizers,Desk Organizer,East,Patna,3,57680.1,0.1,9927.74,UPI
ORD-10906,2025-06-16,CUST-1118,Customer 1118,Furniture,Storage,Storage Box,East,Kolkata,1,2602.7,0.15,1039.71,Cash
ORD-14731,2025-06-16,CUST-1281,Customer 1281,Furniture,Office Furniture,Workstation,South,Kochi,4,88247.4,0.05,9686.24,Net Banking
ORD-11190,2025-06-16,CUST-1076,Customer 1076,Appliances,Fans,Table Fan,West,Ahmedabad,7,28627.2,0.2,2966.02,Debit Card
ORD-11025,2025-06-16,CUST-1410,Customer 1410,Appliances,Small Appliances,Toaster,North,Delhi,7,63980.0,0.0,17245.98,UPI
ORD-13354,2025-06-16,CUST-1756,Customer 1756,Office Supplies,Pens,Ball Pen,South,Hyderabad,2,24894.0,0.1,6320.86,Credit Card
ORD-14718,2025-06-16,CUST-1554,Customer 1554,Furniture,Storage,Filing Cabinet,West,Mumbai,7,41193.6,0.2,15572.42,UPI
ORD-13781,2025-06-16,CUST-1012,Customer 1012,Appliances,Kitchen,Mixer Grinder,South,Hyderabad,7,97699.0,0.0,32984.1,Net Banking
ORD-11450,2025-06-16,CUST-1277,Customer 1277,Appliances,Fans,Ceiling Fan,East,Bhubaneswar,3,28633.95,0.05,10705.21,Debit Card
ORD-10463,2025-06-16,CUST-1769,Customer 1769,Furniture,Storage,Storage Box,South,Kochi,1,21746.45,0.05,7518.2,UPI
ORD-11295,2025-06-16,CUST-1557,Customer 1557,Appliances,Kitchen,Electric Kettle,West,Surat,4,76723.2,0.2,25687.83,Credit Card
ORD-14475,2025-06-16,CUST-1665,Customer 1665,Office Supplies,Binders,File Binder,South,Hyderabad,6,82632.9,0.05,25451.04,Debit Card
ORD-11768,2025-06-16,CUST-1521,Customer 1521,Technology,Phones,Smartphone A,South,Bengaluru,4,68346.0,0.1,11809.68,Credit Card
ORD-11693,2025-06-16,CUST-1523,Customer 1523,Appliances,Home Care,Vacuum Cleaner,West,Pune,2,7918.0,0.0,853.43,Credit Card
ORD-10703,2025-06-16,CUST-1027,Customer 1027,Technology,Phones,Smartphone C,South,Bengaluru,5,30199.5,0.1,4592.25,Debit Card
ORD-14226,2025-06-16,CUST-1615,Customer 1615,Appliances,Home Care,Vacuum Cleaner,North,Chandigarh,4,86932.8,0.1,35506.35,Debit Card
ORD-10813,2025-06-16,CUST-1143,Customer 1143,Technology,Phones,Smartphone A,South,Chennai,5,67022.5,0.05,9896.92,Cash
ORD-12367,2025-06-16,CUST-1790,Customer 1790,Furniture,Office Furniture,Workstation,North,Lucknow,2,41934.9,0.05,9599.14,Debit Card
ORD-10175,2025-06-16,CUST-1743,Customer 1743,Appliances,Fans,Table Fan,South,Hyderabad,1,18201.6,0.1,1956.57,Net Banking
ORD-13196,2025-06-16,CUST-1240,Customer 1240,Appliances,Kitchen,Electric Kettle,East,Kolkata,4,45657.0,0.05,19605.88,Net Banking
ORD-10621,2025-06-16,CUST-1522,Customer 1522,Appliances,Small Appliances,Blender,North,Chandigarh,6,78931.8,0.1,21286.69,Credit Card
ORD-12394,2025-06-16,CUST-1550,Customer 1550,Office Supplies,Binders,Ring Binder,East,Guwahati,7,133000.0,0.05,49763.44,Credit Card
ORD-11313,2025-06-17,CUST-1194,Customer 1194,Technology,Accessories,Keyboard,North,Lucknow,6,142500.0,0.0,30990.11,Credit Card
ORD-10009,2025-06-17,CUST-1170,Customer 1170,Office Supplies,Organizers,Desk Organizer,West,Pune,1,24587.0,0.0,3204.75,Net Banking
ORD-11256,2025-06-17,CUST-1614,Customer 1614,Furniture,Tables,Office Desk,South,Hyderabad,4,42867.2,0.2,16769.38,Debit Card
ORD-14129,2025-06-17,CUST-1052,Customer 1052,Appliances,Home Care,Air Purifier,South,Bengaluru,3,17931.0,0.0,5576.52,UPI
ORD-11153,2025-06-17,CUST-1672,Customer 1672,Appliances,Kitchen,Electric Kettle,South,Bengaluru,2,28218.8,0.05,4031.92,Credit Card
ORD-13367,2025-06-17,CUST-1165,Customer 1165,Technology,Accessories,Headphones,South,Bengaluru,5,87840.0,0.2,16949.73,Cash
ORD-10952,2025-06-17,CUST-1177,Customer 1177,Appliances,Small Appliances,Blender,West,Surat,1,3088.8,0.1,1206.12,Debit Card
ORD-10948,2025-06-17,CUST-1222,Customer 1222,Appliances,Fans,Table Fan,South,Bengaluru,3,54037.05,0.15,19243.41,Net Banking
ORD-12618,2025-06-17,CUST-1593,Customer 1593,Office Supplies,Pens,Ball Pen,West,Ahmedabad,3,35109.0,0.0,5608.06,UPI
ORD-10457,2025-06-17,CUST-1139,Customer 1139,Furniture,Tables,Meeting Table,East,Kolkata,6,135095.7,0.05,54219.04,Credit Card
ORD-12772,2025-06-17,CUST-1701,Customer 1701,Technology,Tablets,Tablet 10,South,Bengaluru,7,156205.0,0.0,28686.9,Debit Card
ORD-14349,2025-06-17,CUST-1315,Customer 1315,Appliances,Home Care,Vacuum Cleaner,North,Delhi,1,5523.75,0.25,1348.58,UPI
ORD-11222,2025-06-17,CUST-1199,Customer 1199,Furniture,Chairs,Office Chair,North,Lucknow,6,134206.2,0.1,28692.7,UPI
ORD-14775,2025-06-17,CUST-1800,Customer 1800,Technology,Laptops,Business Laptop,East,Bhubaneswar,7,129023.3,0.05,48278.64,UPI
ORD-11166,2025-06-17,CUST-1314,Customer 1314,Furniture,Office Furniture,Workstation,East,Bhubaneswar,5,9723.25,0.05,1503.05,Credit Card
ORD-11284,2025-06-17,CUST-1688,Customer 1688,Technology,Accessories,Headphones,West,Ahmedabad,2,29629.8,0.1,10109.55,Debit Card
ORD-14496,2025-06-18,CUST-1119,Customer 1119,Technology,Accessories,Keyboard,South,Kochi,2,29795.4,0.1,11824.84,UPI
ORD-12632,2025-06-18,CUST-1340,Customer 1340,Office Supplies,Binders,Ring Binder,East,Patna,4,33108.0,0.0,6088.77,Credit Card
ORD-12541,2025-06-18,CUST-1552,Customer 1552,Technology,Accessories,Headphones,South,Bengaluru,4,55801.6,0.2,7406.26,Debit Card
ORD-12463,2025-06-18,CUST-1227,Customer 1227,Office Supplies,Binders,Ring Binder,South,Hyderabad,4,44859.6,0.1,5333.12,Cash
ORD-13810,2025-06-18,CUST-1423,Customer 1423,Furniture,Tables,Meeting Table,East,Bhubaneswar,6,105937.2,0.1,16137.25,Credit Card
ORD-13088,2025-06-18,CUST-1026,Customer 1026,Appliances,Small Appliances,Toaster,East,Bhubaneswar,6,86635.2,0.2,32277.21,Debit Card
ORD-15000,2025-06-18,CUST-1043,Customer 1043,Appliances,Kitchen,Electric Kettle,South,Hyderabad,4,90865.6,0.05,9152.06,UPI
ORD-11028,2025-06-18,CUST-1394,Customer 1394,Office Supplies,Organizers,Desk Organizer,South,Bengaluru,1,15288.35,0.05,6590.19,UPI
ORD-11635,2025-06-18,CUST-1509,Customer 1509,Technology,Tablets,Tablet 10,West,Pune,2,36531.2,0.2,9453.91,Credit Card
ORD-11459,2025-06-18,CUST-1032,Customer 1032,Furniture,Office Furniture,Workstation,North,Chandigarh,4,25323.2,0.15,9330.36,Debit Card
ORD-14052,2025-06-19,CUST-1089,Customer 1089,Furniture,Chairs,Office Chair,West,Pune,2,3604.0,0.0,1015.28,Debit Card
ORD-13835,2025-06-19,CUST-1765,Customer 1765,Office Supplies,Organizers,Document Tray,North,Chandigarh,3,53473.5,0.15,12532.2,Net Banking
ORD-14746,2025-06-19,CUST-1060,Customer 1060,Office Supplies,Pens,Marker,East,Bhubaneswar,6,98506.8,0.1,39370.54,Net Banking
ORD-12630,2025-06-19,CUST-1070,Customer 1070,Office Supplies,Paper,A4 Paper,East,Kolkata,7,73722.6,0.1,14755.96,Net Banking
ORD-11553,2025-06-19,CUST-1562,Customer 1562,Office Supplies,Organizers,Desk Organizer,West,Pune,2,3155.2,0.15,846.18,Credit Card
ORD-11581,2025-06-19,CUST-1217,Customer 1217,Appliances,Fans,Ceiling Fan,South,Bengaluru,1,22735.4,0.05,6694.8,Debit Card
ORD-12250,2025-06-19,CUST-1266,Customer 1266,Technology,Laptops,Business Laptop,West,Pune,5,65547.75,0.15,29245.34,Net Banking
ORD-10004,2025-06-19,CUST-1006,Customer 1006,Office Supplies,Pens,Marker,North,Lucknow,2,40638.6,0.1,15337.73,Credit Card
ORD-12527,2025-06-19,CUST-1429,Customer 1429,Technology,Phones,Smartphone B,South,Kochi,6,87949.8,0.1,18969.05,UPI
ORD-13298,2025-06-19,CUST-1059,Customer 1059,Appliances,Fans,Ceiling Fan,South,Bengaluru,2,24635.2,0.2,10747.14,Debit Card
ORD-14057,2025-06-19,CUST-1519,Customer 1519,Furniture,Chairs,Ergonomic Chair,East,Patna,6,108220.8,0.2,21662.92,Debit Card
ORD-13355,2025-06-19,CUST-1730,Customer 1730,Technology,Accessories,Headphones,West,Surat,6,42714.0,0.1,16410.52,UPI
ORD-14738,2025-06-20,CUST-1337,Customer 1337,Technology,Phones,Smartphone A,West,Surat,1,12275.9,0.05,3488.5,Debit Card
ORD-12169,2025-06-20,CUST-1707,Customer 1707,Furniture,Tables,Study Table,North,Lucknow,3,880.2,0.1,336.76,Debit Card
ORD-12461,2025-06-20,CUST-1634,Customer 1634,Appliances,Fans,Ceiling Fan,North,Chandigarh,3,2337.0,0.0,893.3,Credit Card
ORD-11493,2025-06-20,CUST-1071,Customer 1071,Office Supplies,Binders,Ring Binder,North,Chandigarh,5,35653.5,0.05,16025.98,Net Banking
ORD-14031,2025-06-20,CUST-1451,Customer 1451,Technology,Accessories,Wireless Mouse,West,Ahmedabad,6,64087.2,0.1,12077.61,Debit Card
ORD-10959,2025-06-20,CUST-1785,Customer 1785,Furniture,Tables,Meeting Table,East,Kolkata,3,8037.9,0.1,920.52,Credit Card
ORD-13589,2025-06-20,CUST-1437,Customer 1437,Technology,Phones,Smartphone A,South,Hyderabad,6,64438.5,0.05,24041.15,Debit Card
ORD-10147,2025-06-20,CUST-1450,Customer 1450,Office Supplies,Paper,A4 Paper,South,Chennai,3,33491.7,0.15,6485.42,Net Banking
ORD-13379,2025-06-20,CUST-1590,Customer 1590,Furniture,Chairs,Visitor Chair,West,Pune,2,12052.8,0.1,2354.54,Net Banking
ORD-10242,2025-06-20,CUST-1729,Customer 1729,Office Supplies,Binders,File Binder,East,Patna,5,66965.5,0.05,23409.56,Net Banking
ORD-10504,2025-06-20,CUST-1161,Customer 1161,Appliances,Small Appliances,Blender,East,Patna,1,964.8,0.2,232.43,UPI
ORD-12032,2025-06-20,CUST-1718,Customer 1718,Technology,Accessories,USB Cable,East,Guwahati,1,7716.0,0.0,2088.88,Debit Card
ORD-13990,2025-06-20,CUST-1410,Customer 1410,Appliances,Fans,Ceiling Fan,North,Jaipur,2,35577.6,0.2,4734.24,Debit Card
ORD-13622,2025-06-20,CUST-1006,Customer 1006,Furniture,Storage,Storage Box,South,Bengaluru,4,7884.0,0.1,2785.15,Cash
ORD-11206,2025-06-20,CUST-1043,Customer 1043,Furniture,Chairs,Ergonomic Chair,South,Chennai,2,22310.8,0.15,8265.33,Debit Card
ORD-11402,2025-06-20,CUST-1284,Customer 1284,Office Supplies,Paper,Premium Paper,North,Lucknow,1,10392.8,0.2,2140.59,Net Banking
ORD-11560,2025-06-21,CUST-1077,Customer 1077,Office Supplies,Pens,Marker,West,Mumbai,5,8215.25,0.15,2948.63,Net Banking
ORD-12362,2025-06-21,CUST-1366,Customer 1366,Furniture,Storage,Filing Cabinet,West,Pune,6,110875.2,0.2,13759.8,Credit Card
ORD-13644,2025-06-21,CUST-1423,Customer 1423,Appliances,Home Care,Air Purifier,East,Bhubaneswar,2,2094.4,0.2,838.12,Credit Card
ORD-10978,2025-06-21,CUST-1114,Customer 1114,Appliances,Fans,Table Fan,South,Hyderabad,4,55548.4,0.05,17449.2,Cash
ORD-13214,2025-06-21,CUST-1772,Customer 1772,Appliances,Home Care,Vacuum Cleaner,West,Mumbai,6,87144.0,0.0,26800.64,Credit Card
ORD-13167,2025-06-21,CUST-1611,Customer 1611,Furniture,Chairs,Office Chair,West,Surat,7,123596.9,0.05,30542.69,Cash
ORD-12264,2025-06-21,CUST-1024,Customer 1024,Furniture,Office Furniture,Workstation,North,Chandigarh,7,67752.65,0.15,29494.45,Cash
ORD-13209,2025-06-21,CUST-1607,Customer 1607,Appliances,Small Appliances,Toaster,North,Jaipur,4,64542.2,0.15,20267.63,Cash
ORD-14115,2025-06-21,CUST-1413,Customer 1413,Appliances,Home Care,Vacuum Cleaner,West,Ahmedabad,1,19786.6,0.05,5199.94,Debit Card
ORD-10454,2025-06-21,CUST-1112,Customer 1112,Furniture,Chairs,Ergonomic Chair,West,Ahmedabad,3,54272.7,0.1,19528.31,Cash
ORD-14357,2025-06-21,CUST-1260,Customer 1260,Appliances,Small Appliances,Blender,West,Pune,3,26979.0,0.15,3455.53,Net Banking
ORD-13430,2025-06-21,CUST-1356,Customer 1356,Furniture,Tables,Office Desk,South,Hyderabad,6,38088.0,0.25,6730.28,Cash
ORD-12882,2025-06-21,CUST-1090,Customer 1090,Technology,Phones,Smartphone C,West,Ahmedabad,3,43429.5,0.1,10647.71,Cash
ORD-13300,2025-06-21,CUST-1389,Customer 1389,Technology,Phones,Smartphone B,West,Pune,6,6892.8,0.2,2902.17,UPI
ORD-12841,2025-06-21,CUST-1396,Customer 1396,Technology,Phones,Smartphone A,South,Chennai,5,42415.0,0.15,17315.43,Debit Card
ORD-12123,2025-06-22,CUST-1330,Customer 1330,Office Supplies,Paper,A4 Paper,North,Delhi,1,15083.1,0.1,3030.37,Credit Card
ORD-14558,2025-06-22,CUST-1657,Customer 1657,Furniture,Chairs,Office Chair,West,Pune,2,20889.6,0.2,8936.62,UPI
ORD-11375,2025-06-22,CUST-1285,Customer 1285,Office Supplies,Pens,Ball Pen,West,Surat,3,14822.85,0.05,3212.5,Credit Card
ORD-10887,2025-06-22,CUST-1082,Customer 1082,Technology,Accessories,Headphones,East,Kolkata,1,20497.5,0.1,7068.62,Credit Card
ORD-10291,2025-06-22,CUST-1575,Customer 1575,Technology,Accessories,USB Cable,North,Delhi,4,34034.4,0.1,13368.44,Debit Card
ORD-14567,2025-06-22,CUST-1583,Customer 1583,Furniture,Storage,Filing Cabinet,East,Kolkata,5,57893.0,0.05,23048.28,UPI
ORD-10384,2025-06-22,CUST-1733,Customer 1733,Technology,Tablets,Tablet Pro,North,Chandigarh,1,6195.0,0.0,965.54,Cash
ORD-12515,2025-06-22,CUST-1766,Customer 1766,Technology,Phones,Smartphone A,West,Mumbai,7,174783.0,0.0,34078.36,Debit Card
ORD-12994,2025-06-22,CUST-1268,Customer 1268,Furniture,Storage,Bookshelf,West,Surat,3,28217.85,0.05,12482.66,Credit Card
ORD-13698,2025-06-23,CUST-1514,Customer 1514,Technology,Laptops,Laptop Air,North,Jaipur,4,42282.0,0.1,13226.26,Credit Card
ORD-12502,2025-06-23,CUST-1442,Customer 1442,Office Supplies,Organizers,Desk Organizer,South,Hyderabad,6,67049.7,0.15,19442.36,Cash
ORD-11479,2025-06-23,CUST-1216,Customer 1216,Furniture,Chairs,Ergonomic Chair,North,Delhi,6,21858.0,0.0,3427.74,Debit Card
ORD-14894,2025-06-23,CUST-1357,Customer 1357,Technology,Phones,Smartphone A,East,Kolkata,2,39848.0,0.15,12375.86,Credit Card
ORD-14350,2025-06-23,CUST-1162,Customer 1162,Technology,Phones,Smartphone A,East,Patna,1,2657.7,0.1,724.94,Credit Card
ORD-13351,2025-06-23,CUST-1597,Customer 1597,Appliances,Small Appliances,Toaster,North,Jaipur,3,64381.5,0.05,28025.86,Cash
ORD-14453,2025-06-23,CUST-1332,Customer 1332,Technology,Tablets,Tablet Pro,East,Kolkata,7,42834.05,0.15,10277.08,UPI
ORD-11312,2025-06-23,CUST-1277,Customer 1277,Furniture,Storage,Storage Box,West,Ahmedabad,7,103247.2,0.2,34385.94,Credit Card
ORD-14205,2025-06-23,CUST-1183,Customer 1183,Furniture,Office Furniture,Workstation,East,Guwahati,3,10878.45,0.05,3076.62,Cash
ORD-10830,2025-06-24,CUST-1526,Customer 1526,Appliances,Small Appliances,Toaster,North,Jaipur,7,104571.25,0.15,25139.47,Net Banking
ORD-11678,2025-06-24,CUST-1155,Customer 1155,Office Supplies,Paper,A4 Paper,West,Mumbai,2,2944.5,0.25,319.3,UPI
ORD-13871,2025-06-24,CUST-1321,Customer 1321,Furniture,Tables,Office Desk,South,Chennai,1,23722.45,0.05,4906.63,UPI
ORD-14755,2025-06-24,CUST-1499,Customer 1499,Furniture,Chairs,Ergonomic Chair,East,Kolkata,1,9825.85,0.05,2682.24,UPI
ORD-13643,2025-06-24,CUST-1275,Customer 1275,Technology,Accessories,USB Cable,South,Bengaluru,7,82733.0,0.0,29226.45,Cash
ORD-10815,2025-06-24,CUST-1249,Customer 1249,Appliances,Small Appliances,Toaster,North,Jaipur,7,55293.0,0.0,6794.55,Cash
ORD-14437,2025-06-24,CUST-1214,Customer 1214,Office Supplies,Paper,A4 Paper,East,Patna,1,15826.15,0.15,4529.44,Credit Card
ORD-14300,2025-06-24,CUST-1169,Customer 1169,Appliances,Kitchen,Mixer Grinder,North,Chandigarh,5,111855.0,0.0,24278.49,Credit Card
ORD-11070,2025-06-24,CUST-1722,Customer 1722,Technology,Tablets,Tablet 10,West,Ahmedabad,7,83676.95,0.05,10157.39,Cash
ORD-14940,2025-06-24,CUST-1229,Customer 1229,Furniture,Office Furniture,Reception Desk,South,Chennai,4,92720.0,0.05,25522.7,Debit Card
ORD-11665,2025-06-24,CUST-1257,Customer 1257,Office Supplies,Pens,Marker,North,Delhi,7,29500.1,0.15,5170.52,Debit Card
ORD-12348,2025-06-24,CUST-1659,Customer 1659,Furniture,Chairs,Ergonomic Chair,East,Patna,6,95623.2,0.1,25601.11,Net Banking
ORD-12007,2025-06-24,CUST-1707,Customer 1707,Appliances,Fans,Ceiling Fan,North,Lucknow,1,14229.0,0.0,2259.68,UPI
ORD-10502,2025-06-24,CUST-1134,Customer 1134,Technology,Laptops,Business Laptop,South,Chennai,5,69768.0,0.1,25090.59,Debit Card
ORD-14278,2025-06-25,CUST-1240,Customer 1240,Appliances,Small Appliances,Blender,West,Pune,5,56746.0,0.15,10502.83,Credit Card
ORD-12223,2025-06-25,CUST-1062,Customer 1062,Furniture,Chairs,Visitor Chair,East,Guwahati,5,3425.0,0.0,707.66,Debit Card
ORD-14617,2025-06-25,CUST-1538,Customer 1538,Appliances,Small Appliances,Blender,North,Delhi,4,19952.0,0.2,6568.99,Net Banking
ORD-13251,2025-06-25,CUST-1651,Customer 1651,Office Supplies,Paper,Premium Paper,North,Chandigarh,7,42985.6,0.2,13388.17,UPI
ORD-12498,2025-06-25,CUST-1235,Customer 1235,Furniture,Storage,Bookshelf,South,Chennai,3,14563.2,0.2,3520.16,UPI
ORD-12905,2025-06-25,CUST-1599,Customer 1599,Appliances,Kitchen,Mixer Grinder,North,Lucknow,1,22036.0,0.0,2900.63,Credit Card
ORD-10796,2025-06-25,CUST-1751,Customer 1751,Office Supplies,Organizers,Document Tray,West,Surat,2,45233.3,0.05,9813.91,Debit Card
ORD-11826,2025-06-25,CUST-1239,Customer 1239,Technology,Laptops,Laptop Air,North,Lucknow,7,86408.0,0.0,28711.9,UPI
ORD-12929,2025-06-25,CUST-1778,Customer 1778,Furniture,Tables,Office Desk,West,Mumbai,3,50384.7,0.1,8819.55,Debit Card
ORD-14120,2025-06-25,CUST-1623,Customer 1623,Appliances,Kitchen,Electric Kettle,North,Jaipur,6,25766.4,0.2,7658.48,UPI
ORD-10498,2025-06-25,CUST-1761,Customer 1761,Appliances,Fans,Table Fan,East,Kolkata,6,77480.1,0.05,11559.02,Debit Card
ORD-13439,2025-06-25,CUST-1439,Customer 1439,Office Supplies,Binders,File Binder,East,Patna,6,66696.0,0.0,27925.16,UPI
ORD-13631,2025-06-25,CUST-1308,Customer 1308,Appliances,Kitchen,Electric Kettle,North,Delhi,2,15614.2,0.05,5065.16,UPI
ORD-11278,2025-06-26,CUST-1442,Customer 1442,Office Supplies,Organizers,Document Tray,West,Pune,1,18756.0,0.0,3802.4,Debit Card
ORD-12197,2025-06-26,CUST-1326,Customer 1326,Office Supplies,Paper,Premium Paper,South,Kochi,6,120634.8,0.05,51888.25,Credit Card
ORD-11419,2025-06-26,CUST-1446,Customer 1446,Technology,Phones,Smartphone B,West,Ahmedabad,1,22482.0,0.1,7290.47,Net Banking
ORD-14144,2025-06-26,CUST-1409,Customer 1409,Office Supplies,Paper,A4 Paper,East,Guwahati,7,53788.0,0.2,17874.87,UPI
ORD-11014,2025-06-26,CUST-1575,Customer 1575,Office Supplies,Pens,Ball Pen,North,Delhi,4,12580.0,0.15,5254.29,Net Banking
ORD-10347,2025-06-26,CUST-1255,Customer 1255,Office Supplies,Binders,Ring Binder,East,Kolkata,7,101320.8,0.2,22593.45,Credit Card
ORD-11508,2025-06-26,CUST-1042,Customer 1042,Furniture,Chairs,Ergonomic Chair,West,Pune,4,39888.8,0.15,16916.78,Credit Card
ORD-12024,2025-06-26,CUST-1642,Customer 1642,Technology,Accessories,Wireless Mouse,South,Chennai,7,99787.45,0.15,30644.71,Debit Card
ORD-13899,2025-06-26,CUST-1491,Customer 1491,Office Supplies,Pens,Gel Pen,East,Bhubaneswar,3,15812.55,0.15,5472.72,Debit Card
ORD-11189,2025-06-26,CUST-1508,Customer 1508,Office Supplies,Binders,Ring Binder,North,Delhi,5,109195.0,0.0,15408.12,UPI
ORD-13918,2025-06-26,CUST-1459,Customer 1459,Appliances,Fans,Ceiling Fan,West,Surat,2,16663.0,0.05,6608.41,Debit Card
ORD-14780,2025-06-26,CUST-1666,Customer 1666,Appliances,Home Care,Vacuum Cleaner,East,Guwahati,3,52543.2,0.2,18503.76,UPI
ORD-10987,2025-06-26,CUST-1201,Customer 1201,Appliances,Fans,Table Fan,North,Jaipur,6,1996.8,0.2,853.62,Credit Card
ORD-13761,2025-06-26,CUST-1652,Customer 1652,Technology,Accessories,Headphones,East,Kolkata,5,102006.25,0.05,16242.17,Net Banking
ORD-13056,2025-06-26,CUST-1354,Customer 1354,Technology,Laptops,Laptop Pro,West,Ahmedabad,5,50124.5,0.15,13149.0,UPI
ORD-11950,2025-06-26,CUST-1077,Customer 1077,Office Supplies,Organizers,Document Tray,South,Hyderabad,4,7315.2,0.1,2662.43,UPI
ORD-14566,2025-06-27,CUST-1206,Customer 1206,Furniture,Chairs,Ergonomic Chair,East,Bhubaneswar,2,31599.0,0.1,12260.66,Credit Card
ORD-14130,2025-06-27,CUST-1297,Customer 1297,Office Supplies,Organizers,Document Tray,South,Hyderabad,5,54765.0,0.1,19502.05,Cash
ORD-14450,2025-06-27,CUST-1291,Customer 1291,Technology,Phones,Smartphone C,North,Delhi,5,49320.0,0.0,20411.22,Credit Card
ORD-13738,2025-06-27,CUST-1542,Customer 1542,Technology,Laptops,Laptop Pro,East,Guwahati,3,2055.3,0.15,342.7,Net Banking
ORD-12679,2025-06-27,CUST-1625,Customer 1625,Office Supplies,Paper,A4 Paper,South,Hyderabad,4,34284.8,0.2,9727.86,Credit Card
ORD-13599,2025-06-27,CUST-1390,Customer 1390,Appliances,Fans,Ceiling Fan,West,Ahmedabad,7,88387.25,0.15,18361.11,Debit Card
ORD-12600,2025-06-27,CUST-1253,Customer 1253,Office Supplies,Organizers,Document Tray,South,Chennai,6,91794.9,0.15,18995.42,Net Banking
ORD-13675,2025-06-27,CUST-1548,Customer 1548,Office Supplies,Pens,Marker,East,Guwahati,2,14765.4,0.1,3002.22,UPI
ORD-11061,2025-06-27,CUST-1773,Customer 1773,Technology,Phones,Smartphone A,East,Kolkata,1,19934.8,0.05,6173.77,Credit Card
ORD-11325,2025-06-27,CUST-1350,Customer 1350,Technology,Tablets,Tablet Pro,West,Ahmedabad,6,76300.2,0.05,30702.49,Net Banking
ORD-10251,2025-06-27,CUST-1151,Customer 1151,Furniture,Office Furniture,Workstation,East,Kolkata,7,63651.0,0.0,21519.64,Cash
ORD-14094,2025-06-27,CUST-1207,Customer 1207,Office Supplies,Organizers,Desk Organizer,South,Bengaluru,5,13145.25,0.15,4861.65,Cash
ORD-11802,2025-06-27,CUST-1335,Customer 1335,Technology,Phones,Smartphone B,East,Bhubaneswar,4,32870.0,0.05,5329.14,Cash
ORD-10715,2025-06-28,CUST-1679,Customer 1679,Appliances,Kitchen,Electric Kettle,North,Chandigarh,3,30304.8,0.1,3038.15,UPI
ORD-11814,2025-06-28,CUST-1039,Customer 1039,Technology,Laptops,Laptop Pro,West,Surat,5,5589.0,0.1,939.62,Credit Card
ORD-11131,2025-06-28,CUST-1485,Customer 1485,Furniture,Tables,Meeting Table,North,Delhi,6,88781.4,0.1,30414.07,Credit Card
ORD-13461,2025-06-28,CUST-1588,Customer 1588,Appliances,Home Care,Air Purifier,West,Ahmedabad,3,3233.4,0.15,1120.38,Net Banking
ORD-13962,2025-06-28,CUST-1618,Customer 1618,Appliances,Kitchen,Electric Kettle,North,Jaipur,1,18729.25,0.05,5171.1,Net Banking
ORD-12661,2025-06-28,CUST-1564,Customer 1564,Furniture,Storage,Bookshelf,East,Bhubaneswar,5,91890.0,0.0,14839.55,Credit Card
ORD-10892,2025-06-28,CUST-1695,Customer 1695,Office Supplies,Paper,A4 Paper,North,Jaipur,3,42503.4,0.1,10760.57,Cash
ORD-14571,2025-06-28,CUST-1333,Customer 1333,Appliances,Home Care,Vacuum Cleaner,South,Kochi,3,67539.3,0.05,18609.29,Debit Card
ORD-11676,2025-06-28,CUST-1631,Customer 1631,Technology,Laptops,Laptop Pro,West,Ahmedabad,7,47880.0,0.05,7882.5,Cash
ORD-11147,2025-06-29,CUST-1510,Customer 1510,Office Supplies,Organizers,Document Tray,West,Pune,6,57695.4,0.05,12482.59,UPI
ORD-14529,2025-06-29,CUST-1515,Customer 1515,Appliances,Kitchen,Electric Kettle,West,Mumbai,5,86976.0,0.1,30796.9,Cash
ORD-12196,2025-06-29,CUST-1003,Customer 1003,Furniture,Office Furniture,Workstation,West,Mumbai,1,5609.0,0.0,1072.08,Debit Card
ORD-11543,2025-06-29,CUST-1241,Customer 1241,Appliances,Kitchen,Electric Kettle,East,Kolkata,5,68395.5,0.1,15705.73,Net Banking
ORD-10247,2025-06-29,CUST-1077,Customer 1077,Technology,Accessories,Keyboard,East,Patna,6,86994.0,0.1,33239.5,Debit Card
ORD-14439,2025-06-29,CUST-1455,Customer 1455,Furniture,Office Furniture,Reception Desk,North,Jaipur,5,23924.0,0.2,4472.22,Net Banking
ORD-11967,2025-06-29,CUST-1570,Customer 1570,Technology,Tablets,Tablet 10,North,Jaipur,1,1763.75,0.15,583.5,UPI
ORD-12426,2025-06-29,CUST-1384,Customer 1384,Office Supplies,Organizers,Desk Organizer,West,Mumbai,2,42377.6,0.15,4243.72,Credit Card
ORD-14624,2025-06-29,CUST-1647,Customer 1647,Office Supplies,Binders,Ring Binder,West,Surat,6,65964.0,0.0,17149.27,Cash
ORD-13560,2025-06-29,CUST-1707,Customer 1707,Furniture,Office Furniture,Reception Desk,South,Hyderabad,6,8246.4,0.2,2712.19,Net Banking
ORD-10818,2025-06-29,CUST-1727,Customer 1727,Office Supplies,Paper,A4 Paper,West,Surat,1,8566.15,0.05,1986.64,Net Banking
ORD-14966,2025-06-29,CUST-1607,Customer 1607,Furniture,Chairs,Office Chair,South,Hyderabad,1,11782.8,0.1,3388.74,Cash
ORD-11653,2025-06-29,CUST-1494,Customer 1494,Furniture,Storage,Bookshelf,South,Bengaluru,6,136596.0,0.0,54758.91,Net Banking
ORD-10406,2025-06-29,CUST-1122,Customer 1122,Appliances,Home Care,Air Purifier,East,Bhubaneswar,4,99396.0,0.0,21652.02,Debit Card
ORD-11663,2025-06-29,CUST-1730,Customer 1730,Appliances,Kitchen,Mixer Grinder,East,Guwahati,3,31375.2,0.15,8828.89,Credit Card
ORD-13936,2025-06-29,CUST-1606,Customer 1606,Furniture,Storage,Storage Box,South,Bengaluru,4,40180.0,0.0,6121.47,Cash
ORD-11473,2025-06-29,CUST-1530,Customer 1530,Technology,Laptops,Laptop Air,South,Kochi,7,11484.9,0.1,2004.46,Cash
ORD-11074,2025-06-30,CUST-1164,Customer 1164,Office Supplies,Paper,A4 Paper,North,Delhi,7,86858.1,0.1,36929.82,Debit Card
ORD-13266,2025-06-30,CUST-1361,Customer 1361,Appliances,Kitchen,Electric Kettle,East,Bhubaneswar,3,50467.05,0.15,21290.5,Net Banking
ORD-13291,2025-06-30,CUST-1063,Customer 1063,Office Supplies,Binders,Ring Binder,North,Chandigarh,7,44341.5,0.25,13654.08,Cash
ORD-11996,2025-06-30,CUST-1418,Customer 1418,Technology,Tablets,Tablet Pro,East,Guwahati,1,14320.0,0.0,5482.09,Net Banking
ORD-13763,2025-06-30,CUST-1786,Customer 1786,Office Supplies,Paper,A4 Paper,West,Mumbai,7,44701.3,0.05,11855.23,Credit Card
ORD-11630,2025-06-30,CUST-1212,Customer 1212,Furniture,Tables,Office Desk,South,Kochi,3,2659.05,0.05,1096.0,Debit Card
ORD-10916,2025-06-30,CUST-1702,Customer 1702,Furniture,Chairs,Office Chair,East,Guwahati,6,6636.0,0.0,2796.17,Credit Card
ORD-10918,2025-06-30,CUST-1410,Customer 1410,Appliances,Home Care,Air Purifier,East,Bhubaneswar,5,44965.0,0.0,6186.99,Net Banking
ORD-12649,2025-06-30,CUST-1313,Customer 1313,Office Supplies,Binders,Ring Binder,North,Chandigarh,2,33044.0,0.0,3859.08,Credit Card
ORD-13778,2025-06-30,CUST-1791,Customer 1791,Office Supplies,Pens,Marker,South,Kochi,5,24040.0,0.2,4334.74,Cash
ORD-14946,2025-07-01,CUST-1473,Customer 1473,Furniture,Chairs,Office Chair,North,Delhi,4,35552.0,0.0,8358.8,Cash
ORD-10483,2025-07-01,CUST-1631,Customer 1631,Technology,Laptops,Laptop Pro,West,Mumbai,3,59310.9,0.1,12423.65,Cash
ORD-12869,2025-07-01,CUST-1466,Customer 1466,Appliances,Small Appliances,Toaster,East,Kolkata,2,32150.4,0.2,10451.03,Debit Card
ORD-11907,2025-07-01,CUST-1009,Customer 1009,Technology,Phones,Smartphone A,West,Ahmedabad,6,110510.4,0.2,20982.27,Debit Card
ORD-13753,2025-07-01,CUST-1219,Customer 1219,Technology,Tablets,Tablet Pro,North,Chandigarh,4,49491.2,0.2,20046.99,Net Banking
ORD-11871,2025-07-01,CUST-1390,Customer 1390,Office Supplies,Pens,Ball Pen,East,Bhubaneswar,2,30576.6,0.1,9538.81,Credit Card
ORD-11897,2025-07-01,CUST-1088,Customer 1088,Furniture,Chairs,Ergonomic Chair,East,Patna,6,112455.0,0.1,47913.72,Cash
ORD-13371,2025-07-01,CUST-1626,Customer 1626,Furniture,Storage,Filing Cabinet,South,Hyderabad,1,10346.0,0.0,4612.23,UPI
ORD-13447,2025-07-01,CUST-1611,Customer 1611,Office Supplies,Organizers,Desk Organizer,East,Patna,6,66992.1,0.05,14258.64,Cash
ORD-14281,2025-07-01,CUST-1461,Customer 1461,Appliances,Fans,Ceiling Fan,East,Kolkata,1,11298.35,0.05,3932.49,Net Banking
ORD-10225,2025-07-01,CUST-1439,Customer 1439,Furniture,Chairs,Office Chair,West,Surat,1,15323.8,0.15,2205.81,Cash
ORD-13122,2025-07-01,CUST-1769,Customer 1769,Technology,Laptops,Business Laptop,North,Lucknow,2,26176.6,0.15,4863.44,Net Banking
ORD-13097,2025-07-01,CUST-1131,Customer 1131,Appliances,Fans,Table Fan,North,Lucknow,2,13079.6,0.05,3563.88,Net Banking
ORD-13606,2025-07-01,CUST-1597,Customer 1597,Office Supplies,Organizers,Desk Organizer,North,Delhi,2,29066.4,0.1,9979.47,Debit Card
ORD-12437,2025-07-01,CUST-1439,Customer 1439,Furniture,Storage,Bookshelf,North,Chandigarh,3,12507.75,0.15,2931.18,Debit Card
ORD-13105,2025-07-02,CUST-1770,Customer 1770,Furniture,Chairs,Ergonomic Chair,South,Bengaluru,1,3163.7,0.15,557.95,Credit Card
ORD-13746,2025-07-02,CUST-1639,Customer 1639,Office Supplies,Organizers,Desk Organizer,South,Chennai,1,6117.3,0.1,995.09,Net Banking
ORD-12706,2025-07-02,CUST-1284,Customer 1284,Furniture,Storage,Bookshelf,West,Mumbai,7,32299.05,0.05,5003.85,Cash
ORD-12246,2025-07-02,CUST-1037,Customer 1037,Furniture,Chairs,Office Chair,South,Chennai,4,66680.8,0.15,10218.2,Net Banking
ORD-13159,2025-07-02,CUST-1212,Customer 1212,Appliances,Kitchen,Mixer Grinder,East,Guwahati,3,55569.3,0.05,12662.02,Credit Card
ORD-13295,2025-07-02,CUST-1367,Customer 1367,Appliances,Fans,Ceiling Fan,North,Lucknow,2,20106.0,0.1,6264.28,Net Banking
ORD-13310,2025-07-02,CUST-1181,Customer 1181,Furniture,Tables,Office Desk,East,Patna,3,13996.95,0.15,2841.12,Cash
ORD-13692,2025-07-02,CUST-1465,Customer 1465,Appliances,Home Care,Vacuum Cleaner,South,Chennai,2,42129.4,0.15,13466.32,UPI
ORD-11483,2025-07-02,CUST-1538,Customer 1538,Furniture,Tables,Office Desk,East,Bhubaneswar,5,77070.0,0.0,13474.4,Cash
ORD-10400,2025-07-02,CUST-1726,Customer 1726,Technology,Accessories,Keyboard,North,Chandigarh,7,149184.0,0.1,33577.17,UPI
ORD-11853,2025-07-03,CUST-1507,Customer 1507,Furniture,Storage,Storage Box,North,Delhi,5,52029.0,0.1,17545.84,Cash
ORD-13957,2025-07-03,CUST-1647,Customer 1647,Office Supplies,Pens,Gel Pen,East,Guwahati,2,9499.6,0.15,2962.29,Debit Card
ORD-10223,2025-07-03,CUST-1781,Customer 1781,Furniture,Chairs,Ergonomic Chair,East,Guwahati,6,100201.5,0.25,25982.32,Debit Card
ORD-13859,2025-07-03,CUST-1256,Customer 1256,Appliances,Small Appliances,Toaster,North,Lucknow,1,12153.35,0.05,2530.5,Net Banking
ORD-10544,2025-07-03,CUST-1052,Customer 1052,Furniture,Tables,Meeting Table,South,Hyderabad,5,85871.25,0.15,24753.77,Cash
ORD-10297,2025-07-03,CUST-1493,Customer 1493,Furniture,Chairs,Visitor Chair,East,Bhubaneswar,6,125276.4,0.15,53649.22,UPI
ORD-13181,2025-07-03,CUST-1346,Customer 1346,Technology,Accessories,Wireless Mouse,South,Hyderabad,4,77079.6,0.1,20558.15,Credit Card
ORD-10450,2025-07-03,CUST-1445,Customer 1445,Furniture,Storage,Storage Box,North,Delhi,7,32904.9,0.1,9429.38,Cash
ORD-13201,2025-07-03,CUST-1168,Customer 1168,Office Supplies,Organizers,Document Tray,East,Guwahati,6,28031.4,0.1,3636.81,Credit Card
ORD-11573,2025-07-03,CUST-1136,Customer 1136,Furniture,Tables,Study Table,South,Chennai,5,50360.0,0.0,11833.83,Net Banking
ORD-11732,2025-07-03,CUST-1141,Customer 1141,Office Supplies,Paper,Premium Paper,West,Ahmedabad,1,4225.6,0.2,1440.66,Cash
ORD-12572,2025-07-03,CUST-1132,Customer 1132,Technology,Phones,Smartphone B,East,Patna,3,38203.2,0.2,16901.55,Debit Card
ORD-10048,2025-07-03,CUST-1150,Customer 1150,Office Supplies,Organizers,Desk Organizer,East,Bhubaneswar,4,27911.0,0.05,12074.26,Net Banking
ORD-10160,2025-07-03,CUST-1345,Customer 1345,Appliances,Kitchen,Mixer Grinder,South,Kochi,4,41454.2,0.05,8313.08,Debit Card
ORD-12756,2025-07-03,CUST-1059,Customer 1059,Office Supplies,Binders,File Binder,East,Guwahati,4,43448.4,0.1,12445.13,Cash
ORD-10870,2025-07-04,CUST-1195,Customer 1195,Furniture,Office Furniture,Workstation,South,Chennai,6,48804.0,0.0,8036.67,Net Banking
ORD-10997,2025-07-04,CUST-1172,Customer 1172,Technology,Laptops,Laptop Pro,East,Bhubaneswar,7,20109.6,0.05,5513.23,Cash
ORD-14398,2025-07-04,CUST-1798,Customer 1798,Furniture,Tables,Study Table,East,Bhubaneswar,1,3460.8,0.2,820.14,Credit Card
ORD-11026,2025-07-04,CUST-1764,Customer 1764,Furniture,Chairs,Ergonomic Chair,North,Lucknow,1,15602.0,0.0,3357.15,UPI
ORD-14034,2025-07-04,CUST-1201,Customer 1201,Furniture,Storage,Filing Cabinet,North,Lucknow,1,18959.25,0.15,5582.47,Credit Card
ORD-14642,2025-07-04,CUST-1033,Customer 1033,Technology,Tablets,Tablet Pro,East,Guwahati,1,13050.9,0.1,1765.99,Cash
ORD-13671,2025-07-04,CUST-1258,Customer 1258,Appliances,Home Care,Vacuum Cleaner,West,Pune,4,64535.4,0.05,24637.2,Net Banking
ORD-13364,2025-07-04,CUST-1736,Customer 1736,Furniture,Office Furniture,Reception Desk,North,Delhi,2,42120.0,0.0,14822.99,Net Banking
ORD-12721,2025-07-04,CUST-1525,Customer 1525,Furniture,Office Furniture,Reception Desk,North,Chandigarh,4,45824.2,0.05,15510.96,Cash
ORD-12370,2025-07-04,CUST-1343,Customer 1343,Furniture,Chairs,Ergonomic Chair,East,Guwahati,5,1882.75,0.15,767.89,Debit Card
ORD-12505,2025-07-04,CUST-1427,Customer 1427,Furniture,Storage,Bookshelf,South,Kochi,3,45818.4,0.15,14490.02,Net Banking
ORD-14854,2025-07-04,CUST-1261,Customer 1261,Technology,Tablets,Tablet Pro,South,Bengaluru,3,53107.2,0.2,18657.47,Credit Card
ORD-14702,2025-07-05,CUST-1201,Customer 1201,Office Supplies,Binders,File Binder,South,Kochi,1,9979.0,0.0,2942.31,UPI
ORD-13343,2025-07-05,CUST-1288,Customer 1288,Appliances,Small Appliances,Toaster,North,Chandigarh,2,4753.6,0.2,513.21,Cash
ORD-12704,2025-07-05,CUST-1393,Customer 1393,Technology,Laptops,Laptop Pro,East,Bhubaneswar,4,9987.2,0.2,2472.54,Credit Card
ORD-11486,2025-07-05,CUST-1794,Customer 1794,Office Supplies,Pens,Gel Pen,North,Chandigarh,4,69410.8,0.05,10401.52,Debit Card
ORD-14687,2025-07-05,CUST-1092,Customer 1092,Office Supplies,Pens,Marker,East,Guwahati,1,4685.25,0.25,1612.15,Debit Card
ORD-14445,2025-07-05,CUST-1496,Customer 1496,Appliances,Fans,Ceiling Fan,West,Ahmedabad,7,89138.7,0.1,32096.73,Debit Card
ORD-14933,2025-07-05,CUST-1074,Customer 1074,Technology,Tablets,Tablet Pro,South,Hyderabad,4,7939.0,0.15,1867.0,Debit Card
ORD-14891,2025-07-05,CUST-1765,Customer 1765,Furniture,Chairs,Ergonomic Chair,East,Guwahati,4,10359.8,0.15,2148.1,Net Banking
ORD-13305,2025-07-05,CUST-1502,Customer 1502,Furniture,Storage,Storage Box,West,Pune,4,45766.4,0.2,7391.21,UPI
ORD-12230,2025-07-05,CUST-1022,Customer 1022,Appliances,Fans,Ceiling Fan,South,Kochi,2,4447.2,0.15,1445.08,UPI
ORD-11255,2025-07-05,CUST-1704,Customer 1704,Technology,Phones,Smartphone C,West,Pune,3,34702.95,0.15,3810.5,Debit Card
ORD-10859,2025-07-05,CUST-1713,Customer 1713,Furniture,Chairs,Office Chair,West,Pune,7,40929.0,0.0,13359.39,UPI
ORD-14111,2025-07-05,CUST-1247,Customer 1247,Furniture,Office Furniture,Reception Desk,West,Ahmedabad,1,18424.6,0.15,6858.99,Credit Card
ORD-10471,2025-07-05,CUST-1124,Customer 1124,Technology,Accessories,USB Cable,West,Pune,7,168693.0,0.0,52584.09,UPI
ORD-12179,2025-07-05,CUST-1633,Customer 1633,Office Supplies,Paper,Premium Paper,East,Bhubaneswar,2,23012.8,0.05,8220.21,Net Banking
ORD-13693,2025-07-05,CUST-1620,Customer 1620,Technology,Accessories,Headphones,East,Guwahati,4,25024.0,0.15,7599.34,Credit Card
ORD-13489,2025-07-05,CUST-1150,Customer 1150,Furniture,Storage,Storage Box,South,Chennai,7,155696.45,0.05,31206.39,Credit Card
ORD-13463,2025-07-06,CUST-1760,Customer 1760,Appliances,Home Care,Air Purifier,North,Lucknow,4,72739.6,0.15,27724.03,Cash
ORD-13708,2025-07-06,CUST-1761,Customer 1761,Appliances,Small Appliances,Toaster,West,Pune,6,70186.2,0.15,23956.84,Credit Card
ORD-12743,2025-07-06,CUST-1233,Customer 1233,Office Supplies,Organizers,Document Tray,North,Delhi,3,4212.0,0.0,464.37,Cash
ORD-12203,2025-07-06,CUST-1622,Customer 1622,Office Supplies,Binders,File Binder,East,Patna,4,46016.0,0.2,12967.5,Credit Card
ORD-14922,2025-07-06,CUST-1591,Customer 1591,Office Supplies,Binders,File Binder,East,Patna,4,55753.2,0.1,11094.75,UPI
ORD-11398,2025-07-06,CUST-1362,Customer 1362,Office Supplies,Paper,A4 Paper,North,Chandigarh,2,19871.3,0.15,5035.67,Debit Card
ORD-12740,2025-07-06,CUST-1506,Customer 1506,Furniture,Storage,Filing Cabinet,East,Kolkata,3,60690.0,0.15,17687.37,UPI
ORD-14478,2025-07-06,CUST-1223,Customer 1223,Appliances,Small Appliances,Toaster,West,Surat,7,119168.0,0.05,16153.44,Debit Card
ORD-10517,2025-07-06,CUST-1706,Customer 1706,Appliances,Kitchen,Mixer Grinder,South,Hyderabad,3,32005.8,0.1,4719.51,Debit Card
ORD-12049,2025-07-06,CUST-1587,Customer 1587,Office Supplies,Organizers,Desk Organizer,West,Ahmedabad,1,1942.75,0.05,315.29,Debit Card
ORD-11957,2025-07-06,CUST-1317,Customer 1317,Furniture,Office Furniture,Workstation,South,Hyderabad,3,18074.4,0.15,2760.86,UPI
ORD-14995,2025-07-06,CUST-1190,Customer 1190,Office Supplies,Organizers,Document Tray,North,Delhi,6,132228.6,0.05,56353.56,Debit Card
ORD-13567,2025-07-06,CUST-1176,Customer 1176,Office Supplies,Binders,File Binder,South,Chennai,3,17747.1,0.1,7864.43,Debit Card
ORD-10618,2025-07-06,CUST-1712,Customer 1712,Appliances,Home Care,Air Purifier,East,Bhubaneswar,1,3554.25,0.25,486.25,Cash
ORD-12953,2025-07-06,CUST-1568,Customer 1568,Furniture,Storage,Bookshelf,East,Patna,7,89499.2,0.2,13341.41,Net Banking
ORD-14629,2025-07-06,CUST-1496,Customer 1496,Office Supplies,Paper,A4 Paper,South,Kochi,4,62166.4,0.2,26310.96,Cash
ORD-12428,2025-07-06,CUST-1275,Customer 1275,Technology,Tablets,Tablet 10,South,Bengaluru,5,104225.0,0.0,32486.74,UPI
ORD-13047,2025-07-06,CUST-1610,Customer 1610,Furniture,Chairs,Visitor Chair,West,Ahmedabad,1,8454.0,0.25,1822.87,Net Banking
ORD-10008,2025-07-06,CUST-1664,Customer 1664,Technology,Laptops,Laptop Pro,North,Jaipur,5,7364.0,0.2,2915.59,Debit Card
ORD-14262,2025-07-07,CUST-1435,Customer 1435,Appliances,Home Care,Vacuum Cleaner,West,Mumbai,1,6624.0,0.2,1739.25,Net Banking
ORD-13234,2025-07-07,CUST-1717,Customer 1717,Appliances,Home Care,Vacuum Cleaner,East,Bhubaneswar,5,49267.0,0.05,18438.03,Credit Card
ORD-11595,2025-07-07,CUST-1198,Customer 1198,Appliances,Kitchen,Mixer Grinder,North,Jaipur,1,1827.8,0.05,297.14,Credit Card
ORD-12375,2025-07-07,CUST-1197,Customer 1197,Furniture,Tables,Study Table,West,Mumbai,6,134206.5,0.05,36751.31,Net Banking
ORD-13637,2025-07-07,CUST-1409,Customer 1409,Technology,Phones,Smartphone A,North,Chandigarh,5,12380.0,0.0,4325.63,UPI
ORD-14422,2025-07-07,CUST-1525,Customer 1525,Office Supplies,Pens,Ball Pen,North,Lucknow,7,79194.85,0.05,29135.82,Cash
ORD-14154,2025-07-07,CUST-1175,Customer 1175,Technology,Tablets,Tablet Pro,South,Bengaluru,4,1174.2,0.05,518.99,UPI
ORD-13915,2025-07-07,CUST-1117,Customer 1117,Technology,Phones,Smartphone A,West,Surat,3,57864.6,0.15,10917.15,Debit Card
ORD-12287,2025-07-07,CUST-1042,Customer 1042,Office Supplies,Paper,A4 Paper,West,Surat,3,45792.0,0.1,18713.72,Net Banking
ORD-13448,2025-07-07,CUST-1312,Customer 1312,Office Supplies,Organizers,Desk Organizer,East,Kolkata,1,15874.0,0.0,6815.35,UPI
ORD-11220,2025-07-07,CUST-1526,Customer 1526,Office Supplies,Pens,Ball Pen,West,Pune,2,11257.4,0.15,3192.08,UPI
ORD-13665,2025-07-07,CUST-1262,Customer 1262,Technology,Laptops,Laptop Pro,East,Patna,6,59092.2,0.1,25104.53,Net Banking
ORD-14153,2025-07-07,CUST-1625,Customer 1625,Office Supplies,Organizers,Document Tray,West,Ahmedabad,7,103101.6,0.2,44585.16,Cash
ORD-10309,2025-07-07,CUST-1258,Customer 1258,Appliances,Kitchen,Mixer Grinder,South,Chennai,7,80664.5,0.05,15758.85,Debit Card
ORD-10807,2025-07-07,CUST-1232,Customer 1232,Appliances,Kitchen,Electric Kettle,West,Pune,3,5967.0,0.0,1702.87,UPI
ORD-10554,2025-07-07,CUST-1285,Customer 1285,Appliances,Small Appliances,Blender,North,Lucknow,3,23332.8,0.2,7523.86,Debit Card
ORD-10323,2025-07-07,CUST-1299,Customer 1299,Appliances,Fans,Ceiling Fan,East,Kolkata,7,122043.6,0.1,37309.29,Cash
ORD-12717,2025-07-07,CUST-1356,Customer 1356,Furniture,Office Furniture,Workstation,East,Patna,6,43097.4,0.1,15983.14,Net Banking
ORD-10267,2025-07-08,CUST-1340,Customer 1340,Appliances,Small Appliances,Toaster,North,Jaipur,3,34983.9,0.1,4707.93,Debit Card
ORD-10282,2025-07-08,CUST-1106,Customer 1106,Appliances,Kitchen,Electric Kettle,North,Jaipur,1,11186.0,0.15,4405.12,UPI
ORD-10355,2025-07-08,CUST-1171,Customer 1171,Appliances,Kitchen,Mixer Grinder,North,Lucknow,1,13155.45,0.15,4598.01,UPI
ORD-14480,2025-07-08,CUST-1105,Customer 1105,Furniture,Chairs,Office Chair,North,Jaipur,1,7447.7,0.15,2240.81,Debit Card
ORD-11727,2025-07-08,CUST-1749,Customer 1749,Appliances,Small Appliances,Toaster,East,Kolkata,1,5071.5,0.1,1994.92,Net Banking
ORD-14613,2025-07-08,CUST-1264,Customer 1264,Technology,Accessories,Headphones,North,Lucknow,4,45900.2,0.05,7683.48,Net Banking
ORD-14907,2025-07-08,CUST-1676,Customer 1676,Office Supplies,Organizers,Desk Organizer,West,Surat,5,4460.25,0.05,1357.82,UPI
ORD-14005,2025-07-08,CUST-1696,Customer 1696,Appliances,Kitchen,Electric Kettle,North,Jaipur,5,93810.25,0.15,23323.21,Cash
ORD-13294,2025-07-08,CUST-1503,Customer 1503,Technology,Laptops,Laptop Pro,South,Bengaluru,2,11520.0,0.1,2050.6,Cash
ORD-10395,2025-07-08,CUST-1053,Customer 1053,Office Supplies,Organizers,Document Tray,West,Pune,3,48327.0,0.0,7231.8,Cash
ORD-12851,2025-07-08,CUST-1312,Customer 1312,Appliances,Small Appliances,Blender,North,Lucknow,1,2444.4,0.1,728.88,Cash
ORD-13204,2025-07-08,CUST-1664,Customer 1664,Technology,Laptops,Business Laptop,South,Chennai,3,52827.6,0.05,18242.51,UPI
ORD-11714,2025-07-08,CUST-1603,Customer 1603,Technology,Phones,Smartphone B,North,Lucknow,5,46376.0,0.2,9086.63,UPI
ORD-12886,2025-07-08,CUST-1414,Customer 1414,Technology,Phones,Smartphone A,North,Jaipur,4,77007.6,0.1,18815.3,Debit Card
ORD-11081,2025-07-08,CUST-1424,Customer 1424,Office Supplies,Paper,A4 Paper,West,Ahmedabad,1,2666.45,0.15,353.95,Cash
ORD-10974,2025-07-08,CUST-1538,Customer 1538,Office Supplies,Paper,Premium Paper,North,Jaipur,1,8414.1,0.1,3527.18,UPI
ORD-11132,2025-07-08,CUST-1470,Customer 1470,Furniture,Chairs,Visitor Chair,South,Hyderabad,1,22351.0,0.0,6115.56,Cash
ORD-14751,2025-07-09,CUST-1800,Customer 1800,Office Supplies,Organizers,Document Tray,West,Surat,4,42547.6,0.15,6814.11,Debit Card
ORD-11308,2025-07-09,CUST-1555,Customer 1555,Appliances,Fans,Table Fan,East,Kolkata,4,3306.0,0.05,1249.6,UPI
ORD-13420,2025-07-09,CUST-1489,Customer 1489,Office Supplies,Organizers,Desk Organizer,South,Kochi,5,88595.5,0.15,22543.01,Credit Card
ORD-11273,2025-07-09,CUST-1284,Customer 1284,Office Supplies,Paper,A4 Paper,East,Guwahati,5,99103.5,0.1,23836.66,Net Banking
ORD-10821,2025-07-09,CUST-1647,Customer 1647,Office Supplies,Pens,Gel Pen,North,Chandigarh,7,36428.0,0.0,13088.87,Net Banking
ORD-13168,2025-07-09,CUST-1178,Customer 1178,Technology,Phones,Smartphone C,East,Guwahati,7,25987.5,0.25,8095.12,Net Banking
ORD-13712,2025-07-09,CUST-1571,Customer 1571,Technology,Tablets,Tablet Pro,South,Chennai,6,18019.8,0.1,7938.78,Cash
ORD-11156,2025-07-09,CUST-1265,Customer 1265,Technology,Accessories,Keyboard,West,Ahmedabad,1,1075.5,0.1,257.89,Net Banking
ORD-14304,2025-07-09,CUST-1380,Customer 1380,Appliances,Kitchen,Mixer Grinder,West,Pune,4,47625.6,0.2,11483.49,Debit Card
ORD-13437,2025-07-09,CUST-1510,Customer 1510,Technology,Tablets,Tablet Pro,South,Bengaluru,3,16572.0,0.0,4397.87,Net Banking
ORD-14533,2025-07-09,CUST-1171,Customer 1171,Appliances,Fans,Table Fan,North,Delhi,7,34731.2,0.2,9355.84,Net Banking
ORD-11475,2025-07-09,CUST-1513,Customer 1513,Appliances,Fans,Ceiling Fan,South,Bengaluru,6,102318.0,0.0,39655.26,UPI
ORD-11161,2025-07-09,CUST-1388,Customer 1388,Appliances,Home Care,Vacuum Cleaner,West,Mumbai,2,21926.0,0.05,2576.57,Cash
ORD-11670,2025-07-10,CUST-1045,Customer 1045,Appliances,Home Care,Vacuum Cleaner,West,Surat,7,165977.0,0.0,16918.51,Net Banking
ORD-10555,2025-07-10,CUST-1602,Customer 1602,Technology,Phones,Smartphone B,North,Delhi,5,53392.5,0.1,8750.91,UPI
ORD-11077,2025-07-10,CUST-1131,Customer 1131,Furniture,Tables,Meeting Table,East,Bhubaneswar,4,81042.4,0.15,28828.59,Cash
ORD-14136,2025-07-10,CUST-1037,Customer 1037,Technology,Accessories,Keyboard,East,Patna,2,16341.9,0.05,3271.89,Cash
ORD-13217,2025-07-10,CUST-1420,Customer 1420,Office Supplies,Organizers,Desk Organizer,North,Chandigarh,7,128111.2,0.2,35087.17,Cash
ORD-14113,2025-07-10,CUST-1246,Customer 1246,Furniture,Tables,Study Table,North,Delhi,6,33939.0,0.1,10846.84,UPI
ORD-11674,2025-07-10,CUST-1343,Customer 1343,Technology,Tablets,Tablet Pro,South,Hyderabad,5,73703.5,0.15,24818.45,Credit Card
ORD-11898,2025-07-10,CUST-1036,Customer 1036,Office Supplies,Binders,Ring Binder,South,Bengaluru,7,112319.2,0.2,32564.54,UPI
ORD-14087,2025-07-10,CUST-1548,Customer 1548,Technology,Tablets,Tablet Pro,West,Ahmedabad,4,9084.8,0.15,2501.37,Cash
ORD-10126,2025-07-10,CUST-1351,Customer 1351,Appliances,Home Care,Vacuum Cleaner,North,Chandigarh,6,85714.2,0.1,24632.02,Net Banking
ORD-14560,2025-07-10,CUST-1039,Customer 1039,Furniture,Office Furniture,Workstation,West,Pune,6,54367.2,0.1,8152.53,Credit Card
ORD-14158,2025-07-10,CUST-1397,Customer 1397,Appliances,Fans,Ceiling Fan,North,Lucknow,3,19464.0,0.2,3417.75,UPI
ORD-10783,2025-07-10,CUST-1039,Customer 1039,Appliances,Home Care,Air Purifier,North,Jaipur,4,36180.0,0.1,3864.58,UPI
ORD-11843,2025-07-10,CUST-1507,Customer 1507,Appliances,Home Care,Vacuum Cleaner,South,Hyderabad,4,24171.0,0.25,8534.75,UPI
ORD-13432,2025-07-10,CUST-1672,Customer 1672,Furniture,Storage,Bookshelf,South,Bengaluru,4,33069.6,0.1,10592.68,UPI
ORD-12289,2025-07-10,CUST-1052,Customer 1052,Technology,Accessories,Keyboard,West,Surat,5,123700.0,0.0,38361.03,Debit Card
ORD-10516,2025-07-10,CUST-1349,Customer 1349,Office Supplies,Pens,Gel Pen,North,Lucknow,2,16170.4,0.15,3497.09,Cash
ORD-13115,2025-07-11,CUST-1498,Customer 1498,Furniture,Storage,Filing Cabinet,South,Kochi,4,72499.2,0.2,25647.47,Credit Card
ORD-13793,2025-07-11,CUST-1422,Customer 1422,Office Supplies,Organizers,Desk Organizer,West,Pune,5,40668.25,0.15,16984.65,Net Banking
ORD-13429,2025-07-11,CUST-1656,Customer 1656,Furniture,Tables,Study Table,South,Hyderabad,6,122010.0,0.0,53670.87,Net Banking
ORD-10698,2025-07-11,CUST-1319,Customer 1319,Furniture,Chairs,Ergonomic Chair,East,Kolkata,1,13853.0,0.0,5287.87,Debit Card
ORD-12213,2025-07-11,CUST-1490,Customer 1490,Furniture,Tables,Office Desk,West,Mumbai,5,45080.0,0.0,16359.94,Debit Card
ORD-14599,2025-07-11,CUST-1406,Customer 1406,Furniture,Office Furniture,Workstation,South,Kochi,1,1591.0,0.0,456.28,Net Banking
ORD-12475,2025-07-11,CUST-1776,Customer 1776,Appliances,Home Care,Air Purifier,South,Bengaluru,6,118590.3,0.15,53188.19,Net Banking
ORD-14715,2025-07-11,CUST-1046,Customer 1046,Furniture,Chairs,Visitor Chair,North,Delhi,5,35952.75,0.05,15896.77,UPI
ORD-14768,2025-07-11,CUST-1795,Customer 1795,Office Supplies,Pens,Marker,West,Pune,7,47516.0,0.0,17851.75,Debit Card
ORD-13890,2025-07-11,CUST-1043,Customer 1043,Appliances,Small Appliances,Toaster,East,Patna,6,147954.0,0.0,14811.16,Cash
ORD-12487,2025-07-12,CUST-1284,Customer 1284,Furniture,Office Furniture,Workstation,South,Kochi,5,40518.75,0.25,5493.74,UPI
ORD-14071,2025-07-12,CUST-1301,Customer 1301,Technology,Phones,Smartphone A,South,Chennai,6,67435.2,0.1,10877.35,UPI
ORD-13497,2025-07-12,CUST-1482,Customer 1482,Furniture,Office Furniture,Workstation,East,Guwahati,7,160951.0,0.0,37164.12,Net Banking
ORD-11175,2025-07-12,CUST-1011,Customer 1011,Technology,Accessories,Headphones,East,Bhubaneswar,2,18006.4,0.2,3815.83,Debit Card
ORD-14962,2025-07-12,CUST-1742,Customer 1742,Technology,Laptops,Laptop Air,South,Hyderabad,4,59075.0,0.15,24568.73,Net Banking
ORD-14836,2025-07-12,CUST-1750,Customer 1750,Furniture,Tables,Study Table,West,Ahmedabad,2,34099.2,0.2,12550.04,Debit Card
ORD-13472,2025-07-12,CUST-1739,Customer 1739,Office Supplies,Organizers,Document Tray,West,Mumbai,2,8642.8,0.15,2793.88,Net Banking
ORD-14369,2025-07-12,CUST-1286,Customer 1286,Furniture,Office Furniture,Workstation,East,Patna,7,94343.2,0.2,35711.76,Credit Card
ORD-14673,2025-07-12,CUST-1746,Customer 1746,Office Supplies,Binders,Ring Binder,West,Ahmedabad,1,4901.4,0.1,1138.25,UPI
ORD-11168,2025-07-12,CUST-1129,Customer 1129,Furniture,Office Furniture,Reception Desk,North,Lucknow,7,144152.05,0.05,37697.07,Cash
ORD-11550,2025-07-12,CUST-1025,Customer 1025,Appliances,Kitchen,Mixer Grinder,North,Chandigarh,3,53484.0,0.0,11333.5,Credit Card
ORD-12187,2025-07-13,CUST-1669,Customer 1669,Technology,Accessories,Headphones,North,Lucknow,6,46021.8,0.05,9536.76,Credit Card
ORD-10629,2025-07-13,CUST-1023,Customer 1023,Office Supplies,Organizers,Desk Organizer,South,Chennai,1,21084.3,0.05,5169.05,Net Banking
ORD-11078,2025-07-13,CUST-1598,Customer 1598,Technology,Phones,Smartphone A,North,Delhi,4,73401.6,0.2,18583.69,Credit Card
ORD-14431,2025-07-13,CUST-1012,Customer 1012,Office Supplies,Binders,Ring Binder,North,Chandigarh,6,20344.5,0.25,8086.78,Net Banking
ORD-14788,2025-07-13,CUST-1261,Customer 1261,Technology,Accessories,Headphones,West,Ahmedabad,2,10716.8,0.15,3859.81,Debit Card
ORD-10874,2025-07-13,CUST-1497,Customer 1497,Technology,Phones,Smartphone A,East,Bhubaneswar,5,102051.0,0.15,42219.71,Debit Card
ORD-10993,2025-07-13,CUST-1070,Customer 1070,Furniture,Office Furniture,Reception Desk,East,Patna,5,44851.5,0.1,12471.76,Debit Card
ORD-12724,2025-07-13,CUST-1086,Customer 1086,Office Supplies,Paper,Premium Paper,South,Chennai,3,48294.45,0.15,11312.12,Cash
ORD-14156,2025-07-13,CUST-1725,Customer 1725,Appliances,Small Appliances,Toaster,East,Guwahati,5,49018.5,0.1,14737.21,Debit Card
ORD-10124,2025-07-13,CUST-1485,Customer 1485,Office Supplies,Binders,File Binder,North,Jaipur,3,7330.5,0.1,1377.34,Credit Card
ORD-12433,2025-07-13,CUST-1159,Customer 1159,Furniture,Storage,Bookshelf,North,Chandigarh,1,10169.1,0.1,1724.69,Cash
ORD-14659,2025-07-13,CUST-1538,Customer 1538,Office Supplies,Paper,A4 Paper,South,Chennai,2,39259.8,0.15,11793.1,Credit Card
ORD-12292,2025-07-13,CUST-1244,Customer 1244,Appliances,Small Appliances,Toaster,South,Bengaluru,4,29450.0,0.05,5485.19,Debit Card
ORD-13434,2025-07-13,CUST-1271,Customer 1271,Office Supplies,Binders,File Binder,North,Lucknow,5,122840.0,0.0,48393.82,Debit Card
ORD-11687,2025-07-14,CUST-1367,Customer 1367,Appliances,Home Care,Vacuum Cleaner,East,Bhubaneswar,2,9431.6,0.05,2635.97,Credit Card
ORD-11779,2025-07-14,CUST-1542,Customer 1542,Appliances,Home Care,Vacuum Cleaner,South,Hyderabad,7,21093.8,0.05,6989.97,Net Banking
ORD-14246,2025-07-14,CUST-1377,Customer 1377,Technology,Phones,Smartphone C,West,Surat,3,1449.9,0.1,418.48,Net Banking
ORD-12235,2025-07-14,CUST-1792,Customer 1792,Technology,Laptops,Laptop Pro,East,Guwahati,4,35638.8,0.15,11140.7,Cash
ORD-13895,2025-07-14,CUST-1670,Customer 1670,Appliances,Home Care,Vacuum Cleaner,South,Bengaluru,1,12585.1,0.15,2860.47,Debit Card
ORD-13375,2025-07-14,CUST-1560,Customer 1560,Furniture,Storage,Storage Box,South,Hyderabad,3,62204.7,0.15,24811.19,Net Banking
ORD-12674,2025-07-14,CUST-1232,Customer 1232,Office Supplies,Organizers,Desk Organizer,West,Pune,7,25708.9,0.05,2672.08,Net Banking
ORD-12476,2025-07-14,CUST-1739,Customer 1739,Office Supplies,Organizers,Document Tray,East,Bhubaneswar,6,75903.3,0.15,8235.61,Credit Card
ORD-12191,2025-07-14,CUST-1487,Customer 1487,Furniture,Storage,Bookshelf,North,Lucknow,1,10734.65,0.15,4109.04,Debit Card
ORD-11507,2025-07-14,CUST-1102,Customer 1102,Appliances,Fans,Ceiling Fan,West,Ahmedabad,2,33307.2,0.1,9994.21,Net Banking
ORD-12544,2025-07-14,CUST-1705,Customer 1705,Appliances,Small Appliances,Blender,South,Kochi,6,89818.2,0.1,39060.05,Net Banking
ORD-14737,2025-07-14,CUST-1630,Customer 1630,Office Supplies,Binders,Ring Binder,North,Jaipur,6,58872.0,0.2,9865.65,Net Banking
ORD-12710,2025-07-15,CUST-1794,Customer 1794,Appliances,Small Appliances,Toaster,South,Kochi,3,16426.8,0.1,6944.03,Credit Card
ORD-11662,2025-07-15,CUST-1240,Customer 1240,Office Supplies,Organizers,Document Tray,North,Chandigarh,4,47768.0,0.0,7235.92,Credit Card
ORD-11498,2025-07-15,CUST-1642,Customer 1642,Appliances,Kitchen,Electric Kettle,West,Pune,7,48305.6,0.2,18119.83,Cash
ORD-11686,2025-07-15,CUST-1706,Customer 1706,Technology,Phones,Smartphone A,South,Bengaluru,2,30292.2,0.1,6355.14,Credit Card
ORD-11210,2025-07-15,CUST-1581,Customer 1581,Technology,Tablets,Tablet Pro,West,Pune,1,3852.9,0.1,1701.14,Net Banking
ORD-11699,2025-07-15,CUST-1093,Customer 1093,Technology,Tablets,Tablet Pro,East,Bhubaneswar,3,49383.0,0.1,14896.08,Debit Card
ORD-14046,2025-07-15,CUST-1024,Customer 1024,Technology,Tablets,Tablet Pro,North,Lucknow,2,6668.0,0.0,1870.28,UPI
ORD-10350,2025-07-15,CUST-1532,Customer 1532,Office Supplies,Paper,Premium Paper,West,Mumbai,4,3823.2,0.1,1403.61,UPI
ORD-11259,2025-07-15,CUST-1266,Customer 1266,Appliances,Home Care,Vacuum Cleaner,West,Pune,5,68647.0,0.05,25067.7,Debit Card
ORD-13804,2025-07-15,CUST-1669,Customer 1669,Furniture,Tables,Meeting Table,North,Delhi,1,17133.45,0.15,4150.71,Net Banking
ORD-12899,2025-07-16,CUST-1202,Customer 1202,Furniture,Storage,Bookshelf,South,Chennai,7,52327.8,0.1,11361.13,Credit Card
ORD-12001,2025-07-16,CUST-1390,Customer 1390,Office Supplies,Organizers,Desk Organizer,East,Bhubaneswar,7,40338.9,0.1,14690.91,UPI
ORD-13070,2025-07-16,CUST-1010,Customer 1010,Furniture,Storage,Bookshelf,West,Ahmedabad,3,971.85,0.05,374.16,Credit Card
ORD-14301,2025-07-16,CUST-1081,Customer 1081,Appliances,Fans,Table Fan,North,Chandigarh,2,14853.6,0.1,6151.07,Debit Card
ORD-10695,2025-07-16,CUST-1650,Customer 1650,Furniture,Office Furniture,Reception Desk,West,Surat,6,55284.3,0.05,5539.06,Debit Card
ORD-14950,2025-07-16,CUST-1075,Customer 1075,Office Supplies,Binders,File Binder,West,Mumbai,4,65001.6,0.1,18223.46,Net Banking
ORD-11752,2025-07-16,CUST-1214,Customer 1214,Appliances,Fans,Ceiling Fan,North,Jaipur,1,9577.9,0.05,2240.96,UPI
ORD-12738,2025-07-16,CUST-1034,Customer 1034,Furniture,Chairs,Office Chair,North,Delhi,7,21016.8,0.1,3487.27,Debit Card
ORD-11351,2025-07-16,CUST-1127,Customer 1127,Appliances,Home Care,Air Purifier,North,Chandigarh,7,121184.0,0.0,24284.8,Credit Card
ORD-11617,2025-07-16,CUST-1537,Customer 1537,Office Supplies,Binders,File Binder,East,Patna,7,123890.9,0.15,44468.89,UPI
ORD-13976,2025-07-16,CUST-1283,Customer 1283,Office Supplies,Pens,Marker,East,Bhubaneswar,7,49196.7,0.1,21860.99,Net Banking
ORD-11417,2025-07-16,CUST-1618,Customer 1618,Technology,Accessories,Wireless Mouse,West,Surat,7,84858.9,0.15,17522.88,UPI
ORD-10588,2025-07-16,CUST-1614,Customer 1614,Office Supplies,Paper,A4 Paper,East,Guwahati,2,36228.7,0.15,8456.42,Cash
ORD-12821,2025-07-16,CUST-1689,Customer 1689,Appliances,Small Appliances,Toaster,West,Surat,2,32816.8,0.05,9260.81,Debit Card
ORD-12850,2025-07-16,CUST-1047,Customer 1047,Furniture,Tables,Meeting Table,North,Chandigarh,7,66146.15,0.15,26019.58,UPI
ORD-11233,2025-07-16,CUST-1430,Customer 1430,Technology,Tablets,Tablet Pro,South,Kochi,1,14031.75,0.25,3909.45,Credit Card
ORD-14917,2025-07-17,CUST-1327,Customer 1327,Office Supplies,Organizers,Document Tray,East,Bhubaneswar,1,17636.0,0.0,6065.26,Debit Card
ORD-10156,2025-07-17,CUST-1018,Customer 1018,Furniture,Storage,Filing Cabinet,West,Pune,1,10989.65,0.15,3206.16,Net Banking
ORD-12663,2025-07-17,CUST-1149,Customer 1149,Furniture,Chairs,Visitor Chair,West,Pune,6,43661.1,0.15,8483.1,Net Banking
ORD-10382,2025-07-17,CUST-1357,Customer 1357,Furniture,Office Furniture,Workstation,North,Jaipur,5,43022.75,0.15,18992.52,UPI
ORD-12267,2025-07-17,CUST-1026,Customer 1026,Appliances,Small Appliances,Blender,West,Ahmedabad,2,18747.0,0.1,4136.69,UPI
ORD-13024,2025-07-17,CUST-1047,Customer 1047,Appliances,Small Appliances,Toaster,West,Mumbai,6,82714.5,0.25,31874.63,Net Banking
ORD-12107,2025-07-17,CUST-1301,Customer 1301,Office Supplies,Organizers,Desk Organizer,West,Pune,3,28989.9,0.1,3339.5,Debit Card
ORD-14604,2025-07-17,CUST-1176,Customer 1176,Appliances,Home Care,Air Purifier,South,Bengaluru,1,21050.1,0.1,3294.89,Credit Card
ORD-14906,2025-07-17,CUST-1745,Customer 1745,Appliances,Home Care,Air Purifier,East,Patna,7,97294.4,0.15,21979.04,Cash
ORD-13760,2025-07-17,CUST-1377,Customer 1377,Office Supplies,Pens,Gel Pen,West,Pune,7,59130.4,0.2,23602.41,Debit Card
ORD-12092,2025-07-17,CUST-1239,Customer 1239,Appliances,Fans,Table Fan,South,Kochi,7,76636.0,0.0,15848.86,UPI
ORD-10476,2025-07-17,CUST-1760,Customer 1760,Appliances,Small Appliances,Blender,East,Bhubaneswar,2,1030.2,0.15,340.3,Debit Card
ORD-12090,2025-07-17,CUST-1071,Customer 1071,Technology,Tablets,Tablet Pro,West,Surat,7,88957.05,0.05,17004.61,Cash
ORD-11651,2025-07-17,CUST-1504,Customer 1504,Office Supplies,Paper,Premium Paper,North,Chandigarh,1,11063.7,0.1,1479.22,UPI
ORD-11909,2025-07-17,CUST-1478,Customer 1478,Furniture,Storage,Bookshelf,East,Kolkata,4,21048.2,0.05,2838.27,UPI
ORD-10590,2025-07-17,CUST-1556,Customer 1556,Technology,Phones,Smartphone C,West,Surat,3,53827.2,0.1,17998.64,Debit Card
ORD-10025,2025-07-17,CUST-1341,Customer 1341,Appliances,Small Appliances,Toaster,South,Hyderabad,3,14828.25,0.15,2425.39,UPI
ORD-11852,2025-07-17,CUST-1711,Customer 1711,Technology,Phones,Smartphone B,West,Ahmedabad,2,30851.6,0.15,6249.76,Debit Card
ORD-11666,2025-07-17,CUST-1744,Customer 1744,Furniture,Office Furniture,Workstation,North,Chandigarh,6,46456.2,0.1,19390.86,Net Banking
ORD-12119,2025-07-17,CUST-1484,Customer 1484,Technology,Laptops,Laptop Pro,East,Patna,3,45966.0,0.0,18541.29,UPI
ORD-13063,2025-07-17,CUST-1637,Customer 1637,Appliances,Kitchen,Electric Kettle,East,Guwahati,6,79122.0,0.0,10547.1,Credit Card
ORD-12802,2025-07-17,CUST-1519,Customer 1519,Furniture,Office Furniture,Workstation,North,Delhi,4,81062.8,0.15,32012.11,Cash
ORD-11401,2025-07-18,CUST-1789,Customer 1789,Office Supplies,Pens,Marker,North,Jaipur,2,7743.6,0.1,2173.41,UPI
ORD-11059,2025-07-18,CUST-1627,Customer 1627,Furniture,Storage,Bookshelf,East,Patna,7,72038.4,0.2,28481.34,UPI
ORD-10142,2025-07-18,CUST-1750,Customer 1750,Technology,Laptops,Laptop Air,West,Surat,3,26154.0,0.25,6828.35,Debit Card
ORD-14584,2025-07-18,CUST-1628,Customer 1628,Appliances,Home Care,Vacuum Cleaner,East,Bhubaneswar,2,14318.4,0.05,4506.93,Cash
ORD-12232,2025-07-18,CUST-1324,Customer 1324,Technology,Tablets,Tablet Pro,West,Mumbai,4,37452.8,0.2,10316.05,Debit Card
ORD-13139,2025-07-18,CUST-1179,Customer 1179,Technology,Accessories,USB Cable,West,Surat,5,35940.0,0.0,10156.82,Net Banking
ORD-10624,2025-07-18,CUST-1427,Customer 1427,Furniture,Storage,Filing Cabinet,East,Bhubaneswar,3,10041.0,0.0,2236.23,UPI
ORD-14685,2025-07-18,CUST-1125,Customer 1125,Furniture,Tables,Study Table,West,Pune,1,8231.4,0.15,3076.38,Debit Card
ORD-10784,2025-07-18,CUST-1279,Customer 1279,Appliances,Kitchen,Mixer Grinder,West,Surat,2,31136.0,0.2,10753.7,Net Banking
ORD-14433,2025-07-18,CUST-1364,Customer 1364,Office Supplies,Binders,Ring Binder,South,Hyderabad,2,4118.4,0.1,1017.11,Debit Card
ORD-10170,2025-07-18,CUST-1065,Customer 1065,Furniture,Office Furniture,Workstation,East,Bhubaneswar,2,39174.2,0.05,9700.64,Credit Card
ORD-11353,2025-07-18,CUST-1072,Customer 1072,Office Supplies,Paper,A4 Paper,East,Patna,4,27516.0,0.25,3376.18,Credit Card
ORD-12485,2025-07-19,CUST-1743,Customer 1743,Office Supplies,Binders,Ring Binder,North,Delhi,6,24150.0,0.0,5441.95,UPI
ORD-13257,2025-07-19,CUST-1020,Customer 1020,Furniture,Storage,Bookshelf,North,Chandigarh,1,9486.85,0.15,1067.39,Net Banking
ORD-12227,2025-07-19,CUST-1080,Customer 1080,Office Supplies,Pens,Marker,North,Delhi,2,26828.8,0.2,11945.78,Debit Card
ORD-11757,2025-07-19,CUST-1123,Customer 1123,Technology,Tablets,Tablet 10,South,Chennai,7,89523.0,0.25,29352.96,Credit Card
ORD-12306,2025-07-19,CUST-1212,Customer 1212,Technology,Phones,Smartphone C,West,Surat,3,57042.75,0.05,12062.04,Credit Card
ORD-12924,2025-07-19,CUST-1365,Customer 1365,Technology,Laptops,Laptop Pro,South,Hyderabad,1,22117.5,0.1,3545.46,Debit Card
ORD-14945,2025-07-19,CUST-1744,Customer 1744,Technology,Tablets,Tablet Pro,East,Guwahati,3,31617.9,0.05,9584.66,Debit Card
ORD-12058,2025-07-19,CUST-1119,Customer 1119,Office Supplies,Organizers,Desk Organizer,West,Ahmedabad,6,69355.2,0.2,21841.69,Debit Card
ORD-11374,2025-07-19,CUST-1090,Customer 1090,Furniture,Chairs,Office Chair,West,Surat,6,52897.5,0.25,15171.54,Debit Card
ORD-14248,2025-07-19,CUST-1276,Customer 1276,Technology,Phones,Smartphone B,East,Patna,2,4105.6,0.2,718.05,Cash
ORD-10522,2025-07-19,CUST-1796,Customer 1796,Office Supplies,Binders,Ring Binder,North,Delhi,2,4084.5,0.25,599.83,UPI
ORD-14273,2025-07-20,CUST-1054,Customer 1054,Furniture,Chairs,Ergonomic Chair,North,Delhi,3,4788.9,0.15,1875.93,Net Banking
ORD-11838,2025-07-20,CUST-1529,Customer 1529,Appliances,Home Care,Air Purifier,North,Lucknow,1,16054.8,0.15,3642.62,Debit Card
ORD-14389,2025-07-20,CUST-1590,Customer 1590,Office Supplies,Binders,File Binder,West,Pune,7,75026.7,0.1,25653.77,UPI
ORD-10397,2025-07-20,CUST-1679,Customer 1679,Appliances,Fans,Ceiling Fan,South,Hyderabad,1,20386.8,0.1,5387.77,Net Banking
ORD-10144,2025-07-20,CUST-1088,Customer 1088,Appliances,Home Care,Air Purifier,East,Bhubaneswar,4,53534.4,0.05,17537.4,Net Banking
ORD-14654,2025-07-20,CUST-1443,Customer 1443,Technology,Phones,Smartphone A,North,Chandigarh,7,149485.0,0.0,34580.23,Net Banking
ORD-10965,2025-07-20,CUST-1305,Customer 1305,Office Supplies,Pens,Gel Pen,East,Patna,2,3307.5,0.25,390.69,Net Banking
ORD-14401,2025-07-20,CUST-1659,Customer 1659,Furniture,Tables,Office Desk,South,Hyderabad,3,12807.0,0.25,4840.9,Debit Card
ORD-14677,2025-07-20,CUST-1694,Customer 1694,Office Supplies,Pens,Marker,North,Lucknow,6,15268.5,0.25,2603.02,Net Banking
ORD-12359,2025-07-20,CUST-1035,Customer 1035,Furniture,Tables,Meeting Table,North,Jaipur,6,56518.2,0.15,21863.8,Cash
ORD-12377,2025-07-20,CUST-1047,Customer 1047,Office Supplies,Binders,Ring Binder,North,Chandigarh,3,36035.4,0.05,11270.44,Credit Card
ORD-13554,2025-07-20,CUST-1287,Customer 1287,Furniture,Storage,Filing Cabinet,South,Hyderabad,7,14879.2,0.2,2955.22,Cash
ORD-11632,2025-07-20,CUST-1598,Customer 1598,Office Supplies,Organizers,Desk Organizer,South,Hyderabad,2,2487.6,0.1,716.1,Net Banking
ORD-13034,2025-07-21,CUST-1218,Customer 1218,Technology,Tablets,Tablet Pro,West,Mumbai,6,54677.1,0.15,16553.65,UPI
ORD-12163,2025-07-21,CUST-1493,Customer 1493,Office Supplies,Pens,Gel Pen,North,Delhi,5,78232.5,0.05,20468.01,UPI
ORD-14779,2025-07-21,CUST-1201,Customer 1201,Technology,Laptops,Laptop Air,South,Chennai,5,15257.5,0.15,5901.44,Cash
ORD-12787,2025-07-21,CUST-1059,Customer 1059,Furniture,Chairs,Office Chair,North,Lucknow,7,126875.7,0.1,28140.4,Cash
ORD-12623,2025-07-21,CUST-1392,Customer 1392,Appliances,Small Appliances,Blender,East,Patna,2,35022.6,0.1,8116.56,UPI
ORD-12012,2025-07-21,CUST-1159,Customer 1159,Technology,Laptops,Business Laptop,South,Bengaluru,3,39644.1,0.1,7364.74,Debit Card
ORD-12173,2025-07-21,CUST-1313,Customer 1313,Technology,Tablets,Tablet Pro,North,Lucknow,3,71163.0,0.0,19004.77,Net Banking
ORD-12338,2025-07-21,CUST-1363,Customer 1363,Furniture,Storage,Bookshelf,South,Kochi,7,15315.3,0.15,2277.58,Debit Card
ORD-12650,2025-07-21,CUST-1238,Customer 1238,Furniture,Chairs,Visitor Chair,West,Pune,2,25968.0,0.0,5697.02,UPI
ORD-12855,2025-07-21,CUST-1014,Customer 1014,Furniture,Storage,Storage Box,West,Mumbai,5,2844.0,0.2,1105.64,Credit Card
ORD-11451,2025-07-21,CUST-1492,Customer 1492,Appliances,Home Care,Vacuum Cleaner,West,Pune,3,50656.8,0.2,18257.79,Cash
ORD-12017,2025-07-22,CUST-1439,Customer 1439,Technology,Laptops,Laptop Air,West,Surat,6,110760.0,0.0,35570.29,Net Banking
ORD-12371,2025-07-22,CUST-1789,Customer 1789,Appliances,Kitchen,Mixer Grinder,North,Delhi,3,22717.8,0.1,9957.51,Credit Card
ORD-10751,2025-07-22,CUST-1526,Customer 1526,Appliances,Home Care,Vacuum Cleaner,East,Kolkata,4,43958.6,0.15,11764.04,Credit Card
ORD-11036,2025-07-22,CUST-1461,Customer 1461,Furniture,Chairs,Ergonomic Chair,North,Jaipur,5,106366.75,0.05,23379.55,Debit Card
ORD-10679,2025-07-22,CUST-1163,Customer 1163,Furniture,Chairs,Visitor Chair,North,Chandigarh,3,19642.65,0.15,5842.82,Cash
ORD-14656,2025-07-22,CUST-1630,Customer 1630,Technology,Phones,Smartphone A,South,Bengaluru,2,1556.0,0.0,243.35,Net Banking
ORD-13934,2025-07-22,CUST-1157,Customer 1157,Appliances,Fans,Table Fan,East,Bhubaneswar,4,68115.2,0.2,25872.92,Credit Card
ORD-11311,2025-07-22,CUST-1216,Customer 1216,Office Supplies,Organizers,Document Tray,North,Jaipur,5,38304.0,0.1,14433.73,Credit Card
ORD-10080,2025-07-22,CUST-1706,Customer 1706,Appliances,Fans,Ceiling Fan,East,Kolkata,2,27892.0,0.0,11217.02,Cash
ORD-10915,2025-07-22,CUST-1185,Customer 1185,Appliances,Home Care,Air Purifier,South,Bengaluru,4,8704.0,0.0,1705.35,Net Banking
ORD-12285,2025-07-22,CUST-1784,Customer 1784,Furniture,Storage,Storage Box,West,Mumbai,6,105313.2,0.05,43904.96,Debit Card
ORD-12022,2025-07-22,CUST-1011,Customer 1011,Office Supplies,Organizers,Desk Organizer,South,Hyderabad,7,32879.0,0.0,14794.28,UPI
ORD-12300,2025-07-22,CUST-1695,Customer 1695,Appliances,Kitchen,Electric Kettle,West,Ahmedabad,3,51487.05,0.15,17182.07,UPI
ORD-10680,2025-07-22,CUST-1038,Customer 1038,Furniture,Storage,Bookshelf,East,Bhubaneswar,5,44500.5,0.1,12237.52,Credit Card
ORD-14332,2025-07-22,CUST-1264,Customer 1264,Office Supplies,Pens,Marker,South,Kochi,5,58599.0,0.1,21273.63,UPI
ORD-10482,2025-07-22,CUST-1706,Customer 1706,Furniture,Chairs,Office Chair,North,Jaipur,7,77943.6,0.1,17530.86,Credit Card
ORD-10010,2025-07-22,CUST-1760,Customer 1760,Furniture,Storage,Filing Cabinet,North,Jaipur,6,91302.6,0.05,27393.92,Credit Card
ORD-13648,2025-07-22,CUST-1653,Customer 1653,Technology,Phones,Smartphone A,North,Lucknow,3,49801.5,0.1,13223.24,Credit Card
ORD-14253,2025-07-22,CUST-1079,Customer 1079,Technology,Accessories,Wireless Mouse,East,Patna,6,42773.7,0.15,13735.47,Debit Card
ORD-11749,2025-07-22,CUST-1651,Customer 1651,Office Supplies,Pens,Gel Pen,South,Hyderabad,1,21043.8,0.1,7200.92,UPI
ORD-11795,2025-07-22,CUST-1064,Customer 1064,Appliances,Home Care,Air Purifier,South,Kochi,3,35913.0,0.0,12964.48,Debit Card
ORD-11505,2025-07-22,CUST-1658,Customer 1658,Office Supplies,Paper,Premium Paper,West,Ahmedabad,4,40664.0,0.0,16468.51,UPI
ORD-10577,2025-07-22,CUST-1736,Customer 1736,Technology,Laptops,Laptop Air,South,Chennai,5,7984.75,0.05,1634.92,UPI
ORD-14812,2025-07-22,CUST-1516,Customer 1516,Appliances,Home Care,Vacuum Cleaner,South,Kochi,2,10026.6,0.15,4353.02,UPI
ORD-11778,2025-07-23,CUST-1774,Customer 1774,Office Supplies,Binders,Ring Binder,East,Kolkata,6,115036.2,0.1,18487.48,UPI
ORD-14839,2025-07-23,CUST-1724,Customer 1724,Appliances,Small Appliances,Toaster,East,Bhubaneswar,1,679.2,0.2,148.01,Cash
ORD-13419,2025-07-23,CUST-1175,Customer 1175,Appliances,Small Appliances,Blender,East,Guwahati,6,102810.9,0.05,13224.26,Net Banking
ORD-13026,2025-07-23,CUST-1299,Customer 1299,Office Supplies,Binders,File Binder,North,Delhi,5,61717.5,0.1,17256.4,UPI
ORD-14345,2025-07-23,CUST-1152,Customer 1152,Office Supplies,Organizers,Document Tray,West,Ahmedabad,1,19443.75,0.15,2758.68,Net Banking
ORD-10940,2025-07-23,CUST-1319,Customer 1319,Furniture,Chairs,Office Chair,North,Delhi,1,8468.25,0.25,2894.59,Net Banking
ORD-10100,2025-07-23,CUST-1418,Customer 1418,Technology,Laptops,Laptop Air,South,Chennai,2,1562.0,0.0,647.29,Debit Card
ORD-13046,2025-07-23,CUST-1416,Customer 1416,Office Supplies,Pens,Gel Pen,West,Pune,7,77254.8,0.15,24234.22,Cash
ORD-10840,2025-07-23,CUST-1595,Customer 1595,Technology,Phones,Smartphone B,North,Lucknow,3,35134.8,0.05,10508.56,Debit Card
ORD-11931,2025-07-23,CUST-1479,Customer 1479,Appliances,Fans,Table Fan,South,Bengaluru,3,33461.1,0.15,8750.48,UPI
ORD-11818,2025-07-23,CUST-1662,Customer 1662,Office Supplies,Pens,Gel Pen,South,Hyderabad,3,22288.5,0.1,6056.99,Debit Card
ORD-11433,2025-07-24,CUST-1265,Customer 1265,Furniture,Chairs,Office Chair,South,Hyderabad,1,12052.65,0.05,1618.96,UPI
ORD-11187,2025-07-24,CUST-1667,Customer 1667,Appliances,Kitchen,Electric Kettle,South,Hyderabad,7,174496.0,0.0,53743.83,Cash
ORD-10453,2025-07-24,CUST-1335,Customer 1335,Furniture,Storage,Bookshelf,East,Kolkata,7,100744.0,0.2,31156.85,Cash
ORD-10685,2025-07-24,CUST-1101,Customer 1101,Technology,Laptops,Laptop Pro,East,Bhubaneswar,5,48883.5,0.15,14473.55,Cash
ORD-14736,2025-07-24,CUST-1674,Customer 1674,Office Supplies,Binders,Ring Binder,West,Pune,1,18683.65,0.05,6506.15,Cash
ORD-11425,2025-07-24,CUST-1132,Customer 1132,Appliances,Kitchen,Electric Kettle,North,Lucknow,4,35292.0,0.15,10766.76,Debit Card
ORD-13030,2025-07-25,CUST-1727,Customer 1727,Office Supplies,Binders,File Binder,North,Chandigarh,6,78601.2,0.15,16028.73,UPI
ORD-10356,2025-07-25,CUST-1145,Customer 1145,Office Supplies,Paper,A4 Paper,West,Ahmedabad,7,78456.0,0.2,14152.08,Cash
ORD-14443,2025-07-25,CUST-1580,Customer 1580,Technology,Accessories,Headphones,West,Mumbai,6,3933.0,0.05,783.69,Cash
ORD-11652,2025-07-25,CUST-1104,Customer 1104,Furniture,Tables,Study Table,South,Hyderabad,5,5144.0,0.2,2261.44,Credit Card
ORD-14145,2025-07-25,CUST-1755,Customer 1755,Appliances,Home Care,Air Purifier,South,Kochi,7,36555.05,0.05,12072.99,Cash
ORD-13838,2025-07-25,CUST-1791,Customer 1791,Furniture,Office Furniture,Reception Desk,West,Ahmedabad,2,22347.8,0.05,5150.31,UPI
ORD-12035,2025-07-25,CUST-1507,Customer 1507,Technology,Laptops,Laptop Pro,South,Kochi,5,94133.25,0.15,22848.96,UPI
ORD-11937,2025-07-25,CUST-1497,Customer 1497,Office Supplies,Paper,A4 Paper,South,Chennai,7,29073.8,0.05,12090.8,Credit Card
ORD-11331,2025-07-25,CUST-1599,Customer 1599,Furniture,Tables,Office Desk,East,Kolkata,6,91718.4,0.15,32935.4,Net Banking
ORD-11980,2025-07-25,CUST-1025,Customer 1025,Furniture,Tables,Meeting Table,North,Jaipur,1,17385.05,0.15,7422.75,UPI
ORD-10143,2025-07-25,CUST-1072,Customer 1072,Appliances,Small Appliances,Blender,North,Lucknow,3,5383.65,0.05,558.59,Net Banking
ORD-14325,2025-07-25,CUST-1121,Customer 1121,Furniture,Storage,Filing Cabinet,South,Chennai,4,14069.2,0.15,3401.08,Credit Card
ORD-11729,2025-07-25,CUST-1686,Customer 1686,Furniture,Tables,Office Desk,East,Guwahati,3,50347.2,0.15,6893.94,Net Banking
ORD-10353,2025-07-25,CUST-1410,Customer 1410,Technology,Laptops,Business Laptop,West,Ahmedabad,3,65345.4,0.1,14845.96,UPI
ORD-13983,2025-07-25,CUST-1640,Customer 1640,Furniture,Chairs,Ergonomic Chair,North,Jaipur,7,61632.9,0.1,7190.2,UPI
ORD-14909,2025-07-25,CUST-1575,Customer 1575,Appliances,Home Care,Vacuum Cleaner,North,Lucknow,3,53384.4,0.1,13766.11,Cash
ORD-12381,2025-07-25,CUST-1295,Customer 1295,Furniture,Office Furniture,Workstation,South,Hyderabad,1,12843.5,0.15,4733.24,Net Banking
ORD-10889,2025-07-25,CUST-1050,Customer 1050,Appliances,Kitchen,Electric Kettle,North,Delhi,2,12701.5,0.05,4063.95,Net Banking
ORD-12839,2025-07-26,CUST-1500,Customer 1500,Technology,Phones,Smartphone B,South,Kochi,7,18174.45,0.05,7763.3,UPI
ORD-13797,2025-07-26,CUST-1246,Customer 1246,Technology,Tablets,Tablet Pro,South,Hyderabad,2,28248.0,0.0,3626.48,Cash
ORD-11527,2025-07-26,CUST-1770,Customer 1770,Office Supplies,Paper,Premium Paper,East,Bhubaneswar,3,10814.55,0.15,2209.79,Debit Card
ORD-13127,2025-07-26,CUST-1127,Customer 1127,Furniture,Tables,Office Desk,West,Ahmedabad,6,36739.2,0.2,7925.13,UPI
ORD-11445,2025-07-26,CUST-1626,Customer 1626,Office Supplies,Paper,A4 Paper,North,Delhi,2,43921.8,0.1,19371.97,Debit Card
ORD-11289,2025-07-26,CUST-1242,Customer 1242,Appliances,Kitchen,Mixer Grinder,East,Patna,2,23611.3,0.05,2663.11,Cash
ORD-13533,2025-07-26,CUST-1756,Customer 1756,Appliances,Fans,Table Fan,South,Chennai,4,59149.8,0.15,18099.54,Net Banking
ORD-14748,2025-07-26,CUST-1237,Customer 1237,Appliances,Small Appliances,Blender,North,Jaipur,2,37716.2,0.15,12330.93,Debit Card
ORD-13659,2025-07-26,CUST-1611,Customer 1611,Appliances,Small Appliances,Blender,South,Kochi,4,36656.0,0.0,13191.12,UPI
ORD-13828,2025-07-26,CUST-1556,Customer 1556,Office Supplies,Organizers,Desk Organizer,East,Guwahati,1,13788.0,0.1,4194.86,Net Banking
ORD-10219,2025-07-26,CUST-1735,Customer 1735,Appliances,Small Appliances,Blender,North,Delhi,1,18133.9,0.15,4279.97,Credit Card
ORD-11297,2025-07-26,CUST-1631,Customer 1631,Office Supplies,Organizers,Desk Organizer,South,Hyderabad,2,2850.0,0.05,1003.92,Cash
ORD-11108,2025-07-26,CUST-1146,Customer 1146,Furniture,Office Furniture,Reception Desk,West,Surat,3,20249.55,0.15,5878.48,UPI
ORD-12180,2025-07-26,CUST-1681,Customer 1681,Appliances,Kitchen,Mixer Grinder,East,Patna,1,3024.9,0.1,381.2,Credit Card
ORD-10543,2025-07-26,CUST-1600,Customer 1600,Office Supplies,Binders,File Binder,North,Chandigarh,4,58762.8,0.1,6584.88,Cash
ORD-13970,2025-07-26,CUST-1528,Customer 1528,Furniture,Office Furniture,Workstation,South,Bengaluru,5,61104.0,0.05,15083.92,Cash
ORD-10937,2025-07-26,CUST-1090,Customer 1090,Furniture,Storage,Filing Cabinet,South,Chennai,2,27341.1,0.15,2804.4,Net Banking
ORD-14352,2025-07-26,CUST-1369,Customer 1369,Office Supplies,Binders,Ring Binder,South,Hyderabad,5,85734.0,0.1,29421.98,Cash
ORD-13460,2025-07-27,CUST-1342,Customer 1342,Appliances,Fans,Ceiling Fan,North,Jaipur,1,6771.6,0.05,908.45,Credit Card
ORD-13624,2025-07-27,CUST-1259,Customer 1259,Appliances,Kitchen,Mixer Grinder,East,Bhubaneswar,7,73571.4,0.1,14689.49,Cash
ORD-14240,2025-07-27,CUST-1399,Customer 1399,Technology,Laptops,Laptop Pro,North,Lucknow,7,92118.6,0.1,22477.89,Debit Card
ORD-14669,2025-07-27,CUST-1063,Customer 1063,Furniture,Chairs,Ergonomic Chair,North,Lucknow,4,79657.6,0.2,13940.98,Net Banking
ORD-11796,2025-07-27,CUST-1643,Customer 1643,Furniture,Office Furniture,Reception Desk,South,Kochi,6,16170.9,0.05,7152.78,Debit Card
ORD-13142,2025-07-27,CUST-1411,Customer 1411,Technology,Laptops,Business Laptop,South,Hyderabad,1,5185.8,0.1,635.24,Credit Card
ORD-11088,2025-07-27,CUST-1131,Customer 1131,Appliances,Kitchen,Electric Kettle,South,Hyderabad,7,146405.7,0.15,24470.41,Cash
ORD-11899,2025-07-27,CUST-1314,Customer 1314,Appliances,Small Appliances,Toaster,West,Ahmedabad,3,62073.0,0.0,13506.62,Credit Card
ORD-12791,2025-07-27,CUST-1005,Customer 1005,Furniture,Storage,Filing Cabinet,South,Bengaluru,2,31658.4,0.1,4598.54,UPI
ORD-11480,2025-07-27,CUST-1164,Customer 1164,Appliances,Kitchen,Electric Kettle,East,Patna,1,9506.65,0.05,3962.64,UPI
ORD-10900,2025-07-27,CUST-1356,Customer 1356,Office Supplies,Pens,Gel Pen,South,Kochi,7,63582.75,0.25,23497.41,Credit Card
ORD-10983,2025-07-27,CUST-1560,Customer 1560,Appliances,Fans,Table Fan,North,Delhi,2,4732.8,0.15,1626.08,Credit Card
ORD-13143,2025-07-27,CUST-1532,Customer 1532,Office Supplies,Binders,File Binder,West,Pune,4,36136.8,0.1,7895.08,Debit Card
ORD-10245,2025-07-27,CUST-1043,Customer 1043,Office Supplies,Paper,A4 Paper,East,Patna,6,28186.5,0.05,8740.01,Net Banking
ORD-10592,2025-07-27,CUST-1700,Customer 1700,Appliances,Small Appliances,Toaster,South,Chennai,7,75198.2,0.05,31378.88,Net Banking
ORD-12961,2025-07-28,CUST-1557,Customer 1557,Office Supplies,Binders,File Binder,North,Chandigarh,7,105348.6,0.1,44564.7,Net Banking
ORD-10922,2025-07-28,CUST-1146,Customer 1146,Office Supplies,Paper,A4 Paper,East,Guwahati,5,65328.0,0.2,18244.08,UPI
ORD-13878,2025-07-28,CUST-1182,Customer 1182,Office Supplies,Pens,Marker,West,Surat,7,8659.0,0.0,2566.58,Net Banking
ORD-12677,2025-07-28,CUST-1682,Customer 1682,Technology,Phones,Smartphone A,North,Delhi,4,62417.2,0.15,13731.05,Credit Card
ORD-14992,2025-07-28,CUST-1518,Customer 1518,Office Supplies,Organizers,Document Tray,South,Hyderabad,7,2951.2,0.15,705.26,Cash
ORD-13605,2025-07-28,CUST-1493,Customer 1493,Furniture,Tables,Study Table,West,Pune,5,79421.25,0.25,30663.43,Debit Card
ORD-13157,2025-07-28,CUST-1139,Customer 1139,Appliances,Kitchen,Electric Kettle,East,Guwahati,5,54736.0,0.2,15907.45,UPI
ORD-14036,2025-07-28,CUST-1701,Customer 1701,Office Supplies,Paper,A4 Paper,North,Chandigarh,4,1261.6,0.05,409.43,Net Banking
ORD-14585,2025-07-28,CUST-1392,Customer 1392,Appliances,Fans,Table Fan,North,Delhi,6,55717.2,0.1,10761.18,UPI
ORD-11463,2025-07-28,CUST-1132,Customer 1132,Technology,Tablets,Tablet 10,West,Pune,4,67366.4,0.2,6897.53,Net Banking
ORD-14467,2025-07-28,CUST-1381,Customer 1381,Appliances,Kitchen,Mixer Grinder,South,Chennai,6,88879.5,0.25,33883.97,Debit Card
ORD-10803,2025-07-28,CUST-1153,Customer 1153,Technology,Phones,Smartphone C,South,Chennai,7,50295.35,0.15,19772.27,Credit Card
ORD-12398,2025-07-29,CUST-1771,Customer 1771,Office Supplies,Pens,Marker,East,Bhubaneswar,7,105348.6,0.1,39826.37,Net Banking
ORD-12011,2025-07-29,CUST-1028,Customer 1028,Office Supplies,Pens,Ball Pen,South,Kochi,5,78612.5,0.05,16141.26,Credit Card
ORD-12283,2025-07-29,CUST-1473,Customer 1473,Appliances,Small Appliances,Blender,East,Guwahati,7,116720.1,0.1,19400.81,Credit Card
ORD-10876,2025-07-29,CUST-1620,Customer 1620,Office Supplies,Paper,A4 Paper,South,Kochi,1,9231.15,0.05,2288.1,Debit Card
ORD-10227,2025-07-29,CUST-1260,Customer 1260,Technology,Accessories,Keyboard,South,Bengaluru,1,15167.7,0.05,5500.67,Net Banking
ORD-14409,2025-07-29,CUST-1232,Customer 1232,Appliances,Kitchen,Mixer Grinder,South,Kochi,4,55145.6,0.05,23136.58,Net Banking
ORD-13015,2025-07-29,CUST-1404,Customer 1404,Appliances,Home Care,Vacuum Cleaner,East,Patna,4,32128.0,0.0,14161.98,Cash
ORD-14091,2025-07-29,CUST-1364,Customer 1364,Furniture,Chairs,Visitor Chair,North,Lucknow,1,11053.8,0.1,3712.54,Cash
ORD-12417,2025-07-29,CUST-1234,Customer 1234,Furniture,Storage,Filing Cabinet,West,Surat,7,30189.6,0.1,8995.81,Net Banking
ORD-10077,2025-07-29,CUST-1549,Customer 1549,Appliances,Fans,Ceiling Fan,South,Hyderabad,6,92874.6,0.1,17992.45,Credit Card
ORD-11647,2025-07-29,CUST-1029,Customer 1029,Office Supplies,Binders,Ring Binder,East,Guwahati,6,14280.0,0.15,4307.48,Cash
ORD-13558,2025-07-29,CUST-1103,Customer 1103,Technology,Tablets,Tablet Pro,South,Hyderabad,4,36400.0,0.2,15997.67,UPI
ORD-12965,2025-07-29,CUST-1265,Customer 1265,Furniture,Chairs,Visitor Chair,South,Bengaluru,5,63560.0,0.2,13096.76,Net Banking
ORD-12810,2025-07-29,CUST-1268,Customer 1268,Appliances,Small Appliances,Blender,East,Kolkata,4,35352.0,0.0,10226.49,Debit Card
ORD-12302,2025-07-29,CUST-1068,Customer 1068,Technology,Phones,Smartphone A,West,Surat,6,2418.0,0.0,884.96,Cash
ORD-11113,2025-07-29,CUST-1536,Customer 1536,Appliances,Small Appliances,Blender,East,Patna,5,86127.0,0.05,12970.6,UPI
ORD-14682,2025-07-29,CUST-1676,Customer 1676,Technology,Laptops,Laptop Pro,West,Mumbai,1,22030.0,0.0,8358.31,Debit Card
ORD-11621,2025-07-30,CUST-1685,Customer 1685,Technology,Tablets,Tablet 10,North,Chandigarh,7,130942.0,0.0,32116.39,Credit Card
ORD-13260,2025-07-30,CUST-1197,Customer 1197,Office Supplies,Paper,Premium Paper,South,Bengaluru,4,32547.6,0.1,3261.47,Credit Card
ORD-10958,2025-07-30,CUST-1268,Customer 1268,Technology,Accessories,USB Cable,South,Bengaluru,7,45126.9,0.1,14664.78,Credit Card
ORD-10293,2025-07-30,CUST-1254,Customer 1254,Technology,Tablets,Tablet 10,West,Ahmedabad,5,11686.5,0.1,3755.59,Cash
ORD-12361,2025-07-30,CUST-1343,Customer 1343,Appliances,Small Appliances,Blender,East,Patna,6,31207.5,0.25,4127.14,Credit Card
ORD-12562,2025-07-30,CUST-1608,Customer 1608,Appliances,Home Care,Air Purifier,West,Ahmedabad,2,21070.8,0.1,3350.16,Debit Card
ORD-10677,2025-07-30,CUST-1601,Customer 1601,Appliances,Kitchen,Electric Kettle,West,Pune,6,1900.8,0.1,223.98,Net Banking
ORD-14956,2025-07-30,CUST-1707,Customer 1707,Office Supplies,Organizers,Desk Organizer,West,Surat,5,33174.0,0.05,6690.31,UPI
ORD-14004,2025-07-30,CUST-1705,Customer 1705,Office Supplies,Binders,Ring Binder,North,Lucknow,5,59130.0,0.0,20165.52,Net Banking
ORD-12987,2025-07-30,CUST-1103,Customer 1103,Furniture,Chairs,Ergonomic Chair,North,Lucknow,6,78075.0,0.25,16011.01,UPI
ORD-13588,2025-07-30,CUST-1079,Customer 1079,Appliances,Kitchen,Electric Kettle,West,Mumbai,1,17462.9,0.05,3593.8,Credit Card
ORD-14861,2025-07-30,CUST-1648,Customer 1648,Appliances,Kitchen,Mixer Grinder,North,Delhi,2,7500.8,0.2,2346.77,Credit Card
ORD-10039,2025-07-30,CUST-1107,Customer 1107,Technology,Laptops,Business Laptop,West,Pune,3,55347.75,0.15,14554.48,Net Banking
ORD-11908,2025-07-30,CUST-1359,Customer 1359,Technology,Tablets,Tablet 10,East,Bhubaneswar,3,23176.2,0.05,10319.8,Cash
ORD-10337,2025-07-30,CUST-1587,Customer 1587,Technology,Phones,Smartphone C,East,Bhubaneswar,5,14115.0,0.0,4321.17,Debit Card
ORD-10215,2025-07-30,CUST-1452,Customer 1452,Office Supplies,Organizers,Document Tray,South,Kochi,1,22301.25,0.05,8871.79,UPI
ORD-12450,2025-07-30,CUST-1443,Customer 1443,Technology,Phones,Smartphone A,North,Lucknow,4,67705.2,0.1,11153.99,Cash
ORD-10138,2025-07-30,CUST-1619,Customer 1619,Technology,Laptops,Business Laptop,South,Bengaluru,5,47456.0,0.2,18707.19,Net Banking
ORD-11426,2025-07-30,CUST-1781,Customer 1781,Furniture,Office Furniture,Reception Desk,East,Patna,5,77205.5,0.15,12658.57,Debit Card
ORD-10587,2025-07-30,CUST-1369,Customer 1369,Furniture,Storage,Filing Cabinet,East,Kolkata,4,22158.0,0.1,6550.97,Credit Card
ORD-14840,2025-07-30,CUST-1743,Customer 1743,Office Supplies,Organizers,Desk Organizer,West,Ahmedabad,7,79628.85,0.15,20098.55,Net Banking
ORD-10210,2025-07-30,CUST-1675,Customer 1675,Technology,Accessories,USB Cable,East,Kolkata,7,103607.0,0.05,22494.51,Cash
ORD-12754,2025-07-31,CUST-1341,Customer 1341,Furniture,Office Furniture,Workstation,North,Lucknow,3,36627.0,0.0,8028.24,Credit Card
ORD-14878,2025-07-31,CUST-1711,Customer 1711,Technology,Tablets,Tablet Pro,South,Bengaluru,7,71536.85,0.15,18478.73,Debit Card
ORD-14534,2025-07-31,CUST-1270,Customer 1270,Technology,Phones,Smartphone C,West,Surat,4,27961.2,0.1,6032.55,Cash
ORD-11281,2025-07-31,CUST-1500,Customer 1500,Furniture,Tables,Meeting Table,North,Lucknow,2,29331.0,0.1,11449.04,Debit Card
ORD-13641,2025-07-31,CUST-1797,Customer 1797,Furniture,Storage,Filing Cabinet,East,Kolkata,7,82785.85,0.05,16599.91,Debit Card
ORD-10413,2025-07-31,CUST-1074,Customer 1074,Furniture,Tables,Meeting Table,South,Bengaluru,6,70804.8,0.1,9517.43,Cash
ORD-14241,2025-07-31,CUST-1120,Customer 1120,Appliances,Small Appliances,Toaster,South,Bengaluru,3,61938.0,0.0,14199.6,Cash
ORD-14041,2025-07-31,CUST-1517,Customer 1517,Appliances,Fans,Table Fan,South,Bengaluru,4,67235.0,0.15,22612.59,Credit Card
ORD-13795,2025-07-31,CUST-1772,Customer 1772,Office Supplies,Paper,Premium Paper,North,Delhi,2,39118.0,0.0,11783.33,Net Banking
ORD-14795,2025-07-31,CUST-1442,Customer 1442,Technology,Tablets,Tablet 10,West,Ahmedabad,7,164574.2,0.05,25233.92,Cash
ORD-14405,2025-07-31,CUST-1387,Customer 1387,Appliances,Home Care,Air Purifier,South,Bengaluru,1,16564.2,0.05,7426.9,UPI
ORD-11842,2025-07-31,CUST-1551,Customer 1551,Furniture,Office Furniture,Reception Desk,South,Bengaluru,4,37141.2,0.1,12768.72,UPI
ORD-12115,2025-07-31,CUST-1190,Customer 1190,Technology,Phones,Smartphone B,West,Surat,6,80910.0,0.0,12260.19,UPI
ORD-10390,2025-07-31,CUST-1285,Customer 1285,Technology,Phones,Smartphone A,East,Patna,2,34479.4,0.15,8535.15,Net Banking
ORD-11125,2025-07-31,CUST-1266,Customer 1266,Furniture,Office Furniture,Reception Desk,West,Pune,2,19800.0,0.2,5618.93,Credit Card
ORD-13768,2025-07-31,CUST-1664,Customer 1664,Technology,Laptops,Laptop Air,South,Hyderabad,6,58774.5,0.25,22345.1,Cash
ORD-11047,2025-07-31,CUST-1529,Customer 1529,Office Supplies,Paper,A4 Paper,South,Bengaluru,1,13459.5,0.1,1620.86,Net Banking
ORD-14597,2025-07-31,CUST-1568,Customer 1568,Appliances,Home Care,Vacuum Cleaner,South,Kochi,6,5410.8,0.1,885.8,Debit Card
ORD-11198,2025-07-31,CUST-1750,Customer 1750,Office Supplies,Pens,Ball Pen,South,Hyderabad,4,52938.0,0.1,16660.99,UPI
ORD-13370,2025-08-01,CUST-1443,Customer 1443,Technology,Accessories,Wireless Mouse,West,Ahmedabad,6,43945.2,0.1,9428.84,Debit Card
ORD-12741,2025-08-01,CUST-1490,Customer 1490,Furniture,Storage,Bookshelf,North,Lucknow,3,41652.0,0.2,8383.76,Credit Card
ORD-10162,2025-08-01,CUST-1141,Customer 1141,Technology,Laptops,Laptop Air,West,Surat,3,63991.05,0.05,25905.58,Debit Card
ORD-11468,2025-08-01,CUST-1762,Customer 1762,Furniture,Storage,Bookshelf,West,Ahmedabad,3,14155.05,0.15,5115.0,Debit Card
ORD-11326,2025-08-01,CUST-1768,Customer 1768,Technology,Phones,Smartphone B,South,Hyderabad,2,28173.2,0.05,5718.05,Debit Card
ORD-12893,2025-08-01,CUST-1081,Customer 1081,Furniture,Tables,Meeting Table,West,Mumbai,2,32364.0,0.0,7411.96,Credit Card
ORD-10623,2025-08-01,CUST-1375,Customer 1375,Office Supplies,Paper,Premium Paper,South,Chennai,5,108157.5,0.1,12693.85,Debit Card
ORD-12910,2025-08-01,CUST-1599,Customer 1599,Office Supplies,Binders,File Binder,South,Bengaluru,7,5894.0,0.0,2484.57,Debit Card
ORD-12972,2025-08-01,CUST-1024,Customer 1024,Furniture,Tables,Study Table,West,Pune,6,23883.3,0.15,6962.83,Net Banking
ORD-10651,2025-08-01,CUST-1581,Customer 1581,Office Supplies,Binders,File Binder,East,Patna,6,109074.0,0.0,31271.89,Debit Card
ORD-12856,2025-08-01,CUST-1771,Customer 1771,Technology,Phones,Smartphone A,East,Kolkata,2,18437.4,0.1,2356.37,UPI
ORD-14044,2025-08-01,CUST-1074,Customer 1074,Appliances,Home Care,Air Purifier,South,Bengaluru,5,113981.0,0.05,11440.64,UPI
ORD-10787,2025-08-01,CUST-1639,Customer 1639,Office Supplies,Binders,Ring Binder,East,Kolkata,6,76261.5,0.25,30294.43,Debit Card
ORD-13971,2025-08-01,CUST-1731,Customer 1731,Appliances,Small Appliances,Toaster,North,Delhi,4,51721.8,0.05,18359.54,Credit Card
ORD-12215,2025-08-01,CUST-1698,Customer 1698,Furniture,Tables,Study Table,East,Bhubaneswar,1,10591.2,0.1,2863.67,Credit Card
ORD-11962,2025-08-02,CUST-1041,Customer 1041,Technology,Phones,Smartphone A,North,Delhi,5,57522.5,0.05,24786.81,Cash
ORD-10098,2025-08-02,CUST-1394,Customer 1394,Appliances,Small Appliances,Blender,East,Kolkata,4,74720.0,0.2,8009.64,Debit Card
ORD-14383,2025-08-02,CUST-1464,Customer 1464,Technology,Tablets,Tablet Pro,East,Guwahati,2,26853.2,0.15,7812.88,Debit Card
ORD-10420,2025-08-02,CUST-1473,Customer 1473,Furniture,Chairs,Ergonomic Chair,East,Bhubaneswar,2,30304.0,0.0,3056.41,Net Banking
ORD-12401,2025-08-02,CUST-1657,Customer 1657,Technology,Accessories,Keyboard,West,Pune,7,78792.0,0.0,30571.07,Debit Card
ORD-12290,2025-08-02,CUST-1188,Customer 1188,Technology,Accessories,Keyboard,East,Kolkata,1,4075.2,0.1,804.31,Cash
ORD-13582,2025-08-02,CUST-1542,Customer 1542,Technology,Tablets,Tablet 10,South,Kochi,7,108717.0,0.0,32937.33,Debit Card
ORD-11235,2025-08-02,CUST-1753,Customer 1753,Furniture,Storage,Bookshelf,East,Bhubaneswar,6,63748.8,0.2,7589.92,Debit Card
ORD-13524,2025-08-02,CUST-1525,Customer 1525,Appliances,Kitchen,Mixer Grinder,West,Pune,4,35326.8,0.1,11227.64,Net Banking
ORD-11320,2025-08-02,CUST-1059,Customer 1059,Office Supplies,Organizers,Document Tray,South,Hyderabad,6,66166.2,0.1,15515.52,UPI
ORD-14180,2025-08-02,CUST-1527,Customer 1527,Office Supplies,Binders,Ring Binder,West,Surat,7,46921.7,0.15,10986.5,UPI
ORD-11827,2025-08-02,CUST-1052,Customer 1052,Furniture,Storage,Storage Box,West,Surat,1,12716.1,0.1,4511.7,Cash
ORD-11299,2025-08-02,CUST-1450,Customer 1450,Technology,Accessories,Headphones,East,Kolkata,3,11539.2,0.2,4321.7,Credit Card
ORD-12648,2025-08-02,CUST-1516,Customer 1516,Office Supplies,Binders,File Binder,South,Kochi,1,18787.2,0.05,2260.42,Credit Card
ORD-12507,2025-08-02,CUST-1514,Customer 1514,Technology,Laptops,Laptop Air,West,Pune,1,8155.5,0.25,1967.47,Debit Card
ORD-11335,2025-08-03,CUST-1524,Customer 1524,Appliances,Small Appliances,Toaster,North,Jaipur,5,107014.5,0.1,39788.89,Debit Card
ORD-14792,2025-08-03,CUST-1795,Customer 1795,Office Supplies,Organizers,Desk Organizer,North,Jaipur,6,111304.8,0.1,16126.34,Debit Card
ORD-11759,2025-08-03,CUST-1004,Customer 1004,Office Supplies,Paper,A4 Paper,South,Hyderabad,1,1951.5,0.25,496.08,Credit Card
ORD-11546,2025-08-03,CUST-1095,Customer 1095,Appliances,Kitchen,Mixer Grinder,North,Delhi,6,67192.2,0.1,21226.93,Cash
ORD-10394,2025-08-03,CUST-1110,Customer 1110,Appliances,Kitchen,Electric Kettle,West,Mumbai,6,98755.2,0.1,36454.58,Net Banking
ORD-10256,2025-08-03,CUST-1464,Customer 1464,Office Supplies,Pens,Gel Pen,North,Chandigarh,4,22496.4,0.1,6889.28,UPI
ORD-11512,2025-08-03,CUST-1099,Customer 1099,Office Supplies,Organizers,Document Tray,West,Mumbai,6,31008.0,0.15,5267.67,Net Banking
ORD-12962,2025-08-03,CUST-1084,Customer 1084,Technology,Laptops,Laptop Air,North,Jaipur,4,62209.8,0.15,27016.78,Cash
ORD-12421,2025-08-03,CUST-1022,Customer 1022,Technology,Tablets,Tablet 10,North,Delhi,7,146631.8,0.15,28898.59,Debit Card
ORD-11828,2025-08-03,CUST-1108,Customer 1108,Appliances,Kitchen,Electric Kettle,North,Chandigarh,7,83020.0,0.0,12623.58,Debit Card
ORD-10804,2025-08-03,CUST-1255,Customer 1255,Technology,Accessories,USB Cable,West,Surat,1,8015.0,0.0,2901.33,UPI
ORD-10290,2025-08-03,CUST-1266,Customer 1266,Appliances,Kitchen,Mixer Grinder,East,Guwahati,2,10200.0,0.2,2952.04,UPI
ORD-13985,2025-08-03,CUST-1152,Customer 1152,Appliances,Kitchen,Electric Kettle,East,Patna,6,40310.4,0.2,7030.84,UPI
ORD-14539,2025-08-03,CUST-1775,Customer 1775,Office Supplies,Binders,Ring Binder,North,Jaipur,1,21871.8,0.1,5689.78,Cash
ORD-11179,2025-08-03,CUST-1102,Customer 1102,Office Supplies,Paper,Premium Paper,South,Hyderabad,3,21152.7,0.05,3417.63,Net Banking
ORD-12449,2025-08-03,CUST-1573,Customer 1573,Appliances,Fans,Table Fan,South,Chennai,5,66500.0,0.05,15777.3,Debit Card
ORD-13960,2025-08-03,CUST-1039,Customer 1039,Appliances,Small Appliances,Toaster,West,Pune,1,18402.5,0.15,3574.48,Net Banking
ORD-11247,2025-08-03,CUST-1292,Customer 1292,Furniture,Chairs,Visitor Chair,North,Jaipur,6,123374.1,0.15,37159.38,Debit Card
ORD-11981,2025-08-03,CUST-1260,Customer 1260,Technology,Phones,Smartphone B,North,Jaipur,7,50330.7,0.1,9593.16,Cash
ORD-11370,2025-08-03,CUST-1681,Customer 1681,Furniture,Tables,Meeting Table,West,Ahmedabad,1,12143.7,0.1,5037.65,Cash
ORD-14191,2025-08-03,CUST-1102,Customer 1102,Appliances,Home Care,Vacuum Cleaner,East,Guwahati,4,4617.0,0.05,1700.03,Net Banking
ORD-12100,2025-08-03,CUST-1348,Customer 1348,Office Supplies,Binders,Ring Binder,North,Lucknow,4,27597.0,0.25,11891.37,Debit Card
ORD-14024,2025-08-03,CUST-1417,Customer 1417,Furniture,Chairs,Ergonomic Chair,East,Guwahati,2,3294.0,0.25,1060.81,Debit Card
ORD-12457,2025-08-04,CUST-1720,Customer 1720,Office Supplies,Organizers,Document Tray,East,Guwahati,4,59886.0,0.1,12087.44,Cash
ORD-14955,2025-08-04,CUST-1343,Customer 1343,Office Supplies,Organizers,Desk Organizer,South,Kochi,5,73931.25,0.25,25774.42,Debit Card
ORD-10469,2025-08-04,CUST-1060,Customer 1060,Technology,Accessories,Headphones,East,Bhubaneswar,2,45068.0,0.05,19813.95,UPI
ORD-13249,2025-08-04,CUST-1085,Customer 1085,Technology,Accessories,Wireless Mouse,North,Delhi,3,43398.45,0.15,13549.24,Cash
ORD-11916,2025-08-04,CUST-1690,Customer 1690,Furniture,Storage,Storage Box,West,Mumbai,5,19530.0,0.1,2993.4,Debit Card
ORD-13087,2025-08-04,CUST-1589,Customer 1589,Furniture,Tables,Meeting Table,East,Bhubaneswar,4,51652.0,0.0,11131.52,Debit Card
ORD-13478,2025-08-04,CUST-1652,Customer 1652,Office Supplies,Binders,Ring Binder,North,Lucknow,1,14734.5,0.25,3239.33,Debit Card
ORD-12406,2025-08-04,CUST-1164,Customer 1164,Technology,Tablets,Tablet Pro,East,Bhubaneswar,1,5268.0,0.2,1590.39,UPI
ORD-14119,2025-08-04,CUST-1277,Customer 1277,Furniture,Tables,Meeting Table,North,Chandigarh,5,105982.25,0.15,24671.12,Debit Card
ORD-14313,2025-08-04,CUST-1108,Customer 1108,Appliances,Small Appliances,Blender,West,Mumbai,6,111292.5,0.05,36929.13,UPI
ORD-12280,2025-08-04,CUST-1749,Customer 1749,Office Supplies,Pens,Ball Pen,South,Bengaluru,4,52808.0,0.0,18737.37,UPI
ORD-14050,2025-08-05,CUST-1718,Customer 1718,Appliances,Small Appliances,Toaster,South,Hyderabad,5,62156.25,0.15,14199.89,Net Banking
ORD-13250,2025-08-05,CUST-1722,Customer 1722,Technology,Tablets,Tablet Pro,West,Ahmedabad,4,62243.2,0.2,7536.16,UPI
ORD-14414,2025-08-05,CUST-1374,Customer 1374,Furniture,Tables,Meeting Table,South,Kochi,6,122396.4,0.1,36301.99,Net Banking
ORD-13538,2025-08-05,CUST-1756,Customer 1756,Technology,Accessories,Headphones,North,Lucknow,6,37275.9,0.15,15020.62,Credit Card
ORD-14638,2025-08-05,CUST-1036,Customer 1036,Office Supplies,Pens,Ball Pen,East,Patna,7,94782.45,0.05,16045.58,Net Banking
ORD-14173,2025-08-05,CUST-1125,Customer 1125,Furniture,Office Furniture,Reception Desk,West,Mumbai,7,70922.25,0.05,28494.6,Cash
ORD-12857,2025-08-05,CUST-1748,Customer 1748,Furniture,Chairs,Ergonomic Chair,West,Mumbai,6,66775.5,0.05,29020.65,Net Banking
ORD-14805,2025-08-05,CUST-1262,Customer 1262,Furniture,Tables,Office Desk,North,Chandigarh,6,36163.8,0.1,7475.12,Net Banking
ORD-14958,2025-08-05,CUST-1129,Customer 1129,Technology,Tablets,Tablet 10,West,Ahmedabad,7,59500.0,0.0,16776.44,Debit Card
ORD-11231,2025-08-05,CUST-1152,Customer 1152,Office Supplies,Pens,Gel Pen,North,Jaipur,6,85930.2,0.1,15938.45,Net Banking
ORD-12014,2025-08-06,CUST-1467,Customer 1467,Appliances,Kitchen,Electric Kettle,West,Pune,3,43028.7,0.15,18450.73,Net Banking
ORD-10125,2025-08-06,CUST-1003,Customer 1003,Technology,Tablets,Tablet 10,West,Pune,7,125439.3,0.1,45516.38,Net Banking
ORD-10320,2025-08-06,CUST-1683,Customer 1683,Furniture,Tables,Office Desk,West,Mumbai,7,90732.6,0.05,37838.46,Net Banking
ORD-10107,2025-08-06,CUST-1282,Customer 1282,Furniture,Chairs,Ergonomic Chair,South,Chennai,3,60243.3,0.05,17588.94,Cash
ORD-10408,2025-08-06,CUST-1170,Customer 1170,Appliances,Home Care,Vacuum Cleaner,South,Hyderabad,1,3676.5,0.25,1305.09,Net Banking
ORD-13551,2025-08-06,CUST-1579,Customer 1579,Technology,Accessories,USB Cable,East,Bhubaneswar,2,10822.2,0.15,3542.43,Cash
ORD-13716,2025-08-06,CUST-1047,Customer 1047,Furniture,Chairs,Office Chair,South,Hyderabad,6,30742.8,0.15,5021.1,Credit Card
ORD-10459,2025-08-06,CUST-1784,Customer 1784,Office Supplies,Organizers,Document Tray,South,Kochi,4,46609.2,0.1,7868.46,Cash
ORD-14387,2025-08-06,CUST-1016,Customer 1016,Office Supplies,Binders,Ring Binder,West,Pune,1,18034.45,0.15,6016.56,Cash
ORD-13705,2025-08-06,CUST-1495,Customer 1495,Office Supplies,Pens,Marker,South,Hyderabad,5,5872.5,0.25,959.64,Debit Card
ORD-11162,2025-08-06,CUST-1537,Customer 1537,Technology,Laptops,Laptop Pro,North,Chandigarh,6,89818.2,0.1,35586.62,Credit Card
ORD-11806,2025-08-06,CUST-1344,Customer 1344,Office Supplies,Organizers,Desk Organizer,North,Lucknow,2,13018.6,0.15,4189.99,Debit Card
ORD-12844,2025-08-06,CUST-1703,Customer 1703,Office Supplies,Binders,Ring Binder,East,Kolkata,5,20420.25,0.05,2779.88,Credit Card
ORD-12925,2025-08-07,CUST-1264,Customer 1264,Furniture,Chairs,Ergonomic Chair,North,Chandigarh,7,83630.4,0.05,12319.53,Net Banking
ORD-12549,2025-08-07,CUST-1390,Customer 1390,Furniture,Office Furniture,Reception Desk,North,Jaipur,7,70660.8,0.2,29426.38,Debit Card
ORD-12244,2025-08-07,CUST-1763,Customer 1763,Furniture,Storage,Bookshelf,South,Bengaluru,6,125960.4,0.1,20625.31,Cash
ORD-14417,2025-08-07,CUST-1519,Customer 1519,Office Supplies,Organizers,Desk Organizer,North,Lucknow,6,38390.4,0.2,13210.8,Cash
ORD-13752,2025-08-07,CUST-1570,Customer 1570,Technology,Laptops,Laptop Air,East,Bhubaneswar,5,97850.0,0.0,28811.69,Credit Card
ORD-10209,2025-08-07,CUST-1674,Customer 1674,Furniture,Storage,Bookshelf,North,Delhi,5,49511.25,0.25,14788.75,Net Banking
ORD-10153,2025-08-07,CUST-1339,Customer 1339,Technology,Accessories,Headphones,West,Surat,6,33835.2,0.2,7939.13,Net Banking
ORD-11409,2025-08-07,CUST-1657,Customer 1657,Office Supplies,Binders,File Binder,West,Ahmedabad,7,117860.4,0.1,37316.38,Cash
ORD-10966,2025-08-07,CUST-1246,Customer 1246,Technology,Accessories,USB Cable,West,Surat,5,38369.0,0.15,14569.5,UPI
ORD-10743,2025-08-07,CUST-1086,Customer 1086,Furniture,Storage,Bookshelf,East,Bhubaneswar,3,2218.5,0.15,860.39,Net Banking
ORD-13253,2025-08-07,CUST-1344,Customer 1344,Technology,Tablets,Tablet Pro,South,Kochi,7,94809.05,0.05,34514.84,UPI
ORD-13466,2025-08-07,CUST-1079,Customer 1079,Furniture,Storage,Filing Cabinet,West,Pune,3,7425.0,0.1,1195.0,Credit Card
ORD-14896,2025-08-07,CUST-1506,Customer 1506,Furniture,Office Furniture,Workstation,West,Pune,2,14716.8,0.1,2107.24,Cash
ORD-10772,2025-08-07,CUST-1084,Customer 1084,Technology,Laptops,Business Laptop,East,Kolkata,2,11833.7,0.15,5006.23,UPI
ORD-12480,2025-08-07,CUST-1312,Customer 1312,Technology,Laptops,Laptop Pro,West,Ahmedabad,6,75990.0,0.0,29971.55,Credit Card
ORD-11216,2025-08-07,CUST-1728,Customer 1728,Technology,Laptops,Laptop Pro,West,Surat,3,14906.7,0.1,3684.52,UPI
ORD-13114,2025-08-07,CUST-1303,Customer 1303,Appliances,Fans,Ceiling Fan,East,Kolkata,7,65849.0,0.0,28242.36,Net Banking
ORD-10499,2025-08-08,CUST-1764,Customer 1764,Technology,Tablets,Tablet 10,South,Bengaluru,3,8843.55,0.05,1073.82,Credit Card
ORD-12245,2025-08-08,CUST-1008,Customer 1008,Appliances,Home Care,Air Purifier,South,Kochi,5,14555.0,0.0,3666.13,Net Banking
ORD-13668,2025-08-08,CUST-1089,Customer 1089,Appliances,Small Appliances,Toaster,South,Hyderabad,4,79288.0,0.15,34067.37,Debit Card
ORD-11051,2025-08-08,CUST-1720,Customer 1720,Furniture,Storage,Storage Box,North,Jaipur,4,22841.8,0.05,6674.24,UPI
ORD-12875,2025-08-08,CUST-1531,Customer 1531,Appliances,Fans,Ceiling Fan,South,Chennai,6,92728.2,0.15,22498.65,UPI
ORD-10059,2025-08-08,CUST-1545,Customer 1545,Office Supplies,Pens,Marker,West,Pune,1,24547.0,0.0,7731.05,Credit Card
ORD-14378,2025-08-08,CUST-1668,Customer 1668,Appliances,Kitchen,Mixer Grinder,South,Bengaluru,4,68518.4,0.2,30691.37,Net Banking
ORD-14033,2025-08-08,CUST-1791,Customer 1791,Office Supplies,Paper,Premium Paper,South,Hyderabad,2,10478.8,0.15,3478.88,Net Banking
ORD-12611,2025-08-08,CUST-1141,Customer 1141,Appliances,Small Appliances,Toaster,South,Kochi,7,84609.0,0.25,25635.5,Cash
ORD-14806,2025-08-08,CUST-1479,Customer 1479,Office Supplies,Organizers,Desk Organizer,North,Chandigarh,7,80847.9,0.1,18026.42,Credit Card
ORD-12063,2025-08-08,CUST-1578,Customer 1578,Office Supplies,Organizers,Document Tray,West,Mumbai,4,56124.0,0.0,15010.92,Cash
ORD-14711,2025-08-08,CUST-1483,Customer 1483,Office Supplies,Pens,Ball Pen,East,Guwahati,7,19938.45,0.15,2042.52,UPI
ORD-12902,2025-08-09,CUST-1292,Customer 1292,Furniture,Chairs,Office Chair,West,Mumbai,7,121884.0,0.2,32063.84,UPI
ORD-13634,2025-08-09,CUST-1414,Customer 1414,Appliances,Fans,Ceiling Fan,East,Bhubaneswar,1,18977.4,0.1,4207.71,Net Banking
ORD-11371,2025-08-09,CUST-1568,Customer 1568,Office Supplies,Pens,Gel Pen,West,Ahmedabad,2,20051.2,0.2,5132.36,Debit Card
ORD-10845,2025-08-09,CUST-1495,Customer 1495,Technology,Laptops,Laptop Pro,South,Kochi,6,80113.5,0.05,20875.12,Debit Card
ORD-12171,2025-08-09,CUST-1795,Customer 1795,Office Supplies,Pens,Gel Pen,East,Bhubaneswar,1,16316.6,0.15,6993.95,Credit Card
ORD-14637,2025-08-09,CUST-1081,Customer 1081,Appliances,Small Appliances,Toaster,South,Kochi,6,16410.0,0.0,4952.2,Credit Card
ORD-11599,2025-08-09,CUST-1027,Customer 1027,Appliances,Kitchen,Electric Kettle,East,Guwahati,7,129869.6,0.2,17408.9,Net Banking
ORD-12526,2025-08-09,CUST-1253,Customer 1253,Appliances,Fans,Ceiling Fan,West,Ahmedabad,1,22218.6,0.05,7794.18,Cash
ORD-12081,2025-08-09,CUST-1451,Customer 1451,Technology,Accessories,Wireless Mouse,North,Jaipur,7,137925.9,0.1,50926.67,UPI
ORD-10598,2025-08-09,CUST-1106,Customer 1106,Office Supplies,Binders,File Binder,East,Guwahati,1,20360.0,0.0,7441.19,Cash
ORD-10315,2025-08-09,CUST-1021,Customer 1021,Office Supplies,Pens,Ball Pen,North,Chandigarh,5,23672.5,0.15,5438.22,Credit Card
ORD-14231,2025-08-09,CUST-1076,Customer 1076,Office Supplies,Organizers,Desk Organizer,East,Kolkata,7,25477.2,0.1,6834.04,Cash
ORD-11241,2025-08-09,CUST-1394,Customer 1394,Technology,Accessories,USB Cable,North,Chandigarh,7,91819.0,0.0,16422.07,Net Banking
ORD-13397,2025-08-10,CUST-1203,Customer 1203,Appliances,Fans,Table Fan,East,Guwahati,5,24596.25,0.25,9028.99,Net Banking
ORD-14607,2025-08-10,CUST-1291,Customer 1291,Office Supplies,Paper,Premium Paper,West,Surat,1,5815.0,0.0,926.14,Debit Card
ORD-13313,2025-08-10,CUST-1234,Customer 1234,Technology,Laptops,Laptop Air,East,Kolkata,6,34982.4,0.2,14672.21,Net Banking
ORD-14097,2025-08-10,CUST-1515,Customer 1515,Technology,Accessories,Wireless Mouse,South,Kochi,7,140445.9,0.1,31089.64,Cash
ORD-12086,2025-08-10,CUST-1383,Customer 1383,Technology,Phones,Smartphone C,North,Lucknow,7,141862.0,0.0,58855.22,UPI
ORD-14003,2025-08-10,CUST-1772,Customer 1772,Office Supplies,Paper,A4 Paper,West,Pune,6,12835.2,0.2,2116.46,UPI
ORD-10961,2025-08-10,CUST-1354,Customer 1354,Technology,Accessories,Keyboard,West,Mumbai,1,8860.65,0.05,1112.85,UPI
ORD-10119,2025-08-10,CUST-1454,Customer 1454,Appliances,Small Appliances,Blender,East,Guwahati,7,92188.95,0.05,17367.95,Cash
ORD-14639,2025-08-10,CUST-1747,Customer 1747,Appliances,Fans,Ceiling Fan,West,Mumbai,7,45868.55,0.15,19024.82,UPI
ORD-11605,2025-08-10,CUST-1479,Customer 1479,Appliances,Small Appliances,Blender,East,Guwahati,1,4965.6,0.2,876.26,Debit Card
ORD-11339,2025-08-10,CUST-1544,Customer 1544,Furniture,Tables,Study Table,North,Jaipur,6,67043.4,0.05,13612.14,Net Banking
ORD-14303,2025-08-10,CUST-1268,Customer 1268,Furniture,Storage,Filing Cabinet,East,Bhubaneswar,1,21335.4,0.1,7192.29,Net Banking
ORD-14873,2025-08-10,CUST-1654,Customer 1654,Technology,Phones,Smartphone C,North,Chandigarh,5,11110.25,0.05,3580.08,Debit Card
ORD-10456,2025-08-10,CUST-1714,Customer 1714,Office Supplies,Paper,A4 Paper,West,Mumbai,1,14337.4,0.05,5821.24,Debit Card
ORD-12391,2025-08-10,CUST-1615,Customer 1615,Furniture,Chairs,Office Chair,West,Pune,7,11209.8,0.15,1747.81,Cash
ORD-11717,2025-08-10,CUST-1305,Customer 1305,Appliances,Home Care,Air Purifier,South,Kochi,4,23936.0,0.2,6308.42,Cash
ORD-10281,2025-08-10,CUST-1440,Customer 1440,Appliances,Home Care,Vacuum Cleaner,East,Patna,1,17215.9,0.15,4175.13,UPI
ORD-14225,2025-08-10,CUST-1077,Customer 1077,Appliances,Small Appliances,Blender,North,Lucknow,5,9542.75,0.05,3930.77,Cash
ORD-10975,2025-08-10,CUST-1518,Customer 1518,Appliances,Kitchen,Mixer Grinder,North,Lucknow,6,128261.4,0.05,29534.19,Credit Card
ORD-10562,2025-08-10,CUST-1790,Customer 1790,Office Supplies,Organizers,Desk Organizer,West,Mumbai,7,31354.4,0.2,3856.38,UPI
ORD-11333,2025-08-10,CUST-1208,Customer 1208,Office Supplies,Organizers,Document Tray,East,Guwahati,3,30114.0,0.25,8140.18,Net Banking
ORD-10871,2025-08-10,CUST-1528,Customer 1528,Technology,Laptops,Business Laptop,East,Kolkata,5,47900.0,0.2,19772.97,Cash
ORD-13777,2025-08-11,CUST-1078,Customer 1078,Technology,Laptops,Business Laptop,West,Mumbai,1,16395.2,0.2,6102.78,Debit Card
ORD-11154,2025-08-11,CUST-1288,Customer 1288,Furniture,Storage,Filing Cabinet,North,Lucknow,5,36888.0,0.2,15046.58,Credit Card
ORD-10491,2025-08-11,CUST-1430,Customer 1430,Appliances,Home Care,Vacuum Cleaner,South,Hyderabad,4,3212.0,0.0,530.19,Net Banking
ORD-13504,2025-08-11,CUST-1714,Customer 1714,Technology,Accessories,USB Cable,West,Ahmedabad,6,85307.7,0.15,22975.41,Credit Card
ORD-13086,2025-08-11,CUST-1511,Customer 1511,Technology,Tablets,Tablet 10,East,Patna,2,32921.3,0.05,9156.67,UPI
ORD-10610,2025-08-11,CUST-1707,Customer 1707,Appliances,Fans,Table Fan,West,Mumbai,5,47801.25,0.25,13113.67,Cash
ORD-12210,2025-08-11,CUST-1070,Customer 1070,Technology,Laptops,Laptop Pro,East,Bhubaneswar,6,81360.0,0.2,18997.38,Cash
ORD-14165,2025-08-11,CUST-1233,Customer 1233,Furniture,Storage,Filing Cabinet,West,Surat,7,39986.1,0.1,11696.28,Credit Card
ORD-12237,2025-08-11,CUST-1626,Customer 1626,Office Supplies,Pens,Marker,East,Kolkata,5,104303.5,0.15,20627.11,Debit Card
ORD-10216,2025-08-11,CUST-1204,Customer 1204,Technology,Phones,Smartphone A,East,Bhubaneswar,4,53619.2,0.2,5706.31,Credit Card
ORD-12989,2025-08-11,CUST-1035,Customer 1035,Office Supplies,Organizers,Document Tray,South,Bengaluru,7,81071.2,0.2,16437.75,Cash
ORD-12823,2025-08-11,CUST-1425,Customer 1425,Technology,Laptops,Laptop Pro,East,Patna,4,16222.2,0.05,3775.66,Net Banking
ORD-13213,2025-08-11,CUST-1349,Customer 1349,Furniture,Tables,Study Table,East,Patna,5,35007.5,0.05,7189.62,Debit Card
ORD-10430,2025-08-12,CUST-1036,Customer 1036,Appliances,Fans,Table Fan,East,Bhubaneswar,2,36742.2,0.05,10000.88,UPI
ORD-10850,2025-08-12,CUST-1217,Customer 1217,Furniture,Office Furniture,Workstation,West,Mumbai,5,13072.5,0.1,2873.23,Credit Card
ORD-13480,2025-08-12,CUST-1472,Customer 1472,Furniture,Office Furniture,Workstation,West,Pune,3,53748.9,0.15,22084.11,UPI
ORD-11225,2025-08-12,CUST-1353,Customer 1353,Technology,Tablets,Tablet 10,East,Kolkata,4,39440.0,0.0,17647.6,Cash
ORD-10951,2025-08-12,CUST-1180,Customer 1180,Office Supplies,Pens,Gel Pen,South,Kochi,3,45084.0,0.2,6540.84,Net Banking
ORD-12570,2025-08-12,CUST-1234,Customer 1234,Technology,Tablets,Tablet 10,North,Delhi,5,115335.0,0.0,16857.31,UPI
ORD-11048,2025-08-12,CUST-1285,Customer 1285,Technology,Laptops,Business Laptop,East,Patna,3,31074.0,0.0,5330.34,Credit Card
ORD-14902,2025-08-12,CUST-1282,Customer 1282,Technology,Accessories,Headphones,West,Mumbai,2,10444.8,0.15,1454.01,Debit Card
ORD-11270,2025-08-12,CUST-1042,Customer 1042,Furniture,Storage,Filing Cabinet,West,Pune,4,67824.0,0.0,14547.17,Debit Card
ORD-13180,2025-08-12,CUST-1313,Customer 1313,Technology,Laptops,Laptop Air,East,Kolkata,4,4047.0,0.05,725.1,Debit Card
ORD-14013,2025-08-12,CUST-1705,Customer 1705,Furniture,Tables,Study Table,North,Lucknow,7,32718.0,0.05,13464.21,Net Banking
ORD-13289,2025-08-12,CUST-1592,Customer 1592,Furniture,Storage,Storage Box,East,Kolkata,1,20070.0,0.1,8595.83,Net Banking
ORD-12027,2025-08-12,CUST-1486,Customer 1486,Office Supplies,Paper,Premium Paper,East,Guwahati,3,20487.0,0.0,5242.26,Debit Card
ORD-11836,2025-08-12,CUST-1562,Customer 1562,Furniture,Chairs,Ergonomic Chair,West,Mumbai,7,90882.4,0.2,18728.11,Net Banking
ORD-11949,2025-08-13,CUST-1426,Customer 1426,Appliances,Fans,Ceiling Fan,North,Delhi,5,123420.0,0.0,34714.73,UPI
ORD-14954,2025-08-13,CUST-1117,Customer 1117,Furniture,Chairs,Office Chair,East,Guwahati,3,49069.65,0.15,20214.29,Debit Card
ORD-12514,2025-08-13,CUST-1001,Customer 1001,Appliances,Small Appliances,Toaster,West,Surat,1,14364.0,0.05,4511.8,Cash
ORD-11849,2025-08-13,CUST-1164,Customer 1164,Technology,Laptops,Business Laptop,West,Surat,3,20649.6,0.1,8808.16,Debit Card
ORD-13216,2025-08-13,CUST-1319,Customer 1319,Appliances,Small Appliances,Toaster,East,Kolkata,5,24845.0,0.0,5048.77,Debit Card
ORD-11874,2025-08-13,CUST-1629,Customer 1629,Furniture,Office Furniture,Reception Desk,South,Kochi,3,40216.35,0.05,11693.27,UPI
ORD-14716,2025-08-13,CUST-1194,Customer 1194,Office Supplies,Paper,A4 Paper,West,Mumbai,5,15292.0,0.2,2420.12,UPI
ORD-11056,2025-08-13,CUST-1377,Customer 1377,Technology,Tablets,Tablet 10,West,Ahmedabad,2,31145.7,0.15,8271.62,Net Banking
ORD-10946,2025-08-13,CUST-1559,Customer 1559,Office Supplies,Organizers,Document Tray,North,Lucknow,4,75893.6,0.05,27072.88,Net Banking
ORD-10844,2025-08-13,CUST-1469,Customer 1469,Office Supplies,Organizers,Document Tray,East,Guwahati,7,127120.0,0.2,56125.62,Credit Card
ORD-10797,2025-08-13,CUST-1574,Customer 1574,Technology,Laptops,Business Laptop,North,Lucknow,1,21480.0,0.0,8165.18,Debit Card
ORD-13445,2025-08-13,CUST-1311,Customer 1311,Furniture,Chairs,Visitor Chair,North,Jaipur,7,139608.0,0.1,31057.38,Credit Card
ORD-11244,2025-08-13,CUST-1396,Customer 1396,Office Supplies,Binders,File Binder,West,Mumbai,1,14455.95,0.15,2479.62,Credit Card
ORD-12420,2025-08-14,CUST-1196,Customer 1196,Appliances,Kitchen,Electric Kettle,North,Jaipur,7,74564.0,0.2,17038.6,UPI
ORD-14760,2025-08-14,CUST-1679,Customer 1679,Appliances,Fans,Table Fan,East,Patna,2,5874.0,0.0,1353.82,Net Banking
ORD-13200,2025-08-14,CUST-1044,Customer 1044,Appliances,Small Appliances,Blender,West,Surat,1,3528.9,0.1,1245.22,UPI
ORD-12935,2025-08-14,CUST-1091,Customer 1091,Technology,Tablets,Tablet Pro,East,Patna,5,94460.0,0.2,36211.21,Net Banking
ORD-13247,2025-08-14,CUST-1359,Customer 1359,Appliances,Fans,Ceiling Fan,North,Chandigarh,5,3884.0,0.2,1565.65,Net Banking
ORD-13066,2025-08-14,CUST-1186,Customer 1186,Furniture,Chairs,Office Chair,West,Mumbai,6,57531.6,0.1,17902.34,Credit Card
ORD-12201,2025-08-14,CUST-1448,Customer 1448,Technology,Phones,Smartphone C,West,Surat,3,6009.0,0.0,2194.45,Credit Card
ORD-10128,2025-08-14,CUST-1133,Customer 1133,Technology,Phones,Smartphone B,South,Bengaluru,6,127634.4,0.1,44118.05,Debit Card
ORD-14822,2025-08-14,CUST-1209,Customer 1209,Technology,Accessories,Keyboard,East,Guwahati,7,83005.3,0.05,8479.26,Credit Card
ORD-10683,2025-08-14,CUST-1723,Customer 1723,Office Supplies,Paper,A4 Paper,North,Chandigarh,1,9979.2,0.2,1473.33,UPI
ORD-12690,2025-08-14,CUST-1222,Customer 1222,Appliances,Small Appliances,Blender,West,Surat,4,53208.0,0.0,11275.99,Cash
ORD-12695,2025-08-14,CUST-1681,Customer 1681,Appliances,Kitchen,Mixer Grinder,South,Bengaluru,1,13097.6,0.2,3289.9,Cash
ORD-13045,2025-08-14,CUST-1578,Customer 1578,Furniture,Storage,Filing Cabinet,East,Guwahati,5,40896.0,0.1,17449.04,Cash
ORD-11034,2025-08-14,CUST-1025,Customer 1025,Furniture,Office Furniture,Reception Desk,North,Jaipur,2,19837.9,0.05,8400.38,Credit Card
ORD-10485,2025-08-15,CUST-1191,Customer 1191,Technology,Tablets,Tablet 10,South,Bengaluru,5,87393.75,0.25,12538.82,UPI
ORD-14763,2025-08-15,CUST-1195,Customer 1195,Appliances,Home Care,Vacuum Cleaner,West,Pune,1,7985.7,0.1,3266.31,Debit Card
ORD-10221,2025-08-15,CUST-1293,Customer 1293,Office Supplies,Binders,Ring Binder,North,Chandigarh,1,10080.75,0.25,2559.06,Net Banking
ORD-10412,2025-08-15,CUST-1500,Customer 1500,Appliances,Kitchen,Electric Kettle,East,Guwahati,7,46204.2,0.1,18422.18,Debit Card
ORD-12096,2025-08-15,CUST-1789,Customer 1789,Office Supplies,Pens,Gel Pen,North,Chandigarh,5,18544.0,0.05,8163.65,UPI
ORD-11576,2025-08-15,CUST-1579,Customer 1579,Office Supplies,Binders,Ring Binder,South,Hyderabad,2,9781.2,0.1,3310.88,Cash
ORD-14495,2025-08-15,CUST-1205,Customer 1205,Appliances,Fans,Ceiling Fan,North,Delhi,3,61290.0,0.1,6874.27,Credit Card
ORD-12890,2025-08-15,CUST-1647,Customer 1647,Office Supplies,Pens,Ball Pen,West,Ahmedabad,4,31932.8,0.15,7181.34,Credit Card
ORD-10774,2025-08-15,CUST-1308,Customer 1308,Appliances,Kitchen,Electric Kettle,East,Patna,2,29768.7,0.15,10967.55,Debit Card
ORD-11439,2025-08-15,CUST-1062,Customer 1062,Appliances,Home Care,Vacuum Cleaner,North,Jaipur,7,121161.6,0.1,48693.54,Debit Card
ORD-11784,2025-08-15,CUST-1714,Customer 1714,Furniture,Tables,Office Desk,East,Kolkata,2,45956.0,0.0,17392.51,Debit Card
ORD-12127,2025-08-15,CUST-1201,Customer 1201,Technology,Tablets,Tablet Pro,North,Delhi,7,66150.0,0.0,12622.68,Net Banking
ORD-10728,2025-08-15,CUST-1572,Customer 1572,Office Supplies,Organizers,Desk Organizer,South,Hyderabad,3,61740.9,0.1,19476.07,Cash
ORD-10063,2025-08-16,CUST-1546,Customer 1546,Technology,Accessories,Headphones,North,Jaipur,6,45332.1,0.05,16102.94,Net Banking
ORD-10272,2025-08-16,CUST-1361,Customer 1361,Appliances,Kitchen,Electric Kettle,South,Chennai,6,62928.0,0.05,7389.09,Credit Card
ORD-14489,2025-08-16,CUST-1681,Customer 1681,Furniture,Office Furniture,Workstation,North,Delhi,6,62736.0,0.2,24368.35,UPI
ORD-13652,2025-08-16,CUST-1547,Customer 1547,Office Supplies,Binders,File Binder,East,Bhubaneswar,6,137233.2,0.05,21785.53,Net Banking
ORD-14936,2025-08-16,CUST-1543,Customer 1543,Technology,Phones,Smartphone A,North,Chandigarh,3,1460.7,0.1,377.72,UPI
ORD-10872,2025-08-16,CUST-1441,Customer 1441,Appliances,Home Care,Air Purifier,North,Chandigarh,6,32089.5,0.25,8966.64,Net Banking
ORD-11240,2025-08-16,CUST-1118,Customer 1118,Office Supplies,Binders,File Binder,North,Jaipur,5,87457.0,0.05,24735.92,UPI
ORD-12774,2025-08-16,CUST-1242,Customer 1242,Appliances,Small Appliances,Blender,North,Chandigarh,6,52294.5,0.25,13138.24,Cash
ORD-13082,2025-08-16,CUST-1656,Customer 1656,Office Supplies,Pens,Ball Pen,South,Chennai,7,4048.8,0.2,797.36,UPI
ORD-14099,2025-08-16,CUST-1438,Customer 1438,Furniture,Chairs,Office Chair,North,Jaipur,2,37074.0,0.0,6493.71,Debit Card
ORD-13771,2025-08-16,CUST-1347,Customer 1347,Furniture,Office Furniture,Workstation,North,Lucknow,2,20341.5,0.25,8936.53,Debit Card
ORD-12465,2025-08-16,CUST-1373,Customer 1373,Technology,Accessories,Headphones,East,Kolkata,4,82079.4,0.15,31339.1,Net Banking
ORD-12136,2025-08-16,CUST-1467,Customer 1467,Technology,Tablets,Tablet 10,South,Kochi,7,102753.0,0.1,26193.79,Credit Card
ORD-10007,2025-08-16,CUST-1710,Customer 1710,Technology,Accessories,USB Cable,East,Patna,6,72927.0,0.1,8248.09,Cash
ORD-13739,2025-08-16,CUST-1160,Customer 1160,Office Supplies,Pens,Ball Pen,South,Hyderabad,7,122791.2,0.2,52321.32,Cash
ORD-12141,2025-08-16,CUST-1734,Customer 1734,Appliances,Small Appliances,Blender,East,Patna,1,17299.2,0.15,7435.28,Net Banking
ORD-10547,2025-08-17,CUST-1780,Customer 1780,Technology,Phones,Smartphone B,East,Guwahati,3,9398.4,0.2,2055.56,UPI
ORD-12868,2025-08-17,CUST-1138,Customer 1138,Furniture,Chairs,Office Chair,South,Chennai,5,99785.75,0.15,37575.41,UPI
ORD-14860,2025-08-17,CUST-1573,Customer 1573,Furniture,Tables,Meeting Table,North,Delhi,2,14158.8,0.05,1834.01,UPI
ORD-11316,2025-08-17,CUST-1143,Customer 1143,Appliances,Home Care,Air Purifier,West,Pune,2,30040.7,0.15,4058.22,Credit Card
ORD-11830,2025-08-17,CUST-1033,Customer 1033,Technology,Phones,Smartphone C,South,Bengaluru,1,363.6,0.1,73.31,Credit Card
ORD-12916,2025-08-17,CUST-1772,Customer 1772,Technology,Phones,Smartphone B,South,Kochi,1,14778.4,0.2,5375.31,UPI
ORD-11869,2025-08-17,CUST-1673,Customer 1673,Technology,Phones,Smartphone C,North,Lucknow,1,8730.0,0.1,2584.2,UPI
ORD-12583,2025-08-17,CUST-1393,Customer 1393,Furniture,Chairs,Ergonomic Chair,East,Guwahati,7,78030.4,0.2,15982.99,Credit Card
ORD-12926,2025-08-17,CUST-1142,Customer 1142,Furniture,Storage,Filing Cabinet,East,Kolkata,6,119212.8,0.2,29874.13,Debit Card
ORD-11961,2025-08-17,CUST-1029,Customer 1029,Furniture,Chairs,Office Chair,North,Lucknow,6,75678.9,0.05,10126.54,Net Banking
ORD-10182,2025-08-17,CUST-1721,Customer 1721,Office Supplies,Paper,Premium Paper,South,Kochi,7,73976.0,0.0,8113.75,Debit Card
ORD-11008,2025-08-17,CUST-1370,Customer 1370,Technology,Laptops,Business Laptop,West,Mumbai,5,55984.0,0.2,24243.98,Debit Card
ORD-12556,2025-08-17,CUST-1794,Customer 1794,Furniture,Office Furniture,Workstation,West,Ahmedabad,4,78755.2,0.2,10295.6,Net Banking
ORD-12132,2025-08-17,CUST-1553,Customer 1553,Technology,Accessories,Wireless Mouse,North,Jaipur,3,56327.4,0.05,21182.0,Debit Card
ORD-14148,2025-08-17,CUST-1636,Customer 1636,Office Supplies,Paper,Premium Paper,North,Jaipur,7,8179.5,0.25,2511.66,Cash
ORD-10056,2025-08-17,CUST-1404,Customer 1404,Appliances,Home Care,Vacuum Cleaner,East,Guwahati,6,30255.6,0.05,3047.2,Cash
ORD-14753,2025-08-18,CUST-1197,Customer 1197,Technology,Tablets,Tablet Pro,West,Surat,2,27732.8,0.2,7015.21,Debit Card
ORD-12084,2025-08-18,CUST-1684,Customer 1684,Furniture,Office Furniture,Workstation,West,Pune,3,14802.0,0.0,3427.43,Net Banking
ORD-13100,2025-08-18,CUST-1400,Customer 1400,Office Supplies,Pens,Gel Pen,West,Mumbai,2,39090.6,0.1,6989.42,Debit Card
ORD-11706,2025-08-18,CUST-1069,Customer 1069,Appliances,Home Care,Air Purifier,South,Hyderabad,5,33692.0,0.2,3784.48,Cash
ORD-14081,2025-08-18,CUST-1098,Customer 1098,Office Supplies,Binders,Ring Binder,West,Surat,2,33198.0,0.0,8885.49,Net Banking
ORD-10584,2025-08-18,CUST-1419,Customer 1419,Furniture,Tables,Office Desk,South,Chennai,4,82746.0,0.1,35311.36,Debit Card
ORD-12156,2025-08-18,CUST-1579,Customer 1579,Appliances,Kitchen,Electric Kettle,East,Patna,5,52595.0,0.0,9693.66,Debit Card
ORD-11382,2025-08-18,CUST-1067,Customer 1067,Appliances,Home Care,Air Purifier,South,Kochi,3,53853.0,0.0,12081.71,UPI
ORD-14364,2025-08-18,CUST-1556,Customer 1556,Technology,Phones,Smartphone A,South,Kochi,4,37915.2,0.1,4541.22,Debit Card
ORD-12226,2025-08-18,CUST-1636,Customer 1636,Technology,Tablets,Tablet 10,West,Surat,1,16629.4,0.15,5601.92,UPI
ORD-11230,2025-08-18,CUST-1581,Customer 1581,Office Supplies,Paper,Premium Paper,East,Bhubaneswar,3,57640.2,0.15,12884.76,Credit Card
ORD-10345,2025-08-18,CUST-1662,Customer 1662,Office Supplies,Organizers,Desk Organizer,South,Bengaluru,1,308.0,0.2,117.48,Cash
ORD-12678,2025-08-18,CUST-1159,Customer 1159,Furniture,Tables,Study Table,East,Bhubaneswar,3,19431.0,0.0,5894.71,Credit Card
ORD-11283,2025-08-18,CUST-1576,Customer 1576,Technology,Accessories,Wireless Mouse,West,Pune,1,5104.35,0.05,1183.74,Net Banking
ORD-13585,2025-08-18,CUST-1564,Customer 1564,Technology,Laptops,Business Laptop,South,Kochi,3,14575.5,0.25,6376.22,Credit Card
ORD-12216,2025-08-18,CUST-1117,Customer 1117,Furniture,Office Furniture,Workstation,West,Ahmedabad,1,2937.6,0.2,549.91,Cash
ORD-14068,2025-08-18,CUST-1208,Customer 1208,Technology,Accessories,Headphones,North,Chandigarh,7,82264.0,0.0,16271.75,Credit Card
ORD-11298,2025-08-18,CUST-1643,Customer 1643,Technology,Laptops,Business Laptop,North,Lucknow,4,78432.0,0.05,35129.67,UPI
ORD-13534,2025-08-18,CUST-1075,Customer 1075,Furniture,Tables,Office Desk,South,Kochi,1,12413.7,0.1,3818.63,Debit Card
ORD-14135,2025-08-18,CUST-1171,Customer 1171,Office Supplies,Pens,Ball Pen,East,Patna,3,28941.3,0.1,4463.7,Debit Card
ORD-11734,2025-08-18,CUST-1135,Customer 1135,Appliances,Home Care,Air Purifier,South,Hyderabad,3,45722.4,0.2,19772.91,UPI
ORD-10117,2025-08-18,CUST-1756,Customer 1756,Technology,Tablets,Tablet 10,West,Pune,1,19938.6,0.05,4730.99,Net Banking
ORD-13750,2025-08-18,CUST-1214,Customer 1214,Furniture,Chairs,Visitor Chair,West,Ahmedabad,2,33870.6,0.1,11371.85,UPI
ORD-14429,2025-08-18,CUST-1540,Customer 1540,Office Supplies,Paper,A4 Paper,West,Ahmedabad,7,143311.7,0.15,41615.82,Debit Card
ORD-10972,2025-08-18,CUST-1550,Customer 1550,Office Supplies,Organizers,Document Tray,North,Jaipur,2,5689.8,0.1,1352.75,Credit Card
ORD-10373,2025-08-18,CUST-1111,Customer 1111,Furniture,Office Furniture,Workstation,East,Patna,3,49605.0,0.0,13049.13,Debit Card
ORD-10232,2025-08-19,CUST-1716,Customer 1716,Appliances,Kitchen,Mixer Grinder,East,Patna,2,17651.1,0.15,2643.77,Cash
ORD-12129,2025-08-19,CUST-1743,Customer 1743,Office Supplies,Paper,Premium Paper,South,Bengaluru,5,105359.75,0.05,45290.42,Net Banking
ORD-14761,2025-08-19,CUST-1195,Customer 1195,Office Supplies,Paper,Premium Paper,North,Delhi,6,19228.8,0.2,6000.43,Debit Card
ORD-12080,2025-08-19,CUST-1058,Customer 1058,Appliances,Fans,Table Fan,West,Ahmedabad,6,82905.6,0.15,9694.19,Cash
ORD-11876,2025-08-19,CUST-1434,Customer 1434,Appliances,Small Appliances,Blender,West,Ahmedabad,3,27013.5,0.1,3637.99,Cash
ORD-11218,2025-08-19,CUST-1528,Customer 1528,Furniture,Office Furniture,Workstation,West,Mumbai,7,2044.0,0.2,543.47,Cash
ORD-11304,2025-08-19,CUST-1533,Customer 1533,Furniture,Storage,Storage Box,West,Surat,5,10824.75,0.15,4729.57,Debit Card
ORD-12378,2025-08-19,CUST-1185,Customer 1185,Appliances,Home Care,Vacuum Cleaner,West,Surat,5,77220.0,0.1,25813.52,Credit Card
ORD-12451,2025-08-19,CUST-1747,Customer 1747,Office Supplies,Organizers,Document Tray,North,Lucknow,1,3952.8,0.2,1057.2,Credit Card
ORD-13267,2025-08-19,CUST-1772,Customer 1772,Appliances,Fans,Ceiling Fan,North,Delhi,1,9520.0,0.15,3495.91,Credit Card
ORD-10901,2025-08-19,CUST-1468,Customer 1468,Technology,Tablets,Tablet Pro,North,Jaipur,7,75868.45,0.15,33916.04,UPI
ORD-13176,2025-08-19,CUST-1041,Customer 1041,Furniture,Chairs,Ergonomic Chair,East,Patna,2,39736.8,0.1,13632.86,Credit Card
ORD-14455,2025-08-19,CUST-1506,Customer 1506,Office Supplies,Organizers,Desk Organizer,East,Patna,3,43452.0,0.2,6756.49,Debit Card
ORD-12626,2025-08-19,CUST-1195,Customer 1195,Furniture,Chairs,Visitor Chair,South,Bengaluru,6,2508.0,0.0,662.54,UPI
ORD-14890,2025-08-19,CUST-1081,Customer 1081,Office Supplies,Organizers,Document Tray,West,Ahmedabad,3,68582.4,0.05,18693.76,Credit Card
ORD-11341,2025-08-19,CUST-1504,Customer 1504,Office Supplies,Binders,Ring Binder,East,Bhubaneswar,2,14223.9,0.15,5999.39,Net Banking
ORD-11563,2025-08-20,CUST-1348,Customer 1348,Appliances,Small Appliances,Blender,East,Bhubaneswar,3,57931.2,0.2,14859.16,Debit Card
ORD-12195,2025-08-20,CUST-1618,Customer 1618,Technology,Laptops,Business Laptop,West,Mumbai,2,13049.6,0.2,3131.83,Debit Card
ORD-11185,2025-08-20,CUST-1364,Customer 1364,Appliances,Fans,Ceiling Fan,West,Surat,6,146898.0,0.0,52731.63,UPI
ORD-10718,2025-08-20,CUST-1203,Customer 1203,Appliances,Kitchen,Electric Kettle,South,Chennai,7,59099.25,0.25,12897.95,Cash
ORD-12384,2025-08-20,CUST-1650,Customer 1650,Furniture,Office Furniture,Workstation,West,Mumbai,1,17376.3,0.1,7336.4,UPI
ORD-14360,2025-08-20,CUST-1050,Customer 1050,Office Supplies,Pens,Ball Pen,South,Bengaluru,7,149165.1,0.1,53362.89,Debit Card
ORD-14043,2025-08-20,CUST-1511,Customer 1511,Office Supplies,Pens,Marker,West,Surat,5,62715.0,0.0,8186.91,Cash
ORD-14006,2025-08-20,CUST-1522,Customer 1522,Furniture,Tables,Office Desk,North,Delhi,7,154756.0,0.0,58348.36,Cash
ORD-10287,2025-08-20,CUST-1598,Customer 1598,Technology,Tablets,Tablet Pro,South,Kochi,1,14630.0,0.05,5824.54,Cash
ORD-11862,2025-08-20,CUST-1207,Customer 1207,Furniture,Office Furniture,Workstation,West,Pune,1,8004.6,0.1,877.96,UPI
ORD-10213,2025-08-20,CUST-1286,Customer 1286,Technology,Phones,Smartphone C,West,Surat,7,112325.15,0.05,13090.23,Credit Card
ORD-10986,2025-08-20,CUST-1072,Customer 1072,Furniture,Storage,Filing Cabinet,South,Chennai,2,17703.0,0.1,2781.83,UPI
ORD-13103,2025-08-20,CUST-1300,Customer 1300,Office Supplies,Pens,Marker,South,Chennai,3,42268.5,0.1,5054.68,Debit Card
ORD-11204,2025-08-21,CUST-1746,Customer 1746,Furniture,Chairs,Office Chair,West,Mumbai,1,18188.0,0.0,2392.54,Net Banking
ORD-10841,2025-08-21,CUST-1735,Customer 1735,Office Supplies,Binders,Ring Binder,East,Bhubaneswar,2,31773.7,0.05,13715.88,Credit Card
ORD-14326,2025-08-21,CUST-1772,Customer 1772,Technology,Tablets,Tablet 10,North,Chandigarh,2,27498.0,0.0,6711.46,Debit Card
ORD-13340,2025-08-21,CUST-1485,Customer 1485,Technology,Tablets,Tablet Pro,East,Bhubaneswar,4,12481.4,0.15,3432.07,Net Banking
ORD-14101,2025-08-21,CUST-1423,Customer 1423,Furniture,Office Furniture,Reception Desk,East,Patna,5,23530.5,0.1,3216.56,UPI
ORD-13164,2025-08-21,CUST-1493,Customer 1493,Technology,Accessories,Keyboard,South,Bengaluru,7,139188.35,0.15,32093.39,Net Banking
ORD-12342,2025-08-21,CUST-1228,Customer 1228,Office Supplies,Organizers,Desk Organizer,West,Surat,1,3220.2,0.1,1201.81,Credit Card
ORD-11202,2025-08-21,CUST-1384,Customer 1384,Furniture,Office Furniture,Reception Desk,North,Delhi,7,84852.95,0.15,27589.28,Cash
ORD-14083,2025-08-21,CUST-1237,Customer 1237,Office Supplies,Binders,Ring Binder,West,Pune,3,37143.0,0.0,7225.79,UPI
ORD-11532,2025-08-21,CUST-1119,Customer 1119,Furniture,Storage,Storage Box,North,Delhi,4,54153.0,0.25,16974.76,Net Banking
ORD-11669,2025-08-21,CUST-1255,Customer 1255,Office Supplies,Organizers,Desk Organizer,East,Patna,2,16628.8,0.2,2388.87,Cash
ORD-12974,2025-08-21,CUST-1304,Customer 1304,Office Supplies,Organizers,Document Tray,South,Hyderabad,5,15500.0,0.0,1710.56,Credit Card
ORD-14355,2025-08-21,CUST-1529,Customer 1529,Office Supplies,Binders,File Binder,South,Chennai,4,30535.2,0.1,7220.05,Debit Card
ORD-14845,2025-08-21,CUST-1081,Customer 1081,Office Supplies,Organizers,Document Tray,North,Lucknow,7,141470.0,0.0,45401.2,Credit Card
ORD-11350,2025-08-22,CUST-1311,Customer 1311,Technology,Accessories,USB Cable,West,Mumbai,3,35192.55,0.15,6222.45,Cash
ORD-12621,2025-08-22,CUST-1469,Customer 1469,Office Supplies,Organizers,Desk Organizer,East,Kolkata,1,1693.6,0.2,677.53,Cash
ORD-13944,2025-08-22,CUST-1742,Customer 1742,Furniture,Chairs,Ergonomic Chair,North,Jaipur,3,27476.25,0.15,7836.86,Debit Card
ORD-10371,2025-08-22,CUST-1761,Customer 1761,Appliances,Home Care,Air Purifier,South,Kochi,6,107126.4,0.2,38815.07,Net Banking
ORD-13272,2025-08-22,CUST-1375,Customer 1375,Office Supplies,Binders,File Binder,West,Pune,2,15310.0,0.0,3740.71,UPI
ORD-14977,2025-08-22,CUST-1551,Customer 1551,Office Supplies,Organizers,Document Tray,South,Chennai,7,44821.0,0.05,5803.72,UPI
ORD-11589,2025-08-22,CUST-1298,Customer 1298,Office Supplies,Organizers,Document Tray,East,Kolkata,2,6029.9,0.15,2484.73,Cash
ORD-12575,2025-08-22,CUST-1499,Customer 1499,Technology,Laptops,Laptop Pro,West,Ahmedabad,4,67773.0,0.05,20473.96,Cash
ORD-14938,2025-08-22,CUST-1258,Customer 1258,Technology,Phones,Smartphone C,East,Kolkata,3,34638.3,0.1,6482.41,Net Banking
ORD-12848,2025-08-22,CUST-1490,Customer 1490,Appliances,Kitchen,Mixer Grinder,South,Hyderabad,3,1637.1,0.15,290.29,Debit Card
ORD-11377,2025-08-22,CUST-1267,Customer 1267,Appliances,Fans,Table Fan,North,Chandigarh,2,11857.5,0.25,2005.22,Net Banking
ORD-14546,2025-08-22,CUST-1465,Customer 1465,Office Supplies,Organizers,Desk Organizer,North,Jaipur,1,1744.2,0.05,187.41,Cash
ORD-14522,2025-08-22,CUST-1767,Customer 1767,Office Supplies,Binders,Ring Binder,East,Kolkata,5,84667.5,0.1,35413.36,Credit Card
ORD-14085,2025-08-22,CUST-1630,Customer 1630,Technology,Tablets,Tablet 10,West,Mumbai,2,4456.8,0.1,692.51,UPI
ORD-14055,2025-08-22,CUST-1044,Customer 1044,Furniture,Storage,Bookshelf,South,Bengaluru,4,15192.4,0.05,3049.93,Cash
ORD-14562,2025-08-22,CUST-1612,Customer 1612,Furniture,Storage,Filing Cabinet,West,Mumbai,6,106087.5,0.25,18822.77,Cash
ORD-14361,2025-08-23,CUST-1272,Customer 1272,Furniture,Office Furniture,Reception Desk,East,Patna,4,71383.0,0.05,9504.67,UPI
ORD-12685,2025-08-23,CUST-1218,Customer 1218,Furniture,Chairs,Ergonomic Chair,West,Surat,4,8136.2,0.15,3305.42,UPI
ORD-12566,2025-08-23,CUST-1447,Customer 1447,Appliances,Fans,Table Fan,East,Bhubaneswar,3,6015.6,0.1,2657.88,UPI
ORD-11227,2025-08-23,CUST-1390,Customer 1390,Office Supplies,Organizers,Document Tray,North,Chandigarh,7,40438.65,0.05,9233.29,Net Banking
ORD-14564,2025-08-23,CUST-1741,Customer 1741,Technology,Phones,Smartphone C,East,Bhubaneswar,7,58676.8,0.2,9497.85,UPI
ORD-12405,2025-08-23,CUST-1218,Customer 1218,Office Supplies,Binders,File Binder,North,Delhi,3,63765.0,0.0,9905.09,UPI
ORD-11484,2025-08-23,CUST-1511,Customer 1511,Technology,Accessories,Keyboard,North,Jaipur,7,78573.6,0.1,31288.19,Debit Card
ORD-10734,2025-08-23,CUST-1308,Customer 1308,Appliances,Fans,Ceiling Fan,West,Surat,1,16749.9,0.1,4783.01,Debit Card
ORD-14182,2025-08-23,CUST-1440,Customer 1440,Technology,Tablets,Tablet 10,East,Bhubaneswar,1,3410.5,0.05,530.48,Debit Card
ORD-12524,2025-08-23,CUST-1434,Customer 1434,Appliances,Kitchen,Electric Kettle,South,Chennai,2,9968.0,0.0,4390.61,Net Banking
ORD-12077,2025-08-23,CUST-1070,Customer 1070,Appliances,Kitchen,Electric Kettle,South,Chennai,1,18698.4,0.1,2197.75,Net Banking
ORD-11057,2025-08-23,CUST-1159,Customer 1159,Appliances,Home Care,Air Purifier,East,Patna,7,74207.35,0.05,32933.8,Debit Card
ORD-12904,2025-08-23,CUST-1312,Customer 1312,Furniture,Tables,Meeting Table,East,Kolkata,5,55305.0,0.25,15925.58,Debit Card
ORD-14456,2025-08-24,CUST-1130,Customer 1130,Technology,Phones,Smartphone C,East,Patna,3,45258.75,0.25,9750.18,UPI
ORD-12969,2025-08-24,CUST-1547,Customer 1547,Office Supplies,Paper,Premium Paper,North,Jaipur,1,15561.95,0.05,2585.79,Debit Card
ORD-14743,2025-08-24,CUST-1421,Customer 1421,Appliances,Kitchen,Electric Kettle,North,Lucknow,4,63993.6,0.1,11843.66,Credit Card
ORD-13809,2025-08-24,CUST-1042,Customer 1042,Technology,Laptops,Business Laptop,South,Chennai,5,66960.0,0.2,10847.71,Net Banking
ORD-10644,2025-08-24,CUST-1354,Customer 1354,Technology,Laptops,Laptop Pro,South,Chennai,4,3798.0,0.1,1160.6,Credit Card
ORD-11610,2025-08-24,CUST-1348,Customer 1348,Office Supplies,Pens,Gel Pen,South,Kochi,7,115409.7,0.1,45888.05,UPI
ORD-12304,2025-08-24,CUST-1029,Customer 1029,Technology,Phones,Smartphone C,North,Lucknow,5,65328.75,0.25,11695.84,Debit Card
ORD-14574,2025-08-24,CUST-1388,Customer 1388,Technology,Laptops,Laptop Air,West,Surat,7,109782.75,0.25,48140.52,UPI
ORD-13307,2025-08-24,CUST-1280,Customer 1280,Furniture,Chairs,Visitor Chair,South,Chennai,3,50595.0,0.0,9941.18,Net Banking
ORD-13071,2025-08-24,CUST-1410,Customer 1410,Technology,Laptops,Business Laptop,South,Kochi,5,16508.0,0.2,5019.5,UPI
ORD-10757,2025-08-24,CUST-1638,Customer 1638,Furniture,Chairs,Office Chair,East,Kolkata,4,47016.0,0.1,8708.3,Net Banking
ORD-11165,2025-08-24,CUST-1520,Customer 1520,Technology,Laptops,Business Laptop,South,Kochi,2,21232.0,0.0,5626.58,Debit Card
ORD-11385,2025-08-24,CUST-1331,Customer 1331,Technology,Tablets,Tablet 10,East,Bhubaneswar,3,64721.7,0.1,11240.49,UPI
ORD-13612,2025-08-24,CUST-1320,Customer 1320,Office Supplies,Binders,Ring Binder,South,Chennai,7,72114.0,0.15,8198.93,Net Banking
ORD-10055,2025-08-24,CUST-1612,Customer 1612,Office Supplies,Paper,A4 Paper,West,Surat,5,24671.5,0.05,8023.95,Cash
ORD-11421,2025-08-24,CUST-1650,Customer 1650,Technology,Accessories,Headphones,North,Jaipur,6,54064.8,0.1,7013.42,Net Banking
ORD-12553,2025-08-24,CUST-1096,Customer 1096,Technology,Tablets,Tablet Pro,West,Pune,1,2136.0,0.2,722.15,UPI
ORD-14800,2025-08-25,CUST-1146,Customer 1146,Office Supplies,Paper,Premium Paper,East,Patna,1,12993.95,0.15,3312.23,Debit Card
ORD-13552,2025-08-25,CUST-1749,Customer 1749,Technology,Phones,Smartphone A,West,Ahmedabad,5,91868.0,0.2,29130.93,Credit Card
ORD-11915,2025-08-25,CUST-1359,Customer 1359,Appliances,Kitchen,Mixer Grinder,East,Patna,7,99463.0,0.0,32732.12,Net Banking
ORD-10334,2025-08-25,CUST-1434,Customer 1434,Office Supplies,Organizers,Document Tray,South,Chennai,6,107308.8,0.1,27771.05,Net Banking
ORD-10520,2025-08-25,CUST-1575,Customer 1575,Furniture,Tables,Office Desk,East,Kolkata,7,101556.0,0.2,42267.05,Credit Card
ORD-14532,2025-08-25,CUST-1644,Customer 1644,Furniture,Chairs,Ergonomic Chair,East,Patna,2,35852.4,0.1,12475.67,Cash
ORD-13620,2025-08-25,CUST-1795,Customer 1795,Technology,Phones,Smartphone B,North,Jaipur,2,21883.2,0.2,5609.96,UPI
ORD-14484,2025-08-25,CUST-1114,Customer 1114,Appliances,Small Appliances,Blender,East,Bhubaneswar,3,49264.2,0.1,13400.77,Net Banking
ORD-11018,2025-08-25,CUST-1378,Customer 1378,Office Supplies,Organizers,Document Tray,South,Chennai,2,25833.6,0.1,7079.63,UPI
ORD-11713,2025-08-26,CUST-1678,Customer 1678,Technology,Phones,Smartphone B,North,Chandigarh,7,112121.8,0.15,20821.65,Net Banking
ORD-12920,2025-08-26,CUST-1540,Customer 1540,Furniture,Office Furniture,Reception Desk,North,Jaipur,5,26614.25,0.05,8829.43,Credit Card
ORD-10794,2025-08-26,CUST-1072,Customer 1072,Appliances,Kitchen,Mixer Grinder,South,Bengaluru,3,11037.0,0.0,2533.76,Net Banking
ORD-13506,2025-08-26,CUST-1510,Customer 1510,Furniture,Chairs,Visitor Chair,North,Jaipur,1,16766.4,0.2,6162.81,Debit Card
ORD-13651,2025-08-26,CUST-1193,Customer 1193,Furniture,Tables,Office Desk,West,Ahmedabad,1,16378.0,0.0,5988.49,Debit Card
ORD-14016,2025-08-26,CUST-1653,Customer 1653,Furniture,Storage,Bookshelf,West,Surat,1,15924.85,0.05,3520.17,Debit Card
ORD-10167,2025-08-26,CUST-1649,Customer 1649,Appliances,Home Care,Vacuum Cleaner,West,Surat,4,8793.2,0.05,2132.62,Net Banking
ORD-10725,2025-08-26,CUST-1690,Customer 1690,Technology,Accessories,Wireless Mouse,North,Delhi,7,131145.0,0.0,53449.66,Cash
ORD-11294,2025-08-26,CUST-1315,Customer 1315,Technology,Accessories,Wireless Mouse,West,Surat,7,68169.15,0.05,17492.24,Net Banking
ORD-10930,2025-08-26,CUST-1261,Customer 1261,Technology,Accessories,USB Cable,South,Chennai,2,37063.3,0.05,8665.18,Net Banking
ORD-13822,2025-08-26,CUST-1582,Customer 1582,Furniture,Storage,Storage Box,East,Kolkata,1,1061.15,0.05,368.37,Net Banking
ORD-14699,2025-08-26,CUST-1573,Customer 1573,Furniture,Chairs,Office Chair,South,Hyderabad,3,17028.75,0.05,6743.37,Net Banking
ORD-12329,2025-08-26,CUST-1099,Customer 1099,Office Supplies,Paper,A4 Paper,North,Chandigarh,2,8998.1,0.15,907.46,Cash
ORD-12438,2025-08-27,CUST-1379,Customer 1379,Office Supplies,Organizers,Desk Organizer,West,Pune,6,106635.6,0.05,17568.24,Debit Card
ORD-10076,2025-08-27,CUST-1712,Customer 1712,Furniture,Chairs,Office Chair,East,Guwahati,4,1360.0,0.2,302.09,Credit Card
ORD-12804,2025-08-27,CUST-1729,Customer 1729,Appliances,Kitchen,Mixer Grinder,North,Lucknow,4,1553.8,0.15,316.89,Net Banking
ORD-14512,2025-08-27,CUST-1198,Customer 1198,Appliances,Home Care,Air Purifier,South,Kochi,1,11184.0,0.2,4432.19,Net Banking
ORD-10145,2025-08-27,CUST-1528,Customer 1528,Appliances,Kitchen,Mixer Grinder,East,Guwahati,5,39197.75,0.15,4392.28,Net Banking
ORD-12705,2025-08-27,CUST-1113,Customer 1113,Appliances,Small Appliances,Blender,South,Bengaluru,7,28197.05,0.15,12320.98,Cash
ORD-12311,2025-08-27,CUST-1491,Customer 1491,Furniture,Chairs,Office Chair,East,Bhubaneswar,5,5490.0,0.1,2313.2,Credit Card
ORD-13336,2025-08-27,CUST-1422,Customer 1422,Technology,Accessories,USB Cable,North,Jaipur,1,22781.95,0.05,3199.14,Credit Card
ORD-11684,2025-08-27,CUST-1379,Customer 1379,Technology,Accessories,Keyboard,West,Pune,3,46737.0,0.0,12268.84,Net Banking
ORD-14667,2025-08-28,CUST-1489,Customer 1489,Furniture,Tables,Study Table,East,Guwahati,2,40834.8,0.1,8433.42,Net Banking
ORD-11626,2025-08-28,CUST-1730,Customer 1730,Office Supplies,Organizers,Document Tray,East,Guwahati,1,2971.2,0.2,839.46,Debit Card
ORD-12380,2025-08-28,CUST-1643,Customer 1643,Appliances,Kitchen,Mixer Grinder,West,Mumbai,2,38723.4,0.1,5908.07,Debit Card
ORD-12638,2025-08-28,CUST-1075,Customer 1075,Furniture,Tables,Office Desk,West,Mumbai,7,130114.6,0.15,40161.12,Cash
ORD-14476,2025-08-28,CUST-1216,Customer 1216,Office Supplies,Pens,Gel Pen,East,Kolkata,7,123620.0,0.0,51881.2,Credit Card
ORD-14727,2025-08-28,CUST-1634,Customer 1634,Technology,Accessories,USB Cable,South,Kochi,2,20129.4,0.1,6555.17,Debit Card
ORD-11249,2025-08-28,CUST-1145,Customer 1145,Furniture,Storage,Storage Box,East,Bhubaneswar,5,51420.0,0.0,14127.1,Debit Card
ORD-14334,2025-08-28,CUST-1480,Customer 1480,Technology,Laptops,Laptop Pro,South,Chennai,2,7213.1,0.15,1385.51,Cash
ORD-11238,2025-08-28,CUST-1204,Customer 1204,Appliances,Kitchen,Electric Kettle,South,Bengaluru,7,129953.95,0.15,31464.4,Debit Card
ORD-10717,2025-08-28,CUST-1111,Customer 1111,Office Supplies,Binders,File Binder,South,Chennai,6,57262.8,0.15,10700.46,Debit Card
ORD-12584,2025-08-28,CUST-1179,Customer 1179,Furniture,Storage,Storage Box,North,Lucknow,3,28300.5,0.05,12426.69,Credit Card
ORD-14214,2025-08-28,CUST-1437,Customer 1437,Technology,Phones,Smartphone B,South,Bengaluru,5,13026.25,0.15,4084.88,Credit Card
ORD-13564,2025-08-29,CUST-1714,Customer 1714,Appliances,Fans,Ceiling Fan,North,Jaipur,3,61281.9,0.1,12197.58,Net Banking
ORD-14559,2025-08-29,CUST-1534,Customer 1534,Furniture,Office Furniture,Workstation,South,Chennai,3,53549.1,0.1,20961.81,Debit Card
ORD-11654,2025-08-29,CUST-1371,Customer 1371,Office Supplies,Organizers,Desk Organizer,East,Guwahati,3,61029.9,0.05,25652.86,UPI
ORD-10087,2025-08-29,CUST-1192,Customer 1192,Furniture,Tables,Office Desk,West,Pune,7,60870.6,0.1,26062.31,UPI
ORD-11704,2025-08-29,CUST-1776,Customer 1776,Office Supplies,Binders,Ring Binder,East,Guwahati,1,20811.65,0.05,3132.77,Credit Card
ORD-14265,2025-08-29,CUST-1743,Customer 1743,Technology,Laptops,Laptop Pro,South,Bengaluru,6,65412.0,0.0,6787.27,Debit Card
ORD-11151,2025-08-29,CUST-1179,Customer 1179,Technology,Accessories,USB Cable,West,Mumbai,3,52189.2,0.05,6109.13,Net Banking
ORD-14494,2025-08-29,CUST-1679,Customer 1679,Appliances,Fans,Ceiling Fan,West,Pune,5,77800.0,0.0,33241.35,Cash
ORD-11143,2025-08-29,CUST-1261,Customer 1261,Appliances,Fans,Ceiling Fan,South,Hyderabad,5,60796.25,0.15,25267.36,UPI
ORD-10383,2025-08-29,CUST-1492,Customer 1492,Appliances,Home Care,Vacuum Cleaner,South,Hyderabad,2,11090.3,0.05,2740.22,Credit Card
ORD-14474,2025-08-29,CUST-1550,Customer 1550,Appliances,Kitchen,Mixer Grinder,East,Guwahati,1,10488.0,0.2,3185.43,UPI
ORD-13031,2025-08-29,CUST-1724,Customer 1724,Office Supplies,Paper,Premium Paper,East,Patna,1,13285.8,0.1,1509.89,Debit Card
ORD-12605,2025-08-30,CUST-1639,Customer 1639,Office Supplies,Binders,File Binder,North,Chandigarh,1,10577.0,0.0,4029.43,Net Banking
ORD-14989,2025-08-30,CUST-1792,Customer 1792,Office Supplies,Binders,File Binder,East,Patna,5,68180.0,0.2,28816.56,Debit Card
ORD-10017,2025-08-30,CUST-1632,Customer 1632,Appliances,Kitchen,Electric Kettle,East,Patna,3,39177.0,0.0,5035.08,Net Banking
ORD-14856,2025-08-30,CUST-1280,Customer 1280,Appliances,Small Appliances,Blender,South,Chennai,4,6646.4,0.2,2527.12,Net Banking
ORD-14808,2025-08-30,CUST-1565,Customer 1565,Technology,Tablets,Tablet 10,North,Lucknow,1,13781.65,0.05,3090.33,Net Banking
ORD-11003,2025-08-30,CUST-1517,Customer 1517,Technology,Accessories,Keyboard,North,Delhi,2,7542.4,0.2,964.75,Credit Card
ORD-14975,2025-08-30,CUST-1519,Customer 1519,Appliances,Small Appliances,Toaster,East,Patna,5,71022.0,0.05,14460.87,Net Banking
ORD-14811,2025-08-30,CUST-1708,Customer 1708,Technology,Accessories,Headphones,West,Pune,1,8787.6,0.1,944.49,UPI
ORD-10664,2025-08-30,CUST-1672,Customer 1672,Furniture,Chairs,Office Chair,South,Chennai,2,41079.9,0.05,14819.06,Credit Card
ORD-12110,2025-08-30,CUST-1524,Customer 1524,Furniture,Office Furniture,Workstation,West,Surat,2,28112.9,0.15,7634.78,Credit Card
ORD-13394,2025-08-30,CUST-1653,Customer 1653,Appliances,Kitchen,Mixer Grinder,West,Pune,2,1560.6,0.1,248.02,Debit Card
ORD-13396,2025-08-30,CUST-1692,Customer 1692,Office Supplies,Organizers,Document Tray,South,Bengaluru,1,2679.0,0.05,727.79,Cash
ORD-11730,2025-08-30,CUST-1140,Customer 1140,Furniture,Storage,Filing Cabinet,South,Hyderabad,2,18986.0,0.0,7174.63,UPI
ORD-11169,2025-08-30,CUST-1514,Customer 1514,Office Supplies,Binders,Ring Binder,West,Surat,4,9526.6,0.05,1186.08,Net Banking
ORD-11816,2025-08-31,CUST-1287,Customer 1287,Office Supplies,Pens,Marker,South,Kochi,2,9520.0,0.0,2529.18,Debit Card
ORD-14650,2025-08-31,CUST-1485,Customer 1485,Furniture,Office Furniture,Workstation,South,Chennai,7,35369.25,0.25,6634.79,Debit Card
ORD-13158,2025-08-31,CUST-1357,Customer 1357,Office Supplies,Organizers,Desk Organizer,South,Hyderabad,6,56997.0,0.25,14909.4,Net Banking
ORD-13658,2025-08-31,CUST-1151,Customer 1151,Appliances,Fans,Ceiling Fan,North,Lucknow,6,31620.0,0.15,12933.12,Net Banking
ORD-12597,2025-08-31,CUST-1374,Customer 1374,Office Supplies,Binders,Ring Binder,North,Jaipur,2,40429.8,0.1,16780.38,Debit Card
ORD-12506,2025-08-31,CUST-1413,Customer 1413,Office Supplies,Organizers,Document Tray,North,Jaipur,4,29155.0,0.15,12337.72,Credit Card
ORD-11423,2025-08-31,CUST-1725,Customer 1725,Office Supplies,Paper,Premium Paper,East,Patna,3,59229.9,0.1,13101.82,Debit Card
ORD-10250,2025-08-31,CUST-1566,Customer 1566,Office Supplies,Organizers,Desk Organizer,East,Kolkata,6,134487.0,0.1,24545.86,UPI
ORD-14593,2025-08-31,CUST-1062,Customer 1062,Furniture,Chairs,Ergonomic Chair,East,Guwahati,4,59353.2,0.1,18965.96,UPI
ORD-11159,2025-08-31,CUST-1432,Customer 1432,Appliances,Small Appliances,Blender,South,Hyderabad,7,141621.9,0.15,54315.39,Debit Card
ORD-11515,2025-08-31,CUST-1297,Customer 1297,Appliances,Small Appliances,Blender,East,Bhubaneswar,2,42618.6,0.1,12901.13,Credit Card
ORD-14247,2025-09-01,CUST-1385,Customer 1385,Office Supplies,Organizers,Document Tray,West,Surat,4,62708.4,0.1,20969.51,Credit Card
ORD-10995,2025-09-01,CUST-1730,Customer 1730,Appliances,Fans,Ceiling Fan,South,Bengaluru,1,12017.7,0.1,4200.55,Credit Card
ORD-13490,2025-09-01,CUST-1644,Customer 1644,Furniture,Office Furniture,Workstation,West,Surat,6,35841.6,0.05,10931.73,Debit Card
ORD-10678,2025-09-01,CUST-1443,Customer 1443,Appliances,Small Appliances,Toaster,South,Bengaluru,7,80396.4,0.15,23681.04,Debit Card
ORD-10829,2025-09-01,CUST-1031,Customer 1031,Office Supplies,Binders,Ring Binder,East,Bhubaneswar,4,63129.4,0.05,9542.78,UPI
ORD-13735,2025-09-01,CUST-1499,Customer 1499,Furniture,Chairs,Ergonomic Chair,North,Jaipur,3,59138.1,0.1,13776.82,Net Banking
ORD-10458,2025-09-01,CUST-1779,Customer 1779,Appliances,Home Care,Vacuum Cleaner,West,Mumbai,5,9476.25,0.05,3657.78,UPI
ORD-12516,2025-09-01,CUST-1503,Customer 1503,Appliances,Kitchen,Electric Kettle,North,Chandigarh,3,46920.0,0.2,14368.44,Net Banking
ORD-11046,2025-09-01,CUST-1143,Customer 1143,Office Supplies,Binders,Ring Binder,East,Guwahati,4,21107.2,0.15,4839.39,Credit Card
ORD-11906,2025-09-01,CUST-1740,Customer 1740,Furniture,Tables,Meeting Table,East,Bhubaneswar,3,44881.8,0.05,11848.66,UPI
ORD-13893,2025-09-01,CUST-1216,Customer 1216,Appliances,Small Appliances,Blender,South,Chennai,3,12280.5,0.25,3136.98,Cash
ORD-13335,2025-09-01,CUST-1153,Customer 1153,Office Supplies,Pens,Marker,West,Pune,5,77891.25,0.25,31176.4,Net Banking
ORD-13623,2025-09-01,CUST-1298,Customer 1298,Appliances,Small Appliances,Toaster,West,Surat,3,7458.45,0.05,1868.61,Debit Card
ORD-11257,2025-09-01,CUST-1544,Customer 1544,Furniture,Office Furniture,Workstation,West,Surat,2,23371.6,0.15,7159.78,Credit Card
ORD-11578,2025-09-01,CUST-1379,Customer 1379,Furniture,Office Furniture,Workstation,South,Chennai,7,144811.1,0.15,48451.83,Credit Card
ORD-10133,2025-09-01,CUST-1534,Customer 1534,Technology,Tablets,Tablet Pro,West,Surat,3,54158.4,0.2,12833.29,UPI
ORD-14207,2025-09-01,CUST-1436,Customer 1436,Appliances,Fans,Ceiling Fan,North,Lucknow,1,9802.1,0.05,4107.51,Net Banking
ORD-13220,2025-09-01,CUST-1240,Customer 1240,Appliances,Fans,Table Fan,South,Kochi,6,89661.6,0.1,11480.42,Net Banking
ORD-10399,2025-09-01,CUST-1314,Customer 1314,Appliances,Small Appliances,Blender,East,Bhubaneswar,1,19588.8,0.2,3471.12,Cash
ORD-11045,2025-09-01,CUST-1434,Customer 1434,Furniture,Storage,Storage Box,East,Bhubaneswar,3,52446.0,0.0,10782.88,Credit Card
ORD-11329,2025-09-02,CUST-1077,Customer 1077,Furniture,Chairs,Visitor Chair,West,Surat,1,20005.0,0.0,7699.07,Cash
ORD-12047,2025-09-02,CUST-1214,Customer 1214,Furniture,Tables,Meeting Table,North,Chandigarh,1,2812.0,0.0,1176.95,Credit Card
ORD-10013,2025-09-02,CUST-1210,Customer 1210,Office Supplies,Organizers,Desk Organizer,East,Guwahati,5,99636.0,0.2,22665.72,UPI
ORD-13991,2025-09-02,CUST-1515,Customer 1515,Appliances,Fans,Table Fan,South,Kochi,4,27595.6,0.05,8624.53,Net Banking
ORD-11707,2025-09-02,CUST-1582,Customer 1582,Office Supplies,Organizers,Desk Organizer,East,Bhubaneswar,1,12701.25,0.25,3476.74,UPI
ORD-10177,2025-09-02,CUST-1492,Customer 1492,Office Supplies,Binders,File Binder,South,Hyderabad,4,97300.0,0.0,43101.62,Net Banking
ORD-13979,2025-09-02,CUST-1580,Customer 1580,Technology,Tablets,Tablet Pro,West,Mumbai,2,43466.0,0.0,16772.27,Debit Card
ORD-14400,2025-09-02,CUST-1563,Customer 1563,Office Supplies,Pens,Marker,East,Bhubaneswar,6,141552.0,0.0,29544.28,UPI
ORD-10006,2025-09-02,CUST-1768,Customer 1768,Appliances,Small Appliances,Blender,East,Patna,2,36752.0,0.2,14023.61,Debit Card
ORD-14990,2025-09-02,CUST-1637,Customer 1637,Appliances,Kitchen,Electric Kettle,East,Kolkata,1,21587.8,0.05,9187.91,Cash
ORD-14551,2025-09-02,CUST-1122,Customer 1122,Furniture,Office Furniture,Workstation,North,Delhi,7,71310.75,0.25,14735.94,Debit Card
ORD-14015,2025-09-02,CUST-1097,Customer 1097,Technology,Accessories,Headphones,South,Hyderabad,5,64600.0,0.05,23144.58,Credit Card
ORD-13124,2025-09-02,CUST-1495,Customer 1495,Office Supplies,Paper,Premium Paper,South,Bengaluru,5,51498.0,0.1,6262.16,Net Banking
ORD-13068,2025-09-02,CUST-1447,Customer 1447,Technology,Accessories,Keyboard,East,Guwahati,6,46602.0,0.1,8761.72,Cash
ORD-14724,2025-09-02,CUST-1513,Customer 1513,Appliances,Small Appliances,Blender,West,Surat,3,65828.7,0.1,10819.3,Debit Card
ORD-11985,2025-09-02,CUST-1452,Customer 1452,Furniture,Office Furniture,Reception Desk,West,Pune,6,16116.0,0.15,2646.04,Cash
ORD-14915,2025-09-02,CUST-1554,Customer 1554,Office Supplies,Organizers,Document Tray,South,Bengaluru,2,33499.2,0.2,8640.44,Cash
ORD-10625,2025-09-03,CUST-1101,Customer 1101,Technology,Laptops,Laptop Pro,North,Chandigarh,3,36201.0,0.0,12774.97,UPI
ORD-12619,2025-09-03,CUST-1772,Customer 1772,Office Supplies,Organizers,Desk Organizer,West,Pune,7,121116.8,0.2,50056.74,Credit Card
ORD-14814,2025-09-03,CUST-1685,Customer 1685,Appliances,Home Care,Vacuum Cleaner,West,Mumbai,4,71789.6,0.05,21624.6,UPI
ORD-13025,2025-09-03,CUST-1597,Customer 1597,Office Supplies,Pens,Marker,West,Surat,6,82166.1,0.15,28109.56,Cash
ORD-13940,2025-09-03,CUST-1495,Customer 1495,Office Supplies,Binders,File Binder,South,Chennai,3,39378.45,0.05,11977.16,Credit Card
ORD-14118,2025-09-03,CUST-1614,Customer 1614,Office Supplies,Organizers,Desk Organizer,North,Delhi,5,10890.0,0.1,4508.85,Net Banking
ORD-11133,2025-09-03,CUST-1266,Customer 1266,Furniture,Tables,Meeting Table,West,Surat,2,9977.4,0.1,3173.23,Net Banking
ORD-12938,2025-09-03,CUST-1406,Customer 1406,Technology,Tablets,Tablet 10,South,Kochi,6,89770.2,0.15,24432.92,Credit Card
ORD-10737,2025-09-03,CUST-1373,Customer 1373,Appliances,Small Appliances,Blender,West,Surat,7,35708.4,0.1,11010.95,Credit Card
ORD-11672,2025-09-03,CUST-1201,Customer 1201,Technology,Phones,Smartphone A,East,Kolkata,7,96511.45,0.05,40279.85,Net Banking
ORD-12985,2025-09-03,CUST-1203,Customer 1203,Appliances,Home Care,Air Purifier,South,Kochi,2,26414.6,0.15,9958.91,Net Banking
ORD-10745,2025-09-03,CUST-1007,Customer 1007,Office Supplies,Organizers,Desk Organizer,West,Pune,6,125161.2,0.1,54413.04,Cash
ORD-12473,2025-09-03,CUST-1119,Customer 1119,Office Supplies,Binders,Ring Binder,West,Pune,1,18502.8,0.15,4411.54,UPI
ORD-10686,2025-09-04,CUST-1507,Customer 1507,Furniture,Storage,Filing Cabinet,South,Kochi,6,92656.8,0.15,25124.16,Credit Card
ORD-10808,2025-09-04,CUST-1529,Customer 1529,Technology,Tablets,Tablet 10,South,Kochi,6,9052.5,0.15,1828.42,UPI
ORD-13488,2025-09-04,CUST-1462,Customer 1462,Office Supplies,Binders,File Binder,South,Bengaluru,4,58528.0,0.2,26228.08,UPI
ORD-11215,2025-09-04,CUST-1480,Customer 1480,Furniture,Tables,Office Desk,North,Chandigarh,2,14481.0,0.1,4121.26,UPI
ORD-12489,2025-09-04,CUST-1520,Customer 1520,Appliances,Small Appliances,Blender,South,Kochi,1,13435.2,0.1,4974.18,Credit Card
ORD-10999,2025-09-04,CUST-1395,Customer 1395,Appliances,Fans,Ceiling Fan,West,Pune,6,49920.0,0.2,8023.38,UPI
ORD-10909,2025-09-04,CUST-1255,Customer 1255,Office Supplies,Paper,A4 Paper,South,Kochi,1,8204.2,0.15,2539.75,Debit Card
ORD-13932,2025-09-04,CUST-1764,Customer 1764,Technology,Accessories,Headphones,South,Bengaluru,6,32173.2,0.1,6078.45,Credit Card
ORD-13920,2025-09-04,CUST-1213,Customer 1213,Office Supplies,Binders,File Binder,South,Bengaluru,3,42606.0,0.1,17585.1,Debit Card
ORD-11152,2025-09-04,CUST-1676,Customer 1676,Technology,Tablets,Tablet 10,West,Surat,2,19017.9,0.15,6156.58,Cash
ORD-14181,2025-09-04,CUST-1113,Customer 1113,Office Supplies,Pens,Ball Pen,South,Hyderabad,5,17748.0,0.2,2054.25,Net Banking
ORD-10669,2025-09-04,CUST-1297,Customer 1297,Technology,Tablets,Tablet 10,North,Jaipur,2,34630.7,0.15,13450.22,Net Banking
ORD-13117,2025-09-04,CUST-1105,Customer 1105,Technology,Accessories,USB Cable,East,Guwahati,7,87857.7,0.15,12245.82,Debit Card
ORD-14245,2025-09-04,CUST-1085,Customer 1085,Appliances,Kitchen,Mixer Grinder,West,Mumbai,4,79914.0,0.05,20843.47,Cash
ORD-13333,2025-09-04,CUST-1660,Customer 1660,Furniture,Chairs,Ergonomic Chair,East,Patna,6,72355.8,0.05,12468.64,Debit Card
ORD-10559,2025-09-04,CUST-1291,Customer 1291,Appliances,Fans,Ceiling Fan,East,Kolkata,4,68377.2,0.05,11734.61,Credit Card
ORD-10195,2025-09-05,CUST-1278,Customer 1278,Office Supplies,Pens,Gel Pen,East,Kolkata,4,83816.6,0.05,18955.05,Cash
ORD-11408,2025-09-05,CUST-1282,Customer 1282,Technology,Accessories,Headphones,North,Jaipur,3,73431.0,0.0,23654.57,Cash
ORD-11611,2025-09-05,CUST-1340,Customer 1340,Technology,Phones,Smartphone A,West,Mumbai,2,4199.4,0.1,658.66,Debit Card
ORD-14598,2025-09-05,CUST-1085,Customer 1085,Technology,Laptops,Laptop Pro,South,Bengaluru,1,6635.1,0.15,1650.82,Cash
ORD-11120,2025-09-05,CUST-1721,Customer 1721,Furniture,Office Furniture,Workstation,South,Hyderabad,4,18105.6,0.2,7645.84,UPI
ORD-14463,2025-09-05,CUST-1145,Customer 1145,Appliances,Home Care,Air Purifier,North,Jaipur,5,27474.0,0.05,5352.32,Credit Card
ORD-10666,2025-09-05,CUST-1570,Customer 1570,Technology,Tablets,Tablet Pro,West,Ahmedabad,5,101830.0,0.15,39655.49,UPI
ORD-11930,2025-09-05,CUST-1164,Customer 1164,Office Supplies,Organizers,Document Tray,West,Mumbai,6,70262.7,0.15,17032.55,UPI
ORD-13494,2025-09-05,CUST-1250,Customer 1250,Furniture,Chairs,Office Chair,East,Kolkata,5,2320.5,0.15,953.94,Credit Card
ORD-12853,2025-09-05,CUST-1405,Customer 1405,Office Supplies,Organizers,Desk Organizer,East,Guwahati,6,82279.8,0.1,14541.56,UPI
ORD-12653,2025-09-05,CUST-1130,Customer 1130,Appliances,Kitchen,Mixer Grinder,East,Kolkata,3,39273.0,0.05,10619.44,Net Banking
ORD-13230,2025-09-05,CUST-1440,Customer 1440,Furniture,Office Furniture,Workstation,East,Kolkata,6,127686.0,0.0,28116.2,Credit Card
ORD-13499,2025-09-05,CUST-1232,Customer 1232,Furniture,Storage,Storage Box,North,Chandigarh,2,10293.5,0.15,2664.76,Cash
ORD-14025,2025-09-06,CUST-1549,Customer 1549,Furniture,Office Furniture,Reception Desk,West,Surat,4,79894.8,0.1,17230.87,Credit Card
ORD-14526,2025-09-06,CUST-1580,Customer 1580,Appliances,Home Care,Vacuum Cleaner,North,Jaipur,5,45283.5,0.1,5310.86,Net Banking
ORD-10351,2025-09-06,CUST-1199,Customer 1199,Appliances,Fans,Table Fan,West,Mumbai,7,145977.3,0.15,42971.99,Credit Card
ORD-12889,2025-09-06,CUST-1673,Customer 1673,Technology,Laptops,Laptop Air,East,Guwahati,5,38015.0,0.0,9164.16,Net Banking
ORD-14391,2025-09-06,CUST-1320,Customer 1320,Appliances,Kitchen,Mixer Grinder,West,Surat,3,20994.15,0.15,2593.7,Net Banking
ORD-10473,2025-09-06,CUST-1612,Customer 1612,Office Supplies,Organizers,Desk Organizer,North,Jaipur,3,24069.0,0.0,5154.1,Credit Card
ORD-14419,2025-09-06,CUST-1092,Customer 1092,Office Supplies,Binders,File Binder,West,Surat,4,19030.4,0.05,6471.27,Cash
ORD-14470,2025-09-06,CUST-1719,Customer 1719,Technology,Accessories,USB Cable,East,Bhubaneswar,4,84901.4,0.15,35649.56,UPI
ORD-13959,2025-09-06,CUST-1331,Customer 1331,Technology,Laptops,Laptop Air,East,Kolkata,5,34200.0,0.2,4512.81,Net Banking
ORD-13863,2025-09-06,CUST-1651,Customer 1651,Office Supplies,Pens,Gel Pen,West,Mumbai,4,83422.8,0.1,16755.67,Debit Card
ORD-10849,2025-09-06,CUST-1219,Customer 1219,Office Supplies,Binders,Ring Binder,West,Ahmedabad,3,42237.0,0.05,16944.95,Credit Card
ORD-11856,2025-09-06,CUST-1570,Customer 1570,Furniture,Chairs,Visitor Chair,East,Kolkata,7,92282.05,0.05,11049.6,Net Banking
ORD-13995,2025-09-06,CUST-1732,Customer 1732,Furniture,Storage,Storage Box,West,Ahmedabad,2,17537.6,0.2,5555.27,UPI
ORD-14047,2025-09-06,CUST-1463,Customer 1463,Furniture,Tables,Study Table,West,Surat,5,10327.5,0.1,4610.6,UPI
ORD-10869,2025-09-06,CUST-1113,Customer 1113,Office Supplies,Binders,Ring Binder,South,Bengaluru,5,67791.75,0.15,24723.12,Cash
ORD-14944,2025-09-06,CUST-1456,Customer 1456,Office Supplies,Binders,File Binder,East,Bhubaneswar,5,62590.0,0.0,24822.1,Cash
ORD-14000,2025-09-06,CUST-1267,Customer 1267,Furniture,Office Furniture,Reception Desk,North,Lucknow,6,116525.1,0.05,29344.02,Credit Card
ORD-10018,2025-09-06,CUST-1180,Customer 1180,Appliances,Kitchen,Mixer Grinder,West,Ahmedabad,6,91065.6,0.15,9733.53,Cash
ORD-11947,2025-09-06,CUST-1039,Customer 1039,Technology,Laptops,Laptop Air,East,Patna,5,5244.5,0.15,1244.7,Credit Card
ORD-11709,2025-09-07,CUST-1124,Customer 1124,Appliances,Small Appliances,Blender,North,Jaipur,1,16380.0,0.1,6262.73,Net Banking
ORD-14255,2025-09-07,CUST-1325,Customer 1325,Appliances,Kitchen,Mixer Grinder,North,Lucknow,5,6817.5,0.1,2890.9,Debit Card
ORD-12880,2025-09-07,CUST-1512,Customer 1512,Appliances,Small Appliances,Blender,East,Patna,3,62202.6,0.1,12803.69,Debit Card
ORD-13529,2025-09-07,CUST-1710,Customer 1710,Appliances,Small Appliances,Blender,East,Bhubaneswar,2,23763.2,0.2,6991.69,UPI
ORD-13892,2025-09-07,CUST-1318,Customer 1318,Office Supplies,Binders,Ring Binder,West,Mumbai,2,4598.5,0.15,1800.35,Debit Card
ORD-12194,2025-09-07,CUST-1274,Customer 1274,Technology,Tablets,Tablet Pro,East,Bhubaneswar,5,53917.25,0.05,12316.59,Net Banking
ORD-14830,2025-09-07,CUST-1107,Customer 1107,Office Supplies,Organizers,Document Tray,West,Pune,7,35916.65,0.05,12643.62,Net Banking
ORD-13210,2025-09-07,CUST-1754,Customer 1754,Technology,Phones,Smartphone A,East,Patna,7,151851.0,0.0,27187.64,Credit Card
ORD-10229,2025-09-07,CUST-1271,Customer 1271,Technology,Accessories,Wireless Mouse,East,Guwahati,2,30484.0,0.0,7601.64,Cash
ORD-12576,2025-09-07,CUST-1063,Customer 1063,Furniture,Chairs,Visitor Chair,West,Pune,6,39857.4,0.1,9220.72,Net Banking
ORD-12843,2025-09-07,CUST-1510,Customer 1510,Technology,Tablets,Tablet 10,East,Patna,1,7176.3,0.05,2776.76,Net Banking
ORD-12293,2025-09-07,CUST-1491,Customer 1491,Office Supplies,Binders,File Binder,East,Bhubaneswar,2,8103.5,0.05,3137.62,Credit Card
ORD-13092,2025-09-07,CUST-1205,Customer 1205,Furniture,Tables,Meeting Table,East,Bhubaneswar,1,3373.6,0.2,1002.16,Cash
ORD-13443,2025-09-07,CUST-1471,Customer 1471,Technology,Phones,Smartphone C,South,Bengaluru,6,117819.0,0.05,49280.1,Net Banking
ORD-14739,2025-09-07,CUST-1075,Customer 1075,Office Supplies,Organizers,Document Tray,West,Ahmedabad,7,20323.8,0.1,5699.04,Cash
ORD-12055,2025-09-07,CUST-1178,Customer 1178,Office Supplies,Binders,File Binder,North,Chandigarh,4,12553.2,0.1,5054.74,Net Banking
ORD-12680,2025-09-07,CUST-1563,Customer 1563,Office Supplies,Pens,Marker,West,Pune,4,66227.2,0.2,9151.37,Debit Card
ORD-12896,2025-09-08,CUST-1554,Customer 1554,Office Supplies,Organizers,Desk Organizer,West,Ahmedabad,5,3276.0,0.2,764.46,Net Banking
ORD-13640,2025-09-08,CUST-1045,Customer 1045,Office Supplies,Binders,Ring Binder,West,Pune,1,18866.6,0.15,5729.87,Cash
ORD-13825,2025-09-08,CUST-1248,Customer 1248,Technology,Accessories,Wireless Mouse,West,Pune,3,1644.45,0.05,297.63,Cash
ORD-12862,2025-09-08,CUST-1110,Customer 1110,Appliances,Kitchen,Electric Kettle,South,Bengaluru,4,8140.0,0.0,2815.65,Cash
ORD-14061,2025-09-08,CUST-1169,Customer 1169,Furniture,Tables,Study Table,East,Kolkata,4,76784.4,0.1,29471.23,Net Banking
ORD-11580,2025-09-08,CUST-1421,Customer 1421,Office Supplies,Binders,Ring Binder,North,Jaipur,7,56911.75,0.15,19972.9,Net Banking
ORD-13565,2025-09-08,CUST-1092,Customer 1092,Technology,Laptops,Business Laptop,East,Kolkata,3,36763.2,0.1,13516.96,Debit Card
ORD-12482,2025-09-08,CUST-1121,Customer 1121,Technology,Tablets,Tablet 10,South,Kochi,2,11648.4,0.15,4038.64,Cash
ORD-14220,2025-09-08,CUST-1173,Customer 1173,Furniture,Tables,Study Table,North,Chandigarh,7,112338.45,0.05,40107.8,Cash
ORD-10747,2025-09-08,CUST-1691,Customer 1691,Office Supplies,Paper,Premium Paper,North,Lucknow,3,42403.5,0.1,17219.62,Net Banking
ORD-14521,2025-09-08,CUST-1719,Customer 1719,Office Supplies,Organizers,Document Tray,East,Kolkata,3,5844.6,0.15,2283.19,Cash
ORD-12552,2025-09-08,CUST-1275,Customer 1275,Technology,Accessories,USB Cable,East,Patna,4,57841.2,0.1,21380.17,UPI
ORD-12225,2025-09-08,CUST-1497,Customer 1497,Appliances,Home Care,Vacuum Cleaner,East,Kolkata,1,10277.1,0.1,3016.44,Net Banking
ORD-13019,2025-09-08,CUST-1122,Customer 1122,Appliances,Kitchen,Electric Kettle,North,Jaipur,3,15090.3,0.1,6091.9,UPI
ORD-14189,2025-09-08,CUST-1723,Customer 1723,Appliances,Home Care,Vacuum Cleaner,South,Chennai,6,73638.3,0.05,15876.81,Credit Card
ORD-13615,2025-09-08,CUST-1670,Customer 1670,Appliances,Fans,Ceiling Fan,North,Lucknow,7,116156.25,0.25,51485.12,Net Banking
ORD-12592,2025-09-08,CUST-1099,Customer 1099,Furniture,Storage,Storage Box,East,Patna,7,151615.8,0.1,27730.33,Net Banking
ORD-13909,2025-09-09,CUST-1617,Customer 1617,Office Supplies,Paper,Premium Paper,West,Surat,1,11490.25,0.05,4751.16,Debit Card
ORD-12390,2025-09-09,CUST-1649,Customer 1649,Furniture,Office Furniture,Workstation,West,Ahmedabad,2,38917.7,0.05,7235.48,UPI
ORD-10762,2025-09-09,CUST-1430,Customer 1430,Furniture,Office Furniture,Reception Desk,South,Chennai,3,2043.0,0.25,460.37,Debit Card
ORD-14196,2025-09-09,CUST-1774,Customer 1774,Appliances,Home Care,Vacuum Cleaner,East,Guwahati,5,3562.5,0.05,477.22,Credit Card
ORD-12683,2025-09-09,CUST-1013,Customer 1013,Appliances,Home Care,Vacuum Cleaner,West,Surat,5,112036.5,0.1,45383.48,Credit Card
ORD-10279,2025-09-09,CUST-1686,Customer 1686,Technology,Laptops,Business Laptop,North,Chandigarh,7,96952.8,0.2,28101.92,UPI
ORD-13459,2025-09-09,CUST-1597,Customer 1597,Office Supplies,Paper,A4 Paper,South,Kochi,7,25655.7,0.05,7873.61,UPI
ORD-14745,2025-09-09,CUST-1368,Customer 1368,Furniture,Tables,Office Desk,North,Chandigarh,1,18241.9,0.05,8116.92,Net Banking
ORD-13799,2025-09-09,CUST-1798,Customer 1798,Technology,Accessories,Keyboard,South,Bengaluru,5,98111.25,0.05,19027.26,Cash
ORD-12309,2025-09-09,CUST-1480,Customer 1480,Office Supplies,Paper,Premium Paper,West,Ahmedabad,3,7173.45,0.05,1720.13,UPI
ORD-12603,2025-09-09,CUST-1717,Customer 1717,Furniture,Chairs,Office Chair,West,Surat,4,19007.6,0.05,7846.26,Debit Card
ORD-13320,2025-09-09,CUST-1535,Customer 1535,Furniture,Chairs,Visitor Chair,West,Ahmedabad,6,66988.8,0.2,8975.27,Debit Card
ORD-12462,2025-09-09,CUST-1282,Customer 1282,Furniture,Storage,Filing Cabinet,South,Bengaluru,3,51016.8,0.2,20828.98,Net Banking
ORD-13332,2025-09-09,CUST-1755,Customer 1755,Appliances,Small Appliances,Blender,West,Pune,1,991.95,0.15,338.03,UPI
ORD-10127,2025-09-09,CUST-1555,Customer 1555,Furniture,Tables,Meeting Table,South,Kochi,7,139003.2,0.1,15567.76,UPI
ORD-11785,2025-09-09,CUST-1389,Customer 1389,Office Supplies,Pens,Gel Pen,North,Jaipur,7,170884.0,0.0,23223.49,Cash
ORD-13574,2025-09-09,CUST-1583,Customer 1583,Technology,Accessories,Keyboard,West,Mumbai,1,12817.6,0.2,5604.75,Cash
ORD-14375,2025-09-10,CUST-1726,Customer 1726,Office Supplies,Binders,File Binder,North,Jaipur,1,22872.0,0.0,5186.39,Credit Card
ORD-14694,2025-09-10,CUST-1698,Customer 1698,Furniture,Chairs,Office Chair,North,Jaipur,1,9284.25,0.25,2428.58,Credit Card
ORD-13306,2025-09-10,CUST-1524,Customer 1524,Technology,Laptops,Laptop Air,West,Pune,4,27295.2,0.1,2860.16,Net Banking
ORD-12319,2025-09-10,CUST-1570,Customer 1570,Office Supplies,Paper,Premium Paper,South,Bengaluru,1,1952.45,0.15,854.45,Net Banking
ORD-13802,2025-09-10,CUST-1516,Customer 1516,Appliances,Home Care,Vacuum Cleaner,East,Patna,5,3387.25,0.15,628.78,Cash
ORD-11274,2025-09-10,CUST-1182,Customer 1182,Office Supplies,Pens,Marker,South,Kochi,4,36003.2,0.2,9552.93,Net Banking
ORD-12642,2025-09-10,CUST-1733,Customer 1733,Appliances,Fans,Ceiling Fan,South,Hyderabad,6,9844.2,0.1,4342.51,Debit Card
ORD-11330,2025-09-10,CUST-1795,Customer 1795,Technology,Laptops,Business Laptop,North,Chandigarh,1,14076.0,0.15,5708.8,Debit Card
ORD-13974,2025-09-10,CUST-1243,Customer 1243,Office Supplies,Pens,Marker,West,Ahmedabad,2,15652.2,0.05,3575.7,Credit Card
ORD-11366,2025-09-10,CUST-1526,Customer 1526,Furniture,Office Furniture,Workstation,East,Bhubaneswar,4,69612.2,0.05,14890.14,Cash
ORD-13954,2025-09-10,CUST-1060,Customer 1060,Office Supplies,Organizers,Desk Organizer,East,Guwahati,5,106471.25,0.05,41378.49,Net Banking
ORD-11885,2025-09-10,CUST-1246,Customer 1246,Technology,Laptops,Laptop Pro,West,Ahmedabad,5,30123.0,0.1,8435.28,Net Banking
ORD-10688,2025-09-10,CUST-1284,Customer 1284,Technology,Laptops,Laptop Pro,West,Ahmedabad,3,39691.95,0.05,14026.14,Cash
ORD-11397,2025-09-11,CUST-1557,Customer 1557,Office Supplies,Paper,Premium Paper,West,Surat,4,80463.6,0.1,28777.59,Cash
ORD-12943,2025-09-11,CUST-1207,Customer 1207,Technology,Phones,Smartphone C,North,Lucknow,2,12912.4,0.05,2618.17,UPI
ORD-11239,2025-09-11,CUST-1779,Customer 1779,Technology,Accessories,USB Cable,East,Guwahati,1,5460.3,0.1,592.88,Net Banking
ORD-13660,2025-09-11,CUST-1447,Customer 1447,Office Supplies,Paper,A4 Paper,South,Kochi,2,21586.5,0.25,6787.43,Debit Card
ORD-13870,2025-09-11,CUST-1505,Customer 1505,Furniture,Chairs,Ergonomic Chair,South,Chennai,3,7290.45,0.15,1253.32,Debit Card
ORD-14541,2025-09-11,CUST-1556,Customer 1556,Appliances,Small Appliances,Blender,West,Mumbai,3,40694.4,0.1,17102.77,Cash
ORD-13517,2025-09-11,CUST-1680,Customer 1680,Office Supplies,Binders,File Binder,East,Guwahati,4,16982.4,0.2,5688.28,Debit Card
ORD-14103,2025-09-11,CUST-1630,Customer 1630,Technology,Tablets,Tablet Pro,South,Hyderabad,1,15353.1,0.1,3261.27,Credit Card
ORD-12581,2025-09-11,CUST-1467,Customer 1467,Furniture,Chairs,Ergonomic Chair,East,Bhubaneswar,1,19876.85,0.05,6060.68,Debit Card
ORD-11321,2025-09-11,CUST-1346,Customer 1346,Appliances,Small Appliances,Blender,West,Ahmedabad,7,59357.9,0.05,8623.62,Cash
ORD-14108,2025-09-11,CUST-1463,Customer 1463,Furniture,Chairs,Office Chair,East,Guwahati,2,45375.8,0.05,17942.67,Debit Card
ORD-10848,2025-09-11,CUST-1039,Customer 1039,Furniture,Chairs,Ergonomic Chair,East,Patna,3,63295.65,0.05,12955.52,Net Banking
ORD-14733,2025-09-11,CUST-1671,Customer 1671,Technology,Laptops,Business Laptop,West,Mumbai,7,83034.0,0.0,34638.45,Debit Card
ORD-13512,2025-09-11,CUST-1022,Customer 1022,Technology,Tablets,Tablet Pro,West,Ahmedabad,2,19206.0,0.25,2045.98,Credit Card
ORD-11567,2025-09-11,CUST-1465,Customer 1465,Technology,Accessories,Wireless Mouse,West,Surat,1,20045.7,0.1,2757.62,Credit Card
ORD-12687,2025-09-11,CUST-1735,Customer 1735,Office Supplies,Organizers,Desk Organizer,North,Lucknow,5,15439.5,0.1,2818.78,Cash
ORD-11031,2025-09-11,CUST-1566,Customer 1566,Office Supplies,Paper,A4 Paper,West,Surat,1,6649.5,0.25,1762.33,Credit Card
ORD-12029,2025-09-12,CUST-1643,Customer 1643,Furniture,Office Furniture,Workstation,West,Surat,3,71158.8,0.05,26304.81,Net Banking
ORD-11269,2025-09-12,CUST-1785,Customer 1785,Technology,Phones,Smartphone C,South,Chennai,2,9011.7,0.15,1128.42,UPI
ORD-10809,2025-09-12,CUST-1592,Customer 1592,Furniture,Tables,Study Table,North,Lucknow,6,80174.4,0.2,24398.92,UPI
ORD-10198,2025-09-12,CUST-1335,Customer 1335,Appliances,Home Care,Air Purifier,East,Guwahati,3,59296.8,0.2,18842.56,Net Banking
ORD-14898,2025-09-12,CUST-1664,Customer 1664,Technology,Tablets,Tablet Pro,West,Ahmedabad,6,73911.9,0.05,12926.54,Net Banking
ORD-13653,2025-09-12,CUST-1784,Customer 1784,Furniture,Storage,Filing Cabinet,East,Patna,5,22160.0,0.0,3286.4,Cash
ORD-11604,2025-09-12,CUST-1737,Customer 1737,Technology,Accessories,Wireless Mouse,East,Patna,4,27406.8,0.1,3588.71,UPI
ORD-10188,2025-09-12,CUST-1088,Customer 1088,Office Supplies,Organizers,Document Tray,South,Hyderabad,3,15370.05,0.05,3498.31,Cash
ORD-10806,2025-09-12,CUST-1424,Customer 1424,Appliances,Kitchen,Electric Kettle,East,Guwahati,5,4234.5,0.1,821.15,Debit Card
ORD-14914,2025-09-12,CUST-1604,Customer 1604,Technology,Phones,Smartphone B,East,Kolkata,1,11510.7,0.15,5167.28,Net Banking
ORD-10932,2025-09-12,CUST-1108,Customer 1108,Appliances,Kitchen,Electric Kettle,South,Kochi,2,8638.4,0.2,1648.94,Debit Card
ORD-10362,2025-09-12,CUST-1060,Customer 1060,Technology,Laptops,Laptop Air,North,Chandigarh,1,7584.55,0.15,1621.18,Cash
ORD-13854,2025-09-13,CUST-1405,Customer 1405,Office Supplies,Paper,A4 Paper,South,Kochi,3,44691.75,0.25,7580.58,Credit Card
ORD-13575,2025-09-13,CUST-1721,Customer 1721,Office Supplies,Pens,Ball Pen,West,Ahmedabad,6,58768.2,0.1,21849.16,Cash
ORD-10385,2025-09-13,CUST-1598,Customer 1598,Technology,Tablets,Tablet 10,East,Guwahati,7,29851.15,0.15,9463.42,UPI
ORD-11405,2025-09-13,CUST-1359,Customer 1359,Furniture,Tables,Meeting Table,West,Mumbai,1,1499.0,0.0,501.71,Credit Card
ORD-11924,2025-09-13,CUST-1606,Customer 1606,Office Supplies,Paper,Premium Paper,North,Lucknow,4,12933.6,0.15,2947.91,Net Banking
ORD-11969,2025-09-13,CUST-1650,Customer 1650,Technology,Phones,Smartphone A,East,Bhubaneswar,6,88848.0,0.25,31854.55,Debit Card
ORD-12399,2025-09-13,CUST-1288,Customer 1288,Office Supplies,Organizers,Desk Organizer,South,Kochi,3,39125.7,0.1,13765.71,Credit Card
ORD-10776,2025-09-13,CUST-1481,Customer 1481,Technology,Laptops,Laptop Pro,North,Chandigarh,1,2647.2,0.2,931.35,Credit Card
ORD-11928,2025-09-13,CUST-1117,Customer 1117,Office Supplies,Paper,A4 Paper,West,Ahmedabad,5,5688.0,0.1,586.26,Debit Card
ORD-13982,2025-09-13,CUST-1203,Customer 1203,Technology,Laptops,Laptop Pro,West,Mumbai,1,8737.15,0.05,1930.5,Debit Card
ORD-10194,2025-09-13,CUST-1716,Customer 1716,Office Supplies,Organizers,Desk Organizer,East,Patna,7,55949.6,0.2,18373.04,Cash
ORD-14684,2025-09-13,CUST-1235,Customer 1235,Appliances,Small Appliances,Blender,North,Delhi,2,13255.2,0.1,5578.66,Debit Card
ORD-12251,2025-09-14,CUST-1067,Customer 1067,Technology,Phones,Smartphone C,South,Kochi,2,23698.0,0.0,3317.61,Cash
ORD-10690,2025-09-14,CUST-1297,Customer 1297,Furniture,Tables,Meeting Table,South,Hyderabad,7,28679.0,0.15,8041.93,Net Banking
ORD-10253,2025-09-14,CUST-1419,Customer 1419,Appliances,Kitchen,Electric Kettle,North,Chandigarh,4,50633.6,0.2,11343.12,Debit Card
ORD-12074,2025-09-14,CUST-1271,Customer 1271,Furniture,Office Furniture,Workstation,East,Kolkata,2,30265.2,0.1,8740.96,Debit Card
ORD-13755,2025-09-14,CUST-1013,Customer 1013,Appliances,Small Appliances,Toaster,South,Bengaluru,6,41646.0,0.0,10437.89,UPI
ORD-10449,2025-09-14,CUST-1166,Customer 1166,Office Supplies,Binders,Ring Binder,West,Pune,2,42086.9,0.15,17521.39,Cash
ORD-13492,2025-09-14,CUST-1315,Customer 1315,Technology,Accessories,Headphones,North,Chandigarh,7,32957.05,0.15,6153.82,UPI
ORD-11868,2025-09-14,CUST-1048,Customer 1048,Technology,Phones,Smartphone B,West,Mumbai,4,19292.8,0.2,6026.19,Debit Card
ORD-10580,2025-09-14,CUST-1401,Customer 1401,Furniture,Office Furniture,Workstation,West,Surat,6,112541.4,0.1,36602.14,Net Banking
ORD-13471,2025-09-14,CUST-1230,Customer 1230,Appliances,Fans,Ceiling Fan,East,Patna,3,25212.0,0.2,6821.1,Net Banking
ORD-13427,2025-09-14,CUST-1257,Customer 1257,Furniture,Tables,Office Desk,North,Lucknow,1,14195.7,0.1,3787.49,UPI
ORD-13999,2025-09-14,CUST-1118,Customer 1118,Furniture,Chairs,Visitor Chair,West,Pune,3,24900.75,0.15,6464.5,Net Banking
ORD-12658,2025-09-14,CUST-1261,Customer 1261,Appliances,Small Appliances,Blender,West,Ahmedabad,2,41570.1,0.05,17121.98,Debit Card
ORD-12274,2025-09-15,CUST-1272,Customer 1272,Furniture,Storage,Bookshelf,North,Lucknow,4,18252.0,0.0,3305.25,Credit Card
ORD-14517,2025-09-15,CUST-1094,Customer 1094,Appliances,Home Care,Air Purifier,East,Kolkata,3,56204.55,0.15,7237.93,Credit Card
ORD-13177,2025-09-15,CUST-1167,Customer 1167,Furniture,Office Furniture,Reception Desk,South,Kochi,4,67150.8,0.1,23941.86,Net Banking
ORD-12062,2025-09-15,CUST-1409,Customer 1409,Furniture,Storage,Bookshelf,East,Patna,2,25654.5,0.25,9312.78,Credit Card
ORD-12334,2025-09-15,CUST-1494,Customer 1494,Technology,Laptops,Laptop Air,South,Kochi,5,21465.0,0.0,8371.94,Credit Card
ORD-14076,2025-09-15,CUST-1027,Customer 1027,Technology,Accessories,Headphones,North,Chandigarh,5,94525.0,0.05,24483.96,Debit Card
ORD-13661,2025-09-15,CUST-1541,Customer 1541,Appliances,Kitchen,Mixer Grinder,South,Hyderabad,2,22395.3,0.05,9668.69,Debit Card
ORD-13680,2025-09-15,CUST-1746,Customer 1746,Technology,Phones,Smartphone A,West,Ahmedabad,6,61363.2,0.15,26499.29,Net Banking
ORD-13012,2025-09-15,CUST-1562,Customer 1562,Appliances,Small Appliances,Toaster,North,Jaipur,2,2742.1,0.15,992.03,Cash
ORD-14620,2025-09-15,CUST-1475,Customer 1475,Office Supplies,Organizers,Document Tray,East,Bhubaneswar,5,56208.75,0.25,20545.63,Cash
ORD-14841,2025-09-15,CUST-1328,Customer 1328,Furniture,Tables,Study Table,East,Guwahati,3,31770.45,0.15,4022.39,Cash
ORD-13829,2025-09-15,CUST-1759,Customer 1759,Technology,Laptops,Laptop Pro,North,Delhi,6,119391.0,0.15,23203.73,Credit Card
ORD-12051,2025-09-16,CUST-1754,Customer 1754,Furniture,Chairs,Visitor Chair,East,Guwahati,4,1911.4,0.05,799.11,Net Banking
ORD-14406,2025-09-16,CUST-1368,Customer 1368,Technology,Accessories,USB Cable,East,Bhubaneswar,4,82487.4,0.15,11692.75,Cash
ORD-12447,2025-09-16,CUST-1561,Customer 1561,Technology,Tablets,Tablet Pro,South,Hyderabad,7,43980.3,0.1,19353.34,Net Banking
ORD-10786,2025-09-16,CUST-1376,Customer 1376,Technology,Tablets,Tablet 10,East,Bhubaneswar,4,56912.0,0.0,15339.26,Credit Card
ORD-14331,2025-09-16,CUST-1681,Customer 1681,Office Supplies,Organizers,Desk Organizer,East,Bhubaneswar,2,36255.9,0.15,9753.16,Net Banking
ORD-13426,2025-09-16,CUST-1027,Customer 1027,Furniture,Storage,Filing Cabinet,West,Surat,7,41003.2,0.2,9700.23,UPI
ORD-10525,2025-09-16,CUST-1512,Customer 1512,Furniture,Office Furniture,Workstation,East,Kolkata,4,10685.6,0.05,2367.71,Cash
ORD-14272,2025-09-16,CUST-1446,Customer 1446,Furniture,Office Furniture,Reception Desk,North,Chandigarh,1,10189.0,0.0,2962.41,Cash
ORD-14060,2025-09-16,CUST-1461,Customer 1461,Office Supplies,Paper,Premium Paper,North,Jaipur,1,8352.0,0.1,2924.3,Cash
ORD-13451,2025-09-16,CUST-1621,Customer 1621,Appliances,Home Care,Vacuum Cleaner,East,Patna,7,124829.25,0.25,22344.19,Debit Card
ORD-14510,2025-09-16,CUST-1394,Customer 1394,Appliances,Home Care,Air Purifier,North,Lucknow,3,62204.7,0.15,23097.48,Cash
ORD-12006,2025-09-16,CUST-1008,Customer 1008,Office Supplies,Pens,Gel Pen,South,Hyderabad,4,37583.6,0.15,11402.7,Debit Card
ORD-12016,2025-09-16,CUST-1108,Customer 1108,Appliances,Small Appliances,Toaster,West,Mumbai,5,99824.0,0.15,27756.85,Debit Card
ORD-10046,2025-09-17,CUST-1254,Customer 1254,Appliances,Kitchen,Electric Kettle,South,Kochi,7,89174.4,0.2,35599.48,UPI
ORD-13715,2025-09-17,CUST-1237,Customer 1237,Technology,Laptops,Laptop Pro,South,Bengaluru,6,89714.1,0.15,9833.09,Credit Card
ORD-14157,2025-09-17,CUST-1715,Customer 1715,Furniture,Office Furniture,Reception Desk,North,Jaipur,4,49491.2,0.2,19057.04,Cash
ORD-10696,2025-09-17,CUST-1593,Customer 1593,Appliances,Kitchen,Mixer Grinder,South,Kochi,6,126888.0,0.15,19409.69,Cash
ORD-12178,2025-09-17,CUST-1199,Customer 1199,Appliances,Fans,Ceiling Fan,East,Bhubaneswar,6,125919.0,0.15,42161.28,Cash
ORD-12776,2025-09-17,CUST-1570,Customer 1570,Appliances,Kitchen,Electric Kettle,West,Pune,5,24538.5,0.1,3563.44,Net Banking
ORD-12794,2025-09-17,CUST-1458,Customer 1458,Technology,Laptops,Laptop Pro,West,Mumbai,3,19156.5,0.1,4606.55,Cash
ORD-11537,2025-09-17,CUST-1566,Customer 1566,Technology,Accessories,USB Cable,West,Pune,3,45061.05,0.15,14018.46,Credit Card
ORD-13232,2025-09-17,CUST-1400,Customer 1400,Furniture,Tables,Office Desk,East,Kolkata,6,15050.1,0.15,4055.41,UPI
ORD-13193,2025-09-17,CUST-1490,Customer 1490,Office Supplies,Paper,A4 Paper,North,Jaipur,5,85243.5,0.05,13711.54,Debit Card
ORD-13770,2025-09-17,CUST-1787,Customer 1787,Appliances,Kitchen,Mixer Grinder,East,Patna,6,33721.2,0.15,11268.49,Net Banking
ORD-12265,2025-09-17,CUST-1141,Customer 1141,Furniture,Chairs,Ergonomic Chair,East,Kolkata,3,14844.0,0.0,3180.7,Credit Card
ORD-12589,2025-09-17,CUST-1704,Customer 1704,Furniture,Office Furniture,Workstation,West,Pune,7,42649.6,0.15,16514.5,Credit Card
ORD-12563,2025-09-17,CUST-1338,Customer 1338,Appliances,Kitchen,Electric Kettle,East,Patna,1,1024.25,0.15,413.2,Cash
ORD-10451,2025-09-17,CUST-1443,Customer 1443,Furniture,Office Furniture,Workstation,North,Jaipur,1,8686.0,0.0,2114.71,Credit Card
ORD-13511,2025-09-18,CUST-1583,Customer 1583,Furniture,Tables,Study Table,East,Guwahati,1,4931.25,0.25,1618.62,Cash
ORD-12716,2025-09-18,CUST-1503,Customer 1503,Office Supplies,Pens,Marker,South,Chennai,4,35862.4,0.2,7870.11,Debit Card
ORD-13231,2025-09-18,CUST-1212,Customer 1212,Furniture,Tables,Study Table,West,Mumbai,2,11782.7,0.15,3932.35,Debit Card
ORD-10904,2025-09-18,CUST-1185,Customer 1185,Office Supplies,Pens,Marker,South,Bengaluru,2,45740.6,0.05,9058.25,Credit Card
ORD-11378,2025-09-18,CUST-1433,Customer 1433,Technology,Tablets,Tablet 10,South,Chennai,3,14580.0,0.0,2792.32,UPI
ORD-11390,2025-09-18,CUST-1486,Customer 1486,Technology,Accessories,Keyboard,West,Mumbai,4,14299.2,0.1,2430.77,Debit Card
ORD-11677,2025-09-18,CUST-1298,Customer 1298,Office Supplies,Pens,Gel Pen,South,Chennai,7,83643.7,0.05,28948.77,Credit Card
ORD-10674,2025-09-18,CUST-1114,Customer 1114,Furniture,Chairs,Visitor Chair,West,Surat,2,2958.0,0.25,726.59,Net Banking
ORD-13067,2025-09-18,CUST-1276,Customer 1276,Technology,Phones,Smartphone B,South,Kochi,7,6048.0,0.2,2564.48,Debit Card
ORD-13008,2025-09-18,CUST-1353,Customer 1353,Technology,Accessories,Keyboard,North,Delhi,3,40304.7,0.05,12798.44,Credit Card
ORD-14941,2025-09-18,CUST-1245,Customer 1245,Office Supplies,Binders,Ring Binder,South,Chennai,5,42840.25,0.05,13971.98,Debit Card
ORD-11496,2025-09-18,CUST-1445,Customer 1445,Technology,Accessories,Wireless Mouse,South,Bengaluru,5,56892.0,0.2,23761.81,Debit Card
ORD-14623,2025-09-18,CUST-1130,Customer 1130,Technology,Accessories,Headphones,North,Jaipur,2,7052.4,0.1,3095.07,Credit Card
ORD-12432,2025-09-18,CUST-1527,Customer 1527,Appliances,Fans,Ceiling Fan,North,Jaipur,7,94262.0,0.0,28365.88,Cash
ORD-13805,2025-09-19,CUST-1220,Customer 1220,Furniture,Chairs,Office Chair,South,Hyderabad,7,140872.2,0.15,19069.61,Debit Card
ORD-12998,2025-09-19,CUST-1104,Customer 1104,Technology,Tablets,Tablet Pro,North,Chandigarh,1,13024.5,0.05,5401.56,UPI
ORD-12762,2025-09-19,CUST-1560,Customer 1560,Technology,Laptops,Laptop Pro,West,Mumbai,7,104209.0,0.0,36211.37,Debit Card
ORD-14192,2025-09-19,CUST-1149,Customer 1149,Technology,Tablets,Tablet Pro,South,Hyderabad,2,13079.8,0.15,5026.72,UPI
ORD-11050,2025-09-19,CUST-1523,Customer 1523,Technology,Phones,Smartphone A,South,Bengaluru,4,66787.2,0.1,25035.92,Credit Card
ORD-14499,2025-09-19,CUST-1454,Customer 1454,Technology,Phones,Smartphone C,East,Kolkata,5,104989.25,0.05,32191.07,Net Banking
ORD-12501,2025-09-19,CUST-1242,Customer 1242,Furniture,Office Furniture,Workstation,North,Lucknow,3,26664.0,0.0,8215.89,UPI
ORD-11787,2025-09-19,CUST-1100,Customer 1100,Appliances,Fans,Ceiling Fan,West,Ahmedabad,5,57800.0,0.0,13130.11,Cash
ORD-11043,2025-09-19,CUST-1434,Customer 1434,Office Supplies,Organizers,Desk Organizer,East,Bhubaneswar,2,30330.0,0.0,10679.02,UPI
ORD-14428,2025-09-19,CUST-1596,Customer 1596,Furniture,Office Furniture,Reception Desk,West,Pune,1,8851.5,0.1,3138.67,Net Banking
ORD-11972,2025-09-19,CUST-1450,Customer 1450,Technology,Tablets,Tablet 10,South,Hyderabad,6,22914.0,0.05,3455.34,Debit Card
ORD-11530,2025-09-19,CUST-1743,Customer 1743,Appliances,Small Appliances,Toaster,East,Guwahati,6,57609.9,0.05,6604.82,Cash
ORD-14051,2025-09-20,CUST-1658,Customer 1658,Appliances,Small Appliances,Toaster,West,Pune,5,98631.0,0.1,23440.36,Net Banking
ORD-10349,2025-09-20,CUST-1377,Customer 1377,Appliances,Fans,Table Fan,North,Lucknow,3,54652.5,0.25,11816.39,UPI
ORD-13779,2025-09-20,CUST-1553,Customer 1553,Technology,Phones,Smartphone A,East,Patna,5,33795.0,0.1,6980.64,UPI
ORD-13591,2025-09-20,CUST-1461,Customer 1461,Technology,Tablets,Tablet 10,North,Jaipur,6,71629.5,0.15,24246.92,Debit Card
ORD-13673,2025-09-20,CUST-1704,Customer 1704,Office Supplies,Pens,Marker,North,Jaipur,3,23247.0,0.1,5731.08,Net Banking
ORD-11460,2025-09-20,CUST-1367,Customer 1367,Office Supplies,Binders,Ring Binder,North,Delhi,1,1870.0,0.0,306.08,Cash
ORD-11697,2025-09-20,CUST-1208,Customer 1208,Technology,Laptops,Laptop Pro,East,Guwahati,4,16290.0,0.1,5691.63,UPI
ORD-14131,2025-09-20,CUST-1175,Customer 1175,Office Supplies,Paper,Premium Paper,North,Lucknow,3,62979.9,0.15,7751.86,UPI
ORD-14681,2025-09-20,CUST-1241,Customer 1241,Appliances,Small Appliances,Blender,South,Bengaluru,5,7752.0,0.05,860.24,UPI
ORD-14880,2025-09-20,CUST-1014,Customer 1014,Technology,Tablets,Tablet 10,North,Lucknow,3,4398.0,0.0,1370.0,Credit Card
ORD-10928,2025-09-20,CUST-1796,Customer 1796,Appliances,Kitchen,Mixer Grinder,West,Pune,1,16650.0,0.0,3450.63,Credit Card
ORD-14897,2025-09-20,CUST-1519,Customer 1519,Technology,Tablets,Tablet 10,North,Chandigarh,2,33180.8,0.2,5166.39,Credit Card
ORD-13711,2025-09-20,CUST-1350,Customer 1350,Furniture,Office Furniture,Workstation,South,Chennai,5,47940.0,0.2,10865.66,UPI
ORD-14236,2025-09-20,CUST-1731,Customer 1731,Furniture,Chairs,Ergonomic Chair,West,Ahmedabad,6,59058.0,0.0,18333.83,Cash
ORD-12167,2025-09-21,CUST-1597,Customer 1597,Appliances,Small Appliances,Toaster,East,Bhubaneswar,1,13146.1,0.15,5148.27,Debit Card
ORD-10062,2025-09-21,CUST-1434,Customer 1434,Office Supplies,Binders,Ring Binder,East,Kolkata,2,36937.8,0.1,10948.39,Cash
ORD-12259,2025-09-21,CUST-1731,Customer 1731,Appliances,Fans,Ceiling Fan,North,Jaipur,3,20304.0,0.2,6218.29,Cash
ORD-10537,2025-09-21,CUST-1493,Customer 1493,Appliances,Kitchen,Mixer Grinder,North,Chandigarh,6,129070.8,0.1,16389.34,UPI
ORD-14010,2025-09-21,CUST-1448,Customer 1448,Appliances,Small Appliances,Blender,West,Mumbai,7,19409.6,0.2,3230.07,Net Banking
ORD-11223,2025-09-21,CUST-1108,Customer 1108,Technology,Phones,Smartphone B,West,Ahmedabad,3,11647.95,0.05,2639.15,Net Banking
ORD-14374,2025-09-21,CUST-1537,Customer 1537,Technology,Tablets,Tablet 10,North,Delhi,1,8981.1,0.15,2149.08,Credit Card
ORD-11579,2025-09-21,CUST-1412,Customer 1412,Furniture,Office Furniture,Workstation,East,Guwahati,2,40948.2,0.1,11225.21,UPI
ORD-12045,2025-09-21,CUST-1733,Customer 1733,Appliances,Home Care,Air Purifier,West,Mumbai,7,107184.0,0.2,15364.77,Debit Card
ORD-10614,2025-09-21,CUST-1297,Customer 1297,Furniture,Office Furniture,Workstation,South,Bengaluru,2,6311.8,0.05,1581.31,Debit Card
ORD-12777,2025-09-21,CUST-1450,Customer 1450,Technology,Accessories,Headphones,East,Bhubaneswar,2,35991.0,0.1,5126.36,UPI
ORD-12629,2025-09-21,CUST-1251,Customer 1251,Furniture,Chairs,Visitor Chair,West,Surat,5,73496.75,0.05,20193.91,Debit Card
ORD-10881,2025-09-21,CUST-1631,Customer 1631,Technology,Accessories,Wireless Mouse,East,Guwahati,6,20903.4,0.1,2213.79,Cash
ORD-12613,2025-09-21,CUST-1521,Customer 1521,Furniture,Chairs,Visitor Chair,West,Mumbai,2,39428.1,0.15,12778.28,Debit Card
ORD-14049,2025-09-21,CUST-1791,Customer 1791,Appliances,Small Appliances,Blender,South,Chennai,6,68513.4,0.15,21494.27,Cash
ORD-10268,2025-09-21,CUST-1242,Customer 1242,Appliances,Kitchen,Mixer Grinder,East,Patna,4,97468.0,0.0,15865.36,Cash
ORD-10169,2025-09-22,CUST-1678,Customer 1678,Office Supplies,Binders,Ring Binder,East,Kolkata,7,51185.05,0.05,17082.79,UPI
ORD-11848,2025-09-22,CUST-1279,Customer 1279,Appliances,Small Appliances,Blender,West,Surat,7,166017.25,0.05,51670.57,Cash
ORD-14482,2025-09-22,CUST-1754,Customer 1754,Appliances,Home Care,Air Purifier,West,Mumbai,6,67857.6,0.2,10900.18,Cash
ORD-13219,2025-09-22,CUST-1057,Customer 1057,Technology,Tablets,Tablet 10,East,Patna,2,29600.0,0.0,6972.88,UPI
ORD-11786,2025-09-22,CUST-1157,Customer 1157,Appliances,Fans,Table Fan,East,Bhubaneswar,6,81426.6,0.15,30443.22,Credit Card
ORD-12900,2025-09-22,CUST-1447,Customer 1447,Furniture,Storage,Storage Box,West,Surat,3,41656.8,0.15,15258.42,Cash
ORD-12076,2025-09-22,CUST-1476,Customer 1476,Office Supplies,Organizers,Document Tray,South,Chennai,7,64252.3,0.05,14329.92,Credit Card
ORD-10658,2025-09-22,CUST-1771,Customer 1771,Office Supplies,Pens,Gel Pen,South,Bengaluru,7,63010.5,0.15,20393.46,Debit Card
ORD-14114,2025-09-22,CUST-1184,Customer 1184,Appliances,Small Appliances,Toaster,East,Patna,1,6222.85,0.15,2494.14,Debit Card
ORD-12242,2025-09-22,CUST-1599,Customer 1599,Office Supplies,Pens,Gel Pen,West,Mumbai,7,137893.0,0.0,30772.39,Net Banking
ORD-11017,2025-09-22,CUST-1546,Customer 1546,Furniture,Office Furniture,Workstation,West,Mumbai,6,109318.5,0.15,12228.29,Cash
ORD-13896,2025-09-22,CUST-1490,Customer 1490,Furniture,Storage,Bookshelf,East,Patna,5,70551.0,0.1,8599.88,Debit Card
ORD-11192,2025-09-22,CUST-1452,Customer 1452,Office Supplies,Binders,Ring Binder,East,Bhubaneswar,2,23161.0,0.05,6623.16,Credit Card
ORD-11396,2025-09-22,CUST-1121,Customer 1121,Furniture,Chairs,Ergonomic Chair,East,Patna,2,15298.8,0.05,4762.28,Credit Card
ORD-13702,2025-09-23,CUST-1701,Customer 1701,Furniture,Storage,Storage Box,South,Bengaluru,4,72477.4,0.05,26397.48,Credit Card
ORD-11777,2025-09-23,CUST-1732,Customer 1732,Furniture,Office Furniture,Reception Desk,West,Surat,1,10632.65,0.15,3132.99,Credit Card
ORD-12333,2025-09-23,CUST-1437,Customer 1437,Furniture,Tables,Study Table,East,Kolkata,3,58672.95,0.05,9053.42,Debit Card
ORD-13073,2025-09-23,CUST-1477,Customer 1477,Office Supplies,Pens,Ball Pen,South,Hyderabad,6,102438.0,0.1,31523.39,Net Banking
ORD-13780,2025-09-23,CUST-1146,Customer 1146,Appliances,Home Care,Air Purifier,West,Pune,6,4200.0,0.0,1359.73,Debit Card
ORD-11487,2025-09-23,CUST-1221,Customer 1221,Office Supplies,Binders,Ring Binder,East,Patna,4,74472.0,0.0,25210.15,UPI
ORD-14411,2025-09-23,CUST-1344,Customer 1344,Furniture,Chairs,Visitor Chair,South,Chennai,3,44255.7,0.1,4535.23,Credit Card
ORD-13293,2025-09-23,CUST-1394,Customer 1394,Technology,Accessories,Headphones,East,Patna,3,15179.4,0.1,6402.73,UPI
ORD-13248,2025-09-23,CUST-1780,Customer 1780,Technology,Tablets,Tablet 10,South,Bengaluru,6,75114.0,0.0,25311.7,Debit Card
ORD-10002,2025-09-23,CUST-1471,Customer 1471,Appliances,Small Appliances,Blender,North,Chandigarh,3,8623.8,0.1,2840.69,UPI
ORD-14067,2025-09-23,CUST-1180,Customer 1180,Technology,Phones,Smartphone B,West,Mumbai,1,572.9,0.15,141.46,Credit Card
ORD-10912,2025-09-23,CUST-1617,Customer 1617,Technology,Phones,Smartphone B,South,Kochi,6,43368.0,0.2,17708.21,Debit Card
ORD-10505,2025-09-23,CUST-1258,Customer 1258,Office Supplies,Pens,Ball Pen,West,Mumbai,1,8767.5,0.25,3923.63,UPI
ORD-12402,2025-09-23,CUST-1580,Customer 1580,Appliances,Home Care,Vacuum Cleaner,West,Pune,4,81975.6,0.1,9223.97,Cash
ORD-14297,2025-09-23,CUST-1063,Customer 1063,Furniture,Storage,Bookshelf,East,Guwahati,6,74259.6,0.05,20626.66,Net Banking
ORD-11807,2025-09-23,CUST-1652,Customer 1652,Appliances,Small Appliances,Toaster,West,Pune,7,29279.95,0.05,6387.33,UPI
ORD-13385,2025-09-24,CUST-1615,Customer 1615,Technology,Phones,Smartphone C,North,Delhi,7,133005.6,0.2,32434.26,Cash
ORD-11905,2025-09-24,CUST-1653,Customer 1653,Office Supplies,Pens,Gel Pen,North,Jaipur,2,16316.6,0.15,5713.07,Net Banking
ORD-10563,2025-09-24,CUST-1464,Customer 1464,Office Supplies,Paper,Premium Paper,North,Chandigarh,1,16370.15,0.15,7248.39,Net Banking
ORD-13128,2025-09-24,CUST-1116,Customer 1116,Appliances,Home Care,Vacuum Cleaner,East,Guwahati,3,35817.6,0.2,4426.44,UPI
ORD-10402,2025-09-24,CUST-1390,Customer 1390,Appliances,Fans,Table Fan,North,Chandigarh,3,14661.0,0.1,1556.93,Debit Card
ORD-14239,2025-09-24,CUST-1370,Customer 1370,Appliances,Kitchen,Electric Kettle,South,Hyderabad,3,27086.4,0.2,6457.75,Credit Card
ORD-10068,2025-09-24,CUST-1587,Customer 1587,Technology,Laptops,Laptop Pro,South,Bengaluru,4,3578.4,0.1,1417.72,Credit Card
ORD-13407,2025-09-24,CUST-1340,Customer 1340,Furniture,Tables,Office Desk,East,Kolkata,7,159985.7,0.05,19280.93,Net Banking
ORD-12155,2025-09-25,CUST-1312,Customer 1312,Appliances,Home Care,Air Purifier,South,Hyderabad,5,82605.0,0.0,30274.76,Debit Card
ORD-11997,2025-09-25,CUST-1219,Customer 1219,Furniture,Office Furniture,Reception Desk,West,Pune,7,57923.25,0.15,6523.35,Cash
ORD-11167,2025-09-25,CUST-1621,Customer 1621,Technology,Phones,Smartphone A,North,Lucknow,4,39093.2,0.15,4609.05,Cash
ORD-12817,2025-09-25,CUST-1798,Customer 1798,Appliances,Fans,Ceiling Fan,East,Patna,1,10375.2,0.2,3112.26,Debit Card
ORD-12547,2025-09-25,CUST-1031,Customer 1031,Appliances,Small Appliances,Blender,East,Kolkata,7,102463.2,0.2,17778.34,Credit Card
ORD-13745,2025-09-25,CUST-1384,Customer 1384,Office Supplies,Binders,File Binder,South,Chennai,1,14500.8,0.05,5163.33,UPI
ORD-10538,2025-09-25,CUST-1338,Customer 1338,Office Supplies,Binders,File Binder,East,Patna,1,8942.0,0.15,1059.96,Net Banking
ORD-12917,2025-09-25,CUST-1364,Customer 1364,Office Supplies,Binders,Ring Binder,South,Bengaluru,4,22158.0,0.1,6629.1,Net Banking
ORD-14102,2025-09-25,CUST-1469,Customer 1469,Furniture,Chairs,Office Chair,North,Lucknow,6,105585.6,0.2,16455.77,UPI
ORD-11641,2025-09-25,CUST-1360,Customer 1360,Appliances,Small Appliances,Toaster,North,Jaipur,4,36182.4,0.2,10393.31,Net Banking
ORD-12531,2025-09-26,CUST-1507,Customer 1507,Furniture,Tables,Meeting Table,South,Bengaluru,1,10999.0,0.0,1210.61,Debit Card
ORD-11590,2025-09-26,CUST-1499,Customer 1499,Appliances,Small Appliances,Blender,East,Patna,2,40271.3,0.15,14386.16,Debit Card
ORD-10883,2025-09-26,CUST-1038,Customer 1038,Office Supplies,Organizers,Document Tray,South,Hyderabad,6,74740.5,0.15,7842.79,Net Banking
ORD-10391,2025-09-26,CUST-1097,Customer 1097,Office Supplies,Organizers,Document Tray,East,Kolkata,2,13285.8,0.1,4908.97,Net Banking
ORD-13188,2025-09-26,CUST-1317,Customer 1317,Appliances,Fans,Ceiling Fan,East,Kolkata,6,60225.9,0.15,11196.76,Cash
ORD-13264,2025-09-26,CUST-1756,Customer 1756,Appliances,Kitchen,Electric Kettle,South,Hyderabad,2,14715.2,0.2,6456.05,Cash
ORD-12312,2025-09-26,CUST-1110,Customer 1110,Appliances,Fans,Table Fan,South,Hyderabad,4,32720.4,0.1,7048.21,Net Banking
ORD-11268,2025-09-26,CUST-1321,Customer 1321,Appliances,Fans,Ceiling Fan,West,Pune,6,112093.2,0.1,40316.77,UPI
ORD-13867,2025-09-26,CUST-1076,Customer 1076,Furniture,Storage,Bookshelf,South,Chennai,7,98639.1,0.15,17673.14,Credit Card
ORD-10756,2025-09-26,CUST-1780,Customer 1780,Furniture,Chairs,Visitor Chair,South,Hyderabad,1,12464.1,0.1,5049.37,Debit Card
ORD-14237,2025-09-26,CUST-1448,Customer 1448,Furniture,Storage,Filing Cabinet,South,Kochi,6,130638.3,0.05,44954.82,Net Banking
ORD-12758,2025-09-26,CUST-1586,Customer 1586,Appliances,Small Appliances,Blender,South,Chennai,6,56914.5,0.05,15670.58,Cash
ORD-11993,2025-09-26,CUST-1659,Customer 1659,Office Supplies,Paper,A4 Paper,North,Lucknow,6,101893.2,0.05,17469.33,Debit Card
ORD-14316,2025-09-26,CUST-1534,Customer 1534,Office Supplies,Paper,Premium Paper,West,Mumbai,3,69132.45,0.05,23062.32,UPI
ORD-13876,2025-09-26,CUST-1199,Customer 1199,Office Supplies,Pens,Marker,North,Delhi,1,10020.6,0.05,1691.88,Cash
ORD-12455,2025-09-26,CUST-1403,Customer 1403,Technology,Accessories,USB Cable,North,Chandigarh,2,7528.0,0.0,3145.85,Credit Card
ORD-10358,2025-09-26,CUST-1354,Customer 1354,Appliances,Home Care,Vacuum Cleaner,East,Guwahati,7,94356.85,0.05,20328.2,Net Banking
ORD-11073,2025-09-26,CUST-1541,Customer 1541,Furniture,Tables,Meeting Table,South,Chennai,4,61234.0,0.15,25222.6,Cash
ORD-11196,2025-09-27,CUST-1291,Customer 1291,Technology,Phones,Smartphone A,East,Patna,1,13377.6,0.2,2344.17,UPI
ORD-14921,2025-09-27,CUST-1568,Customer 1568,Technology,Laptops,Business Laptop,North,Lucknow,1,1813.5,0.1,287.31,Cash
ORD-12978,2025-09-27,CUST-1278,Customer 1278,Technology,Laptops,Laptop Air,West,Pune,2,16409.6,0.2,5492.82,Net Banking
ORD-11531,2025-09-27,CUST-1357,Customer 1357,Furniture,Chairs,Office Chair,South,Bengaluru,5,67052.0,0.2,16335.04,UPI
ORD-12981,2025-09-27,CUST-1789,Customer 1789,Technology,Phones,Smartphone A,West,Surat,1,4304.4,0.15,609.84,Credit Card
ORD-12986,2025-09-27,CUST-1250,Customer 1250,Furniture,Storage,Storage Box,West,Ahmedabad,3,7929.0,0.25,1926.37,UPI
ORD-13885,2025-09-27,CUST-1165,Customer 1165,Furniture,Office Furniture,Workstation,West,Pune,6,74041.8,0.15,19872.57,Credit Card
ORD-14150,2025-09-27,CUST-1548,Customer 1548,Appliances,Small Appliances,Blender,West,Surat,3,36973.05,0.05,8697.46,Credit Card
ORD-11910,2025-09-27,CUST-1057,Customer 1057,Technology,Laptops,Laptop Pro,South,Bengaluru,3,33984.0,0.2,10695.02,Debit Card
ORD-14970,2025-09-27,CUST-1395,Customer 1395,Furniture,Tables,Meeting Table,East,Patna,4,18540.2,0.15,2567.19,Cash
ORD-13487,2025-09-27,CUST-1436,Customer 1436,Furniture,Tables,Office Desk,East,Patna,7,37580.2,0.15,9320.86,Cash
ORD-14900,2025-09-27,CUST-1449,Customer 1449,Office Supplies,Binders,File Binder,North,Jaipur,2,46892.0,0.05,6135.44,Credit Card
ORD-10439,2025-09-27,CUST-1424,Customer 1424,Office Supplies,Paper,A4 Paper,West,Mumbai,6,102880.8,0.1,37507.46,Cash
ORD-13007,2025-09-28,CUST-1458,Customer 1458,Furniture,Office Furniture,Reception Desk,North,Delhi,1,2253.4,0.05,436.34,Cash
ORD-10122,2025-09-28,CUST-1443,Customer 1443,Technology,Tablets,Tablet Pro,South,Kochi,1,14222.25,0.25,6391.53,Cash
ORD-14440,2025-09-28,CUST-1399,Customer 1399,Appliances,Fans,Ceiling Fan,South,Hyderabad,4,87000.0,0.0,29198.96,Credit Card
ORD-12082,2025-09-28,CUST-1245,Customer 1245,Appliances,Home Care,Vacuum Cleaner,North,Delhi,7,164008.95,0.05,38383.18,Credit Card
ORD-13914,2025-09-28,CUST-1584,Customer 1584,Technology,Laptops,Laptop Air,North,Delhi,7,57148.0,0.0,16618.95,Net Banking
ORD-11696,2025-09-28,CUST-1380,Customer 1380,Appliances,Fans,Ceiling Fan,East,Patna,6,108783.0,0.1,42987.22,UPI
ORD-13398,2025-09-28,CUST-1783,Customer 1783,Technology,Laptops,Laptop Air,East,Patna,5,92097.75,0.05,11719.01,Net Banking
ORD-11007,2025-09-28,CUST-1312,Customer 1312,Appliances,Fans,Ceiling Fan,South,Hyderabad,2,44377.2,0.1,17026.74,Cash
ORD-14507,2025-09-29,CUST-1792,Customer 1792,Technology,Phones,Smartphone A,North,Jaipur,3,18257.4,0.1,7498.26,Cash
ORD-10902,2025-09-29,CUST-1656,Customer 1656,Appliances,Home Care,Air Purifier,South,Kochi,2,36199.8,0.1,4020.16,UPI
ORD-14530,2025-09-29,CUST-1237,Customer 1237,Technology,Tablets,Tablet Pro,East,Kolkata,5,18603.0,0.1,6815.43,Net Banking
ORD-13171,2025-09-29,CUST-1113,Customer 1113,Office Supplies,Paper,Premium Paper,East,Kolkata,7,5733.0,0.1,809.49,Net Banking
ORD-12783,2025-09-29,CUST-1682,Customer 1682,Office Supplies,Binders,File Binder,West,Pune,1,16655.4,0.1,3666.26,Net Banking
ORD-11228,2025-09-29,CUST-1040,Customer 1040,Appliances,Small Appliances,Toaster,South,Hyderabad,7,126543.2,0.2,53739.02,Debit Card
ORD-11825,2025-09-29,CUST-1207,Customer 1207,Technology,Tablets,Tablet 10,East,Patna,6,126927.0,0.1,17982.62,Net Banking
ORD-12999,2025-09-29,CUST-1152,Customer 1152,Furniture,Storage,Storage Box,South,Bengaluru,6,23457.6,0.2,3612.53,UPI
ORD-10507,2025-09-29,CUST-1528,Customer 1528,Appliances,Kitchen,Electric Kettle,North,Lucknow,2,16828.3,0.05,6704.07,UPI
ORD-14460,2025-09-29,CUST-1096,Customer 1096,Furniture,Chairs,Office Chair,West,Surat,2,33055.2,0.1,5240.1,UPI
ORD-14675,2025-09-29,CUST-1765,Customer 1765,Furniture,Chairs,Office Chair,East,Bhubaneswar,3,21747.0,0.0,9016.46,Debit Card
ORD-11813,2025-09-29,CUST-1136,Customer 1136,Office Supplies,Binders,File Binder,East,Kolkata,4,4375.8,0.15,732.18,UPI
ORD-12211,2025-09-29,CUST-1481,Customer 1481,Technology,Accessories,USB Cable,East,Patna,7,96550.65,0.15,22852.82,UPI
ORD-12892,2025-09-29,CUST-1077,Customer 1077,Office Supplies,Paper,Premium Paper,East,Kolkata,6,38097.0,0.25,8476.13,Net Banking
ORD-14282,2025-09-29,CUST-1138,Customer 1138,Furniture,Office Furniture,Reception Desk,North,Jaipur,5,85018.5,0.1,17534.69,UPI
ORD-13417,2025-09-29,CUST-1346,Customer 1346,Furniture,Office Furniture,Reception Desk,North,Chandigarh,4,75939.2,0.05,29488.6,UPI
ORD-10636,2025-09-29,CUST-1533,Customer 1533,Furniture,Chairs,Office Chair,West,Surat,6,137780.4,0.05,45408.69,Cash
ORD-14622,2025-09-29,CUST-1069,Customer 1069,Office Supplies,Pens,Marker,North,Chandigarh,1,9537.85,0.15,2376.32,Cash
ORD-10633,2025-09-29,CUST-1444,Customer 1444,Technology,Phones,Smartphone A,West,Mumbai,3,46716.0,0.15,14031.96,Credit Card
ORD-13562,2025-09-30,CUST-1378,Customer 1378,Appliances,Fans,Table Fan,West,Surat,7,147768.25,0.15,37621.07,Cash
ORD-10444,2025-09-30,CUST-1442,Customer 1442,Appliances,Small Appliances,Blender,East,Patna,7,27501.6,0.2,6455.1,Net Banking
ORD-12091,2025-09-30,CUST-1548,Customer 1548,Furniture,Storage,Bookshelf,East,Kolkata,3,46019.85,0.15,20219.23,Cash
ORD-12116,2025-09-30,CUST-1296,Customer 1296,Furniture,Storage,Bookshelf,West,Ahmedabad,2,25043.4,0.1,6905.0,Credit Card
ORD-12720,2025-09-30,CUST-1450,Customer 1450,Furniture,Office Furniture,Workstation,South,Chennai,6,12052.8,0.2,4114.2,Cash
ORD-11956,2025-09-30,CUST-1771,Customer 1771,Technology,Tablets,Tablet Pro,East,Guwahati,2,30844.8,0.2,3272.13,UPI
ORD-14582,2025-09-30,CUST-1345,Customer 1345,Appliances,Kitchen,Electric Kettle,East,Guwahati,3,22552.2,0.15,5282.98,Cash
ORD-10556,2025-09-30,CUST-1264,Customer 1264,Appliances,Home Care,Air Purifier,West,Mumbai,4,25160.0,0.0,10459.28,UPI
ORD-12318,2025-09-30,CUST-1046,Customer 1046,Technology,Laptops,Laptop Pro,East,Patna,6,10470.0,0.0,4266.62,Debit Card
ORD-14586,2025-09-30,CUST-1187,Customer 1187,Technology,Phones,Smartphone A,South,Hyderabad,5,37706.25,0.25,8750.3,Debit Card
ORD-12354,2025-09-30,CUST-1451,Customer 1451,Appliances,Fans,Table Fan,North,Chandigarh,1,9293.85,0.05,2852.71,Net Banking
ORD-13728,2025-09-30,CUST-1424,Customer 1424,Furniture,Storage,Storage Box,North,Chandigarh,3,18795.0,0.0,4603.56,Net Banking
ORD-10234,2025-09-30,CUST-1217,Customer 1217,Appliances,Small Appliances,Blender,East,Kolkata,3,48803.4,0.05,8723.77,Net Banking
ORD-12218,2025-09-30,CUST-1790,Customer 1790,Technology,Phones,Smartphone B,East,Patna,7,75304.6,0.05,17179.84,Debit Card
ORD-11346,2025-09-30,CUST-1471,Customer 1471,Office Supplies,Paper,A4 Paper,North,Lucknow,1,720.8,0.15,268.1,Cash
ORD-13062,2025-09-30,CUST-1013,Customer 1013,Furniture,Office Furniture,Reception Desk,West,Ahmedabad,7,64808.8,0.2,11608.21,Credit Card
ORD-11755,2025-09-30,CUST-1010,Customer 1010,Technology,Phones,Smartphone A,West,Surat,1,16861.5,0.1,2291.28,Net Banking
ORD-10265,2025-09-30,CUST-1733,Customer 1733,Office Supplies,Binders,File Binder,West,Ahmedabad,4,81003.6,0.1,9182.09,Debit Card
ORD-11448,2025-10-01,CUST-1569,Customer 1569,Appliances,Home Care,Vacuum Cleaner,East,Bhubaneswar,3,54909.15,0.15,10163.84,Cash
ORD-12967,2025-10-01,CUST-1031,Customer 1031,Technology,Tablets,Tablet 10,South,Bengaluru,1,13644.0,0.2,5137.56,Credit Card
ORD-10434,2025-10-01,CUST-1269,Customer 1269,Appliances,Kitchen,Mixer Grinder,West,Ahmedabad,1,14191.2,0.2,1733.58,Net Banking
ORD-14820,2025-10-01,CUST-1022,Customer 1022,Office Supplies,Binders,File Binder,North,Delhi,5,3694.5,0.1,933.0,Net Banking
ORD-11754,2025-10-01,CUST-1102,Customer 1102,Office Supplies,Pens,Ball Pen,East,Bhubaneswar,3,30902.4,0.2,12603.6,UPI
ORD-11655,2025-10-01,CUST-1388,Customer 1388,Furniture,Tables,Office Desk,South,Bengaluru,6,132532.2,0.1,47429.19,Debit Card
ORD-14864,2025-10-01,CUST-1511,Customer 1511,Technology,Phones,Smartphone A,North,Chandigarh,1,10321.2,0.1,2573.56,Credit Card
ORD-12971,2025-10-01,CUST-1530,Customer 1530,Appliances,Kitchen,Mixer Grinder,East,Bhubaneswar,1,19957.15,0.15,4101.5,Net Banking
ORD-14227,2025-10-01,CUST-1226,Customer 1226,Technology,Tablets,Tablet Pro,West,Mumbai,6,82940.7,0.05,28314.3,Debit Card
ORD-11229,2025-10-01,CUST-1781,Customer 1781,Furniture,Chairs,Visitor Chair,South,Bengaluru,6,8337.6,0.1,3437.8,Debit Card
ORD-13993,2025-10-01,CUST-1077,Customer 1077,Appliances,Kitchen,Electric Kettle,North,Lucknow,6,78856.2,0.15,9209.41,Debit Card
ORD-11963,2025-10-01,CUST-1541,Customer 1541,Furniture,Chairs,Ergonomic Chair,South,Chennai,7,164314.85,0.05,47713.22,Cash
ORD-12458,2025-10-01,CUST-1654,Customer 1654,Office Supplies,Organizers,Desk Organizer,South,Hyderabad,3,50130.9,0.1,5743.86,Net Banking
ORD-10571,2025-10-01,CUST-1739,Customer 1739,Furniture,Office Furniture,Workstation,South,Chennai,7,40201.0,0.0,12117.64,UPI
ORD-12135,2025-10-01,CUST-1352,Customer 1352,Office Supplies,Pens,Gel Pen,West,Surat,5,45011.0,0.05,14606.85,Debit Card
ORD-10824,2025-10-02,CUST-1727,Customer 1727,Office Supplies,Binders,File Binder,West,Pune,3,65290.65,0.05,28102.29,Credit Card
ORD-10597,2025-10-02,CUST-1791,Customer 1791,Technology,Phones,Smartphone A,West,Pune,7,86291.1,0.1,11746.61,Debit Card
ORD-13636,2025-10-02,CUST-1465,Customer 1465,Appliances,Fans,Ceiling Fan,North,Jaipur,1,1537.1,0.05,652.12,Net Banking
ORD-14999,2025-10-02,CUST-1072,Customer 1072,Furniture,Tables,Study Table,North,Jaipur,7,97813.8,0.1,16094.3,Credit Card
ORD-12060,2025-10-02,CUST-1582,Customer 1582,Office Supplies,Organizers,Desk Organizer,East,Guwahati,5,60898.5,0.1,15973.29,UPI
ORD-14271,2025-10-02,CUST-1263,Customer 1263,Furniture,Tables,Meeting Table,West,Mumbai,2,11348.0,0.0,3773.87,UPI
ORD-13057,2025-10-02,CUST-1735,Customer 1735,Office Supplies,Binders,Ring Binder,North,Lucknow,5,97938.0,0.1,21072.8,Cash
ORD-11416,2025-10-02,CUST-1774,Customer 1774,Appliances,Home Care,Air Purifier,North,Jaipur,7,61224.8,0.2,26307.64,UPI
ORD-11988,2025-10-02,CUST-1648,Customer 1648,Appliances,Home Care,Vacuum Cleaner,South,Chennai,5,110622.75,0.05,26722.94,Debit Card
ORD-10764,2025-10-02,CUST-1293,Customer 1293,Furniture,Tables,Meeting Table,North,Lucknow,1,16726.5,0.25,4089.28,UPI
ORD-10854,2025-10-02,CUST-1673,Customer 1673,Office Supplies,Organizers,Desk Organizer,West,Mumbai,6,64764.0,0.25,22865.16,Net Banking
ORD-12763,2025-10-02,CUST-1518,Customer 1518,Office Supplies,Pens,Ball Pen,North,Jaipur,3,27682.05,0.05,11564.37,Credit Card
ORD-10775,2025-10-02,CUST-1252,Customer 1252,Furniture,Storage,Bookshelf,West,Ahmedabad,2,26587.5,0.25,8761.72,Debit Card
ORD-14356,2025-10-02,CUST-1436,Customer 1436,Office Supplies,Pens,Marker,West,Ahmedabad,1,12320.8,0.2,3719.65,Credit Card
ORD-12436,2025-10-03,CUST-1394,Customer 1394,Appliances,Fans,Table Fan,South,Chennai,4,85680.0,0.1,31022.07,Credit Card
ORD-14773,2025-10-03,CUST-1435,Customer 1435,Furniture,Storage,Storage Box,South,Bengaluru,6,115320.0,0.0,33587.51,Credit Card
ORD-11193,2025-10-03,CUST-1687,Customer 1687,Technology,Tablets,Tablet 10,West,Surat,2,16744.7,0.05,3293.74,UPI
ORD-13111,2025-10-03,CUST-1316,Customer 1316,Technology,Phones,Smartphone A,North,Lucknow,4,51346.8,0.15,17514.24,Net Banking
ORD-14758,2025-10-03,CUST-1791,Customer 1791,Appliances,Home Care,Air Purifier,North,Lucknow,3,41526.0,0.0,15891.9,Cash
ORD-12511,2025-10-03,CUST-1482,Customer 1482,Appliances,Kitchen,Electric Kettle,South,Chennai,5,25360.0,0.2,10278.3,UPI
ORD-13271,2025-10-03,CUST-1769,Customer 1769,Technology,Laptops,Laptop Air,East,Kolkata,7,16436.7,0.1,7163.9,Net Banking
ORD-14442,2025-10-03,CUST-1222,Customer 1222,Technology,Laptops,Laptop Pro,East,Bhubaneswar,2,1198.0,0.0,375.84,Net Banking
ORD-14923,2025-10-03,CUST-1415,Customer 1415,Appliances,Home Care,Vacuum Cleaner,North,Lucknow,3,15371.4,0.15,4340.29,Cash
ORD-10244,2025-10-03,CUST-1684,Customer 1684,Technology,Laptops,Laptop Air,West,Surat,5,66042.0,0.1,25099.49,Credit Card
ORD-10172,2025-10-03,CUST-1798,Customer 1798,Technology,Phones,Smartphone B,West,Ahmedabad,4,2356.0,0.0,289.04,Debit Card
ORD-12073,2025-10-03,CUST-1799,Customer 1799,Appliances,Small Appliances,Toaster,West,Mumbai,2,27705.8,0.05,9036.02,Debit Card
ORD-13917,2025-10-03,CUST-1642,Customer 1642,Appliances,Small Appliances,Toaster,South,Hyderabad,1,6789.0,0.25,928.48,Credit Card
ORD-12826,2025-10-03,CUST-1757,Customer 1757,Furniture,Storage,Bookshelf,South,Bengaluru,5,89442.5,0.05,15270.88,UPI
ORD-12828,2025-10-03,CUST-1690,Customer 1690,Technology,Tablets,Tablet Pro,East,Patna,2,24454.5,0.15,4103.96,Cash
ORD-14636,2025-10-04,CUST-1066,Customer 1066,Appliances,Small Appliances,Toaster,West,Mumbai,1,16686.0,0.1,2796.25,Credit Card
ORD-10528,2025-10-04,CUST-1484,Customer 1484,Furniture,Office Furniture,Workstation,East,Bhubaneswar,6,7762.2,0.15,2166.81,Net Banking
ORD-12013,2025-10-04,CUST-1145,Customer 1145,Furniture,Storage,Bookshelf,West,Ahmedabad,2,39124.8,0.1,7233.12,Cash
ORD-12673,2025-10-04,CUST-1240,Customer 1240,Furniture,Storage,Filing Cabinet,North,Jaipur,6,50428.8,0.15,18759.83,Cash
ORD-10509,2025-10-04,CUST-1375,Customer 1375,Appliances,Fans,Table Fan,West,Ahmedabad,2,36630.1,0.05,6642.26,UPI
ORD-11801,2025-10-04,CUST-1147,Customer 1147,Office Supplies,Organizers,Document Tray,South,Chennai,4,49473.4,0.15,15471.47,UPI
ORD-11851,2025-10-05,CUST-1023,Customer 1023,Office Supplies,Pens,Ball Pen,South,Chennai,5,15304.5,0.05,4488.71,Debit Card
ORD-14783,2025-10-05,CUST-1494,Customer 1494,Appliances,Home Care,Vacuum Cleaner,West,Mumbai,4,1995.0,0.05,865.37,Cash
ORD-12467,2025-10-05,CUST-1286,Customer 1286,Appliances,Home Care,Vacuum Cleaner,East,Guwahati,1,5762.4,0.2,2382.27,Cash
ORD-12818,2025-10-05,CUST-1515,Customer 1515,Office Supplies,Binders,Ring Binder,West,Mumbai,1,20925.65,0.05,3014.69,Debit Card
ORD-11902,2025-10-05,CUST-1322,Customer 1322,Technology,Accessories,Wireless Mouse,East,Bhubaneswar,4,12528.0,0.2,5091.4,Credit Card
ORD-14402,2025-10-05,CUST-1754,Customer 1754,Office Supplies,Binders,Ring Binder,East,Bhubaneswar,1,20694.6,0.1,6854.56,Debit Card
ORD-12497,2025-10-05,CUST-1466,Customer 1466,Appliances,Home Care,Air Purifier,North,Lucknow,4,20196.0,0.15,7359.51,Debit Card
ORD-11820,2025-10-05,CUST-1005,Customer 1005,Office Supplies,Organizers,Document Tray,East,Kolkata,3,40778.4,0.2,4150.71,Credit Card
ORD-13754,2025-10-05,CUST-1219,Customer 1219,Technology,Tablets,Tablet Pro,West,Pune,4,36910.4,0.15,4890.08,UPI
ORD-13423,2025-10-05,CUST-1380,Customer 1380,Office Supplies,Organizers,Desk Organizer,East,Bhubaneswar,5,9747.0,0.1,3238.87,Net Banking
ORD-14619,2025-10-05,CUST-1413,Customer 1413,Office Supplies,Paper,Premium Paper,South,Kochi,4,50544.0,0.1,5731.3,Debit Card
ORD-11019,2025-10-05,CUST-1764,Customer 1764,Appliances,Fans,Ceiling Fan,East,Bhubaneswar,5,8971.75,0.15,3875.52,UPI
ORD-11155,2025-10-05,CUST-1494,Customer 1494,Appliances,Home Care,Air Purifier,North,Chandigarh,3,66650.1,0.05,15599.05,UPI
ORD-13785,2025-10-05,CUST-1341,Customer 1341,Furniture,Chairs,Visitor Chair,South,Kochi,3,19780.2,0.1,5338.43,Net Banking
ORD-11514,2025-10-06,CUST-1065,Customer 1065,Technology,Accessories,Wireless Mouse,West,Mumbai,5,37665.0,0.1,8375.96,UPI
ORD-11173,2025-10-06,CUST-1411,Customer 1411,Office Supplies,Organizers,Document Tray,East,Guwahati,5,99897.25,0.05,21617.25,UPI
ORD-11940,2025-10-06,CUST-1633,Customer 1633,Office Supplies,Binders,File Binder,South,Bengaluru,2,31591.8,0.1,10090.36,Cash
ORD-14483,2025-10-06,CUST-1383,Customer 1383,Furniture,Chairs,Office Chair,East,Patna,1,2415.85,0.05,995.87,Net Banking
ORD-12113,2025-10-06,CUST-1524,Customer 1524,Furniture,Office Furniture,Reception Desk,North,Chandigarh,2,16899.7,0.15,6245.64,Credit Card
ORD-13328,2025-10-06,CUST-1168,Customer 1168,Office Supplies,Binders,File Binder,West,Surat,4,72480.0,0.25,32018.83,Credit Card
ORD-13850,2025-10-06,CUST-1618,Customer 1618,Technology,Laptops,Business Laptop,North,Lucknow,7,81746.0,0.0,36095.82,Debit Card
ORD-13393,2025-10-06,CUST-1584,Customer 1584,Furniture,Office Furniture,Reception Desk,North,Chandigarh,6,111465.6,0.2,35415.19,Net Banking
ORD-14023,2025-10-06,CUST-1085,Customer 1085,Appliances,Small Appliances,Toaster,East,Patna,5,86928.0,0.2,33540.03,Net Banking
ORD-10596,2025-10-06,CUST-1416,Customer 1416,Appliances,Home Care,Vacuum Cleaner,West,Mumbai,2,8867.2,0.15,2772.14,Cash
ORD-14011,2025-10-06,CUST-1653,Customer 1653,Furniture,Chairs,Ergonomic Chair,South,Bengaluru,6,62764.8,0.2,22030.13,UPI
ORD-11794,2025-10-06,CUST-1688,Customer 1688,Office Supplies,Binders,File Binder,North,Lucknow,2,5424.0,0.2,1120.43,UPI
ORD-14232,2025-10-06,CUST-1033,Customer 1033,Technology,Tablets,Tablet Pro,West,Ahmedabad,2,7680.0,0.0,3077.63,Cash
ORD-13339,2025-10-06,CUST-1704,Customer 1704,Furniture,Storage,Filing Cabinet,North,Delhi,6,16529.4,0.1,5757.06,Credit Card
ORD-10553,2025-10-06,CUST-1241,Customer 1241,Technology,Phones,Smartphone A,East,Bhubaneswar,5,3833.25,0.05,699.21,UPI
ORD-13014,2025-10-07,CUST-1460,Customer 1460,Office Supplies,Binders,Ring Binder,West,Ahmedabad,2,5101.7,0.15,751.87,UPI
ORD-13767,2025-10-07,CUST-1047,Customer 1047,Appliances,Kitchen,Electric Kettle,East,Bhubaneswar,6,99383.7,0.15,12401.44,Cash
ORD-10200,2025-10-07,CUST-1722,Customer 1722,Office Supplies,Organizers,Desk Organizer,East,Kolkata,4,79315.2,0.2,34345.13,UPI
ORD-13409,2025-10-07,CUST-1422,Customer 1422,Furniture,Office Furniture,Workstation,West,Mumbai,7,99659.7,0.1,31344.33,Net Banking
ORD-12616,2025-10-07,CUST-1309,Customer 1309,Appliances,Home Care,Vacuum Cleaner,North,Chandigarh,4,67211.2,0.15,7559.68,UPI
ORD-12270,2025-10-07,CUST-1573,Customer 1573,Appliances,Fans,Table Fan,East,Kolkata,4,84344.4,0.1,9123.73,Debit Card
ORD-12620,2025-10-07,CUST-1398,Customer 1398,Office Supplies,Paper,Premium Paper,North,Lucknow,1,4451.4,0.1,1089.93,Net Banking
ORD-10292,2025-10-07,CUST-1103,Customer 1103,Office Supplies,Binders,Ring Binder,West,Pune,5,116510.0,0.0,42156.36,Cash
ORD-12988,2025-10-07,CUST-1468,Customer 1468,Office Supplies,Organizers,Document Tray,West,Mumbai,4,73827.6,0.15,16324.0,Cash
ORD-13182,2025-10-07,CUST-1471,Customer 1471,Office Supplies,Organizers,Desk Organizer,East,Guwahati,5,70110.0,0.05,20690.94,Net Banking
ORD-12657,2025-10-07,CUST-1025,Customer 1025,Office Supplies,Binders,File Binder,West,Surat,2,41977.8,0.1,5884.56,Debit Card
ORD-11324,2025-10-07,CUST-1224,Customer 1224,Furniture,Chairs,Ergonomic Chair,North,Jaipur,1,14108.45,0.05,2297.73,UPI
ORD-12253,2025-10-07,CUST-1064,Customer 1064,Office Supplies,Paper,Premium Paper,South,Bengaluru,7,81572.4,0.1,12405.7,Debit Card
ORD-11064,2025-10-07,CUST-1632,Customer 1632,Technology,Tablets,Tablet 10,East,Guwahati,4,51924.0,0.0,13630.94,Credit Card
ORD-10092,2025-10-07,CUST-1652,Customer 1652,Appliances,Home Care,Air Purifier,South,Chennai,3,59967.0,0.0,11270.18,Credit Card
ORD-14610,2025-10-07,CUST-1479,Customer 1479,Technology,Accessories,USB Cable,West,Ahmedabad,3,24540.0,0.0,10375.53,Debit Card
ORD-11068,2025-10-08,CUST-1254,Customer 1254,Office Supplies,Organizers,Document Tray,North,Chandigarh,1,11242.1,0.15,1309.83,Net Banking
ORD-10552,2025-10-08,CUST-1323,Customer 1323,Appliances,Small Appliances,Toaster,East,Patna,5,75311.25,0.05,29368.95,Debit Card
ORD-13483,2025-10-08,CUST-1074,Customer 1074,Technology,Laptops,Laptop Pro,North,Jaipur,3,60723.15,0.15,19543.6,Cash
ORD-14633,2025-10-08,CUST-1703,Customer 1703,Furniture,Storage,Bookshelf,North,Chandigarh,1,13546.4,0.2,2317.37,Debit Card
ORD-14982,2025-10-08,CUST-1091,Customer 1091,Office Supplies,Binders,Ring Binder,North,Lucknow,6,31737.3,0.15,10812.23,Credit Card
ORD-11443,2025-10-08,CUST-1285,Customer 1285,Appliances,Home Care,Air Purifier,South,Hyderabad,3,56883.0,0.0,13237.73,Net Banking
ORD-14563,2025-10-08,CUST-1784,Customer 1784,Technology,Laptops,Laptop Air,South,Hyderabad,7,7755.3,0.1,1294.56,UPI
ORD-10964,2025-10-08,CUST-1442,Customer 1442,Office Supplies,Organizers,Document Tray,North,Lucknow,5,35545.5,0.1,15295.95,Net Banking
ORD-11736,2025-10-08,CUST-1744,Customer 1744,Appliances,Fans,Ceiling Fan,North,Chandigarh,2,4326.0,0.25,1627.77,Debit Card
ORD-14789,2025-10-08,CUST-1055,Customer 1055,Appliances,Home Care,Vacuum Cleaner,East,Guwahati,6,6036.3,0.05,946.58,Net Banking
ORD-13688,2025-10-08,CUST-1619,Customer 1619,Furniture,Storage,Storage Box,West,Pune,7,79480.8,0.1,10272.25,Credit Card
ORD-11725,2025-10-08,CUST-1212,Customer 1212,Furniture,Tables,Meeting Table,West,Ahmedabad,3,24504.3,0.05,10243.6,Net Banking
ORD-11265,2025-10-09,CUST-1343,Customer 1343,Furniture,Storage,Bookshelf,East,Bhubaneswar,6,73364.4,0.1,8295.71,UPI
ORD-12308,2025-10-09,CUST-1617,Customer 1617,Appliances,Small Appliances,Blender,West,Pune,3,54986.4,0.2,13918.21,Debit Card
ORD-10051,2025-10-09,CUST-1505,Customer 1505,Office Supplies,Organizers,Desk Organizer,West,Mumbai,5,15772.5,0.1,6777.28,UPI
ORD-11640,2025-10-09,CUST-1657,Customer 1657,Furniture,Office Furniture,Reception Desk,East,Patna,4,56560.0,0.2,9775.62,Cash
ORD-12314,2025-10-09,CUST-1397,Customer 1397,Technology,Accessories,Headphones,East,Kolkata,4,63284.4,0.1,18766.35,Credit Card
ORD-12499,2025-10-09,CUST-1362,Customer 1362,Office Supplies,Pens,Ball Pen,West,Surat,6,2323.2,0.2,821.38,Net Banking
ORD-12949,2025-10-09,CUST-1132,Customer 1132,Furniture,Storage,Bookshelf,East,Bhubaneswar,2,28720.4,0.05,5836.58,Debit Card
ORD-11840,2025-10-09,CUST-1185,Customer 1185,Technology,Laptops,Laptop Pro,West,Surat,1,11276.25,0.25,4204.91,Credit Card
ORD-10201,2025-10-09,CUST-1650,Customer 1650,Office Supplies,Binders,Ring Binder,East,Kolkata,2,28605.6,0.1,5897.52,Debit Card
ORD-11914,2025-10-09,CUST-1490,Customer 1490,Furniture,Storage,Bookshelf,North,Chandigarh,7,100200.8,0.2,33779.16,Debit Card
ORD-13314,2025-10-09,CUST-1186,Customer 1186,Technology,Tablets,Tablet 10,South,Chennai,7,55181.7,0.05,22737.79,Cash
ORD-13683,2025-10-10,CUST-1180,Customer 1180,Office Supplies,Pens,Gel Pen,East,Kolkata,6,120458.1,0.05,45726.22,Debit Card
ORD-14714,2025-10-10,CUST-1308,Customer 1308,Technology,Accessories,Wireless Mouse,North,Lucknow,5,2576.0,0.2,919.07,Credit Card
ORD-14747,2025-10-10,CUST-1282,Customer 1282,Furniture,Storage,Bookshelf,West,Ahmedabad,4,44455.0,0.15,16689.1,Credit Card
ORD-13701,2025-10-10,CUST-1233,Customer 1233,Office Supplies,Paper,Premium Paper,North,Lucknow,5,74969.25,0.05,26097.79,Credit Card
ORD-10826,2025-10-10,CUST-1274,Customer 1274,Appliances,Fans,Table Fan,West,Surat,2,7721.6,0.2,2468.06,UPI
ORD-10241,2025-10-10,CUST-1079,Customer 1079,Furniture,Office Furniture,Workstation,North,Lucknow,7,87954.3,0.1,18519.47,Debit Card
ORD-11929,2025-10-10,CUST-1779,Customer 1779,Appliances,Small Appliances,Blender,North,Jaipur,1,19008.55,0.15,2625.63,Cash
ORD-14912,2025-10-10,CUST-1322,Customer 1322,Technology,Laptops,Business Laptop,East,Kolkata,5,54072.0,0.1,20466.98,Cash
ORD-12640,2025-10-10,CUST-1657,Customer 1657,Appliances,Small Appliances,Toaster,North,Jaipur,2,14398.4,0.2,2064.63,Debit Card
ORD-11819,2025-10-10,CUST-1352,Customer 1352,Furniture,Storage,Filing Cabinet,East,Guwahati,6,115824.0,0.05,35214.67,Debit Card
ORD-11782,2025-10-10,CUST-1366,Customer 1366,Appliances,Kitchen,Mixer Grinder,North,Chandigarh,6,72445.5,0.15,22779.02,Credit Card
ORD-14696,2025-10-10,CUST-1794,Customer 1794,Office Supplies,Binders,Ring Binder,West,Mumbai,2,44591.4,0.1,13580.1,Credit Card
ORD-14466,2025-10-10,CUST-1534,Customer 1534,Appliances,Small Appliances,Toaster,South,Bengaluru,6,67212.0,0.0,16448.37,Net Banking
ORD-10057,2025-10-11,CUST-1236,Customer 1236,Appliances,Small Appliances,Blender,North,Jaipur,7,17444.7,0.1,4602.1,Debit Card
ORD-14497,2025-10-11,CUST-1486,Customer 1486,Office Supplies,Paper,A4 Paper,West,Mumbai,6,73267.2,0.2,25419.19,Net Banking
ORD-11307,2025-10-11,CUST-1381,Customer 1381,Appliances,Home Care,Air Purifier,South,Chennai,1,1703.2,0.2,405.2,UPI
ORD-12709,2025-10-11,CUST-1774,Customer 1774,Appliances,Fans,Table Fan,South,Chennai,7,122839.5,0.25,50888.97,Net Banking
ORD-13736,2025-10-11,CUST-1390,Customer 1390,Furniture,Storage,Filing Cabinet,West,Surat,4,27928.8,0.1,8621.36,Cash
ORD-13048,2025-10-11,CUST-1306,Customer 1306,Furniture,Office Furniture,Workstation,North,Jaipur,6,26198.4,0.2,10813.34,Cash
ORD-13830,2025-10-11,CUST-1470,Customer 1470,Appliances,Fans,Ceiling Fan,West,Mumbai,1,10640.7,0.1,3716.14,Net Banking
ORD-10523,2025-10-11,CUST-1328,Customer 1328,Furniture,Chairs,Visitor Chair,West,Pune,3,2511.75,0.15,617.1,Credit Card
ORD-14295,2025-10-11,CUST-1160,Customer 1160,Technology,Tablets,Tablet 10,East,Patna,7,78430.1,0.05,29333.62,UPI
ORD-14612,2025-10-11,CUST-1532,Customer 1532,Appliances,Home Care,Air Purifier,West,Ahmedabad,6,82860.9,0.05,12197.76,Credit Card
ORD-11834,2025-10-11,CUST-1639,Customer 1639,Office Supplies,Organizers,Document Tray,North,Lucknow,1,7859.2,0.2,2797.76,Credit Card
ORD-13301,2025-10-11,CUST-1588,Customer 1588,Furniture,Storage,Bookshelf,West,Pune,7,39930.45,0.15,9615.68,Net Banking
ORD-14471,2025-10-11,CUST-1502,Customer 1502,Furniture,Office Furniture,Reception Desk,West,Ahmedabad,7,29192.8,0.2,12825.86,UPI
ORD-14336,2025-10-11,CUST-1231,Customer 1231,Technology,Phones,Smartphone B,West,Ahmedabad,5,9580.0,0.0,3036.49,Net Banking
ORD-10795,2025-10-11,CUST-1569,Customer 1569,Technology,Tablets,Tablet Pro,West,Mumbai,2,33872.5,0.15,8168.48,Net Banking
ORD-14277,2025-10-11,CUST-1361,Customer 1361,Technology,Phones,Smartphone B,East,Kolkata,6,141599.4,0.05,53869.6,Debit Card
ORD-14435,2025-10-11,CUST-1318,Customer 1318,Appliances,Small Appliances,Toaster,East,Bhubaneswar,1,5711.0,0.0,1843.31,Debit Card
ORD-11367,2025-10-12,CUST-1602,Customer 1602,Office Supplies,Organizers,Desk Organizer,North,Jaipur,3,58984.05,0.15,9453.08,Net Banking
ORD-14807,2025-10-12,CUST-1746,Customer 1746,Technology,Accessories,Wireless Mouse,South,Hyderabad,5,1704.25,0.15,367.01,UPI
ORD-10599,2025-10-12,CUST-1165,Customer 1165,Appliances,Fans,Table Fan,North,Delhi,7,111122.2,0.15,22547.64,Net Banking
ORD-14980,2025-10-12,CUST-1256,Customer 1256,Appliances,Fans,Ceiling Fan,North,Lucknow,1,21729.35,0.05,5066.77,Credit Card
ORD-10731,2025-10-12,CUST-1584,Customer 1584,Office Supplies,Pens,Gel Pen,West,Ahmedabad,1,13017.6,0.2,2172.89,Debit Card
ORD-10261,2025-10-12,CUST-1269,Customer 1269,Technology,Laptops,Laptop Pro,East,Bhubaneswar,1,18578.0,0.0,3407.06,Credit Card
ORD-12468,2025-10-12,CUST-1116,Customer 1116,Technology,Laptops,Laptop Pro,East,Patna,6,110603.7,0.15,21529.02,Cash
ORD-10574,2025-10-12,CUST-1705,Customer 1705,Furniture,Chairs,Office Chair,East,Guwahati,1,21078.0,0.1,5159.33,Cash
ORD-12646,2025-10-12,CUST-1046,Customer 1046,Office Supplies,Paper,Premium Paper,West,Ahmedabad,5,52759.5,0.15,12102.68,Net Banking
ORD-11328,2025-10-12,CUST-1762,Customer 1762,Technology,Laptops,Business Laptop,East,Bhubaneswar,3,16305.3,0.1,4048.12,UPI
ORD-10070,2025-10-12,CUST-1570,Customer 1570,Furniture,Office Furniture,Workstation,South,Chennai,7,22395.8,0.15,5822.92,Debit Card
ORD-12838,2025-10-12,CUST-1530,Customer 1530,Technology,Tablets,Tablet Pro,South,Bengaluru,5,82977.75,0.05,13784.44,Net Banking
ORD-12168,2025-10-12,CUST-1123,Customer 1123,Office Supplies,Organizers,Document Tray,East,Guwahati,6,39204.6,0.05,15267.69,Credit Card
ORD-14608,2025-10-13,CUST-1130,Customer 1130,Furniture,Chairs,Ergonomic Chair,East,Patna,3,41031.9,0.1,11465.55,Credit Card
ORD-13580,2025-10-13,CUST-1334,Customer 1334,Technology,Tablets,Tablet 10,East,Bhubaneswar,3,34329.0,0.0,9215.35,Credit Card
ORD-14338,2025-10-13,CUST-1492,Customer 1492,Furniture,Office Furniture,Reception Desk,East,Guwahati,3,34569.0,0.0,3602.44,Credit Card
ORD-14957,2025-10-13,CUST-1233,Customer 1233,Appliances,Fans,Ceiling Fan,East,Guwahati,6,84660.0,0.0,20665.44,Debit Card
ORD-12585,2025-10-13,CUST-1506,Customer 1506,Office Supplies,Organizers,Document Tray,North,Lucknow,2,41784.0,0.0,5775.22,Net Banking
ORD-14951,2025-10-13,CUST-1099,Customer 1099,Appliances,Home Care,Air Purifier,North,Delhi,1,7027.2,0.1,2120.65,Credit Card
ORD-12341,2025-10-13,CUST-1738,Customer 1738,Furniture,Chairs,Visitor Chair,North,Lucknow,2,1310.4,0.2,312.89,Net Banking
ORD-10252,2025-10-13,CUST-1700,Customer 1700,Technology,Laptops,Laptop Air,East,Kolkata,4,54560.0,0.2,6380.17,UPI
ORD-14796,2025-10-13,CUST-1259,Customer 1259,Furniture,Chairs,Ergonomic Chair,East,Kolkata,3,25255.2,0.2,5887.56,Cash
ORD-13399,2025-10-13,CUST-1110,Customer 1110,Appliances,Kitchen,Mixer Grinder,North,Lucknow,2,5776.0,0.05,2489.63,Cash
ORD-13078,2025-10-13,CUST-1377,Customer 1377,Office Supplies,Pens,Marker,West,Ahmedabad,1,13312.7,0.15,4577.18,Net Banking
ORD-11516,2025-10-13,CUST-1427,Customer 1427,Furniture,Chairs,Ergonomic Chair,West,Ahmedabad,1,18724.0,0.0,2121.98,Debit Card
ORD-14611,2025-10-14,CUST-1648,Customer 1648,Technology,Accessories,Headphones,West,Mumbai,1,6767.0,0.0,1388.17,Credit Card
ORD-11420,2025-10-14,CUST-1394,Customer 1394,Technology,Accessories,Wireless Mouse,West,Ahmedabad,4,11168.0,0.2,4166.9,Net Banking
ORD-14576,2025-10-14,CUST-1382,Customer 1382,Technology,Phones,Smartphone C,East,Kolkata,6,70740.0,0.1,27051.36,Net Banking
ORD-14493,2025-10-14,CUST-1479,Customer 1479,Technology,Phones,Smartphone B,North,Chandigarh,1,18609.9,0.15,7915.11,Credit Card
ORD-12722,2025-10-14,CUST-1267,Customer 1267,Technology,Tablets,Tablet 10,North,Delhi,7,113059.8,0.1,33257.16,Debit Card
ORD-10081,2025-10-14,CUST-1568,Customer 1568,Office Supplies,Organizers,Desk Organizer,North,Chandigarh,7,139590.15,0.05,46228.48,Net Banking
ORD-10150,2025-10-14,CUST-1435,Customer 1435,Appliances,Kitchen,Mixer Grinder,South,Hyderabad,7,16784.6,0.05,4199.6,Net Banking
ORD-11682,2025-10-14,CUST-1713,Customer 1713,Furniture,Tables,Study Table,South,Kochi,5,46422.75,0.15,13304.32,Net Banking
ORD-10037,2025-10-14,CUST-1047,Customer 1047,Appliances,Kitchen,Electric Kettle,North,Lucknow,5,13892.0,0.2,3244.4,UPI
ORD-13043,2025-10-14,CUST-1197,Customer 1197,Technology,Phones,Smartphone B,North,Chandigarh,5,85136.25,0.25,20282.98,Cash
ORD-12189,2025-10-15,CUST-1015,Customer 1015,Furniture,Tables,Study Table,South,Bengaluru,2,13683.3,0.15,2412.52,UPI
ORD-13994,2025-10-15,CUST-1422,Customer 1422,Technology,Accessories,Keyboard,North,Chandigarh,3,35847.9,0.15,8256.79,Credit Card
ORD-13679,2025-10-15,CUST-1037,Customer 1037,Office Supplies,Paper,Premium Paper,South,Chennai,6,40293.3,0.05,9067.54,Net Banking
ORD-14243,2025-10-15,CUST-1068,Customer 1068,Furniture,Tables,Office Desk,West,Ahmedabad,7,137207.0,0.0,48022.69,Debit Card
ORD-14037,2025-10-15,CUST-1258,Customer 1258,Furniture,Office Furniture,Workstation,South,Chennai,6,49099.8,0.05,13837.33,Cash
ORD-13907,2025-10-15,CUST-1498,Customer 1498,Office Supplies,Pens,Ball Pen,West,Pune,1,22144.5,0.05,7330.17,Debit Card
ORD-14147,2025-10-15,CUST-1502,Customer 1502,Technology,Tablets,Tablet 10,North,Lucknow,2,12426.0,0.05,1255.55,Cash
ORD-11461,2025-10-15,CUST-1348,Customer 1348,Technology,Accessories,USB Cable,South,Kochi,5,60350.0,0.0,12198.32,Credit Card
ORD-14028,2025-10-15,CUST-1098,Customer 1098,Technology,Tablets,Tablet 10,North,Jaipur,1,8954.7,0.05,1266.07,UPI
ORD-11260,2025-10-15,CUST-1108,Customer 1108,Office Supplies,Binders,File Binder,West,Pune,2,8323.2,0.1,2647.89,Cash
ORD-11892,2025-10-15,CUST-1100,Customer 1100,Furniture,Tables,Office Desk,West,Mumbai,6,57278.4,0.2,15139.37,Credit Card
ORD-10595,2025-10-15,CUST-1622,Customer 1622,Appliances,Home Care,Vacuum Cleaner,West,Mumbai,3,61881.3,0.1,26554.39,Credit Card
ORD-13581,2025-10-15,CUST-1280,Customer 1280,Office Supplies,Binders,Ring Binder,North,Lucknow,3,53460.0,0.0,12412.86,UPI
ORD-11376,2025-10-16,CUST-1534,Customer 1534,Technology,Phones,Smartphone B,East,Bhubaneswar,4,86229.6,0.05,27184.12,UPI
ORD-13134,2025-10-16,CUST-1777,Customer 1777,Technology,Laptops,Laptop Pro,South,Kochi,1,19056.0,0.2,5863.35,Debit Card
ORD-12061,2025-10-16,CUST-1057,Customer 1057,Technology,Tablets,Tablet Pro,West,Ahmedabad,5,52853.0,0.15,13627.17,Net Banking
ORD-14601,2025-10-16,CUST-1395,Customer 1395,Technology,Laptops,Laptop Pro,South,Kochi,6,42940.8,0.2,12315.99,Credit Card
ORD-14159,2025-10-16,CUST-1254,Customer 1254,Furniture,Storage,Filing Cabinet,South,Kochi,7,86152.5,0.1,34870.68,Net Banking
ORD-14030,2025-10-16,CUST-1503,Customer 1503,Furniture,Office Furniture,Reception Desk,West,Pune,3,12115.05,0.15,3521.76,Credit Card
ORD-14462,2025-10-16,CUST-1459,Customer 1459,Technology,Laptops,Laptop Pro,North,Delhi,6,84739.2,0.2,23554.22,Debit Card
ORD-13923,2025-10-16,CUST-1646,Customer 1646,Furniture,Storage,Filing Cabinet,North,Delhi,5,58575.0,0.0,6103.64,UPI
ORD-12976,2025-10-16,CUST-1403,Customer 1403,Office Supplies,Binders,Ring Binder,West,Ahmedabad,4,25661.4,0.05,10371.22,Debit Card
ORD-14256,2025-10-16,CUST-1378,Customer 1378,Appliances,Home Care,Air Purifier,South,Bengaluru,5,14548.5,0.1,4638.75,Credit Card
ORD-14184,2025-10-16,CUST-1657,Customer 1657,Office Supplies,Pens,Ball Pen,West,Mumbai,3,54587.85,0.15,18452.4,Debit Card
ORD-13325,2025-10-16,CUST-1400,Customer 1400,Office Supplies,Paper,A4 Paper,West,Mumbai,2,9494.5,0.15,4191.41,UPI
ORD-10448,2025-10-16,CUST-1526,Customer 1526,Furniture,Chairs,Visitor Chair,South,Bengaluru,4,55004.4,0.1,19332.3,Debit Card
ORD-11803,2025-10-16,CUST-1532,Customer 1532,Office Supplies,Organizers,Desk Organizer,North,Lucknow,2,12406.4,0.2,4688.67,Credit Card
ORD-12427,2025-10-17,CUST-1208,Customer 1208,Office Supplies,Pens,Marker,North,Delhi,7,59494.05,0.15,26072.48,Credit Card
ORD-14500,2025-10-17,CUST-1239,Customer 1239,Technology,Phones,Smartphone B,North,Chandigarh,7,114830.1,0.1,44380.38,UPI
ORD-10359,2025-10-17,CUST-1181,Customer 1181,Technology,Phones,Smartphone B,North,Jaipur,4,3121.2,0.15,906.7,Debit Card
ORD-11564,2025-10-17,CUST-1443,Customer 1443,Furniture,Storage,Filing Cabinet,East,Bhubaneswar,2,14243.4,0.1,5152.98,UPI
ORD-13841,2025-10-17,CUST-1115,Customer 1115,Appliances,Home Care,Vacuum Cleaner,North,Lucknow,7,67116.0,0.2,23205.18,UPI
ORD-13592,2025-10-17,CUST-1197,Customer 1197,Office Supplies,Paper,A4 Paper,East,Bhubaneswar,5,35109.0,0.1,9255.85,Cash
ORD-13981,2025-10-17,CUST-1166,Customer 1166,Furniture,Tables,Study Table,East,Guwahati,5,23774.5,0.15,7301.93,Cash
ORD-10896,2025-10-17,CUST-1599,Customer 1599,Appliances,Small Appliances,Toaster,West,Mumbai,2,8251.8,0.15,3339.05,Debit Card
ORD-11887,2025-10-17,CUST-1357,Customer 1357,Furniture,Storage,Filing Cabinet,North,Lucknow,2,6606.0,0.1,1061.88,Debit Card
ORD-11941,2025-10-17,CUST-1584,Customer 1584,Office Supplies,Organizers,Document Tray,West,Surat,7,163499.0,0.0,49335.48,Credit Card
ORD-13958,2025-10-17,CUST-1428,Customer 1428,Technology,Phones,Smartphone C,West,Mumbai,2,34558.2,0.1,15077.37,Cash
ORD-12693,2025-10-17,CUST-1487,Customer 1487,Appliances,Home Care,Air Purifier,West,Ahmedabad,6,76494.0,0.0,24223.16,Credit Card
ORD-12712,2025-10-17,CUST-1243,Customer 1243,Office Supplies,Pens,Ball Pen,South,Hyderabad,6,20799.3,0.05,8959.1,UPI
ORD-13931,2025-10-18,CUST-1246,Customer 1246,Appliances,Fans,Table Fan,East,Patna,7,67715.2,0.2,14611.99,Net Banking
ORD-12284,2025-10-18,CUST-1301,Customer 1301,Appliances,Kitchen,Mixer Grinder,South,Bengaluru,4,86950.8,0.1,37027.85,Debit Card
ORD-13903,2025-10-18,CUST-1107,Customer 1107,Appliances,Small Appliances,Blender,East,Kolkata,7,61546.8,0.15,16937.25,Cash
ORD-13862,2025-10-18,CUST-1730,Customer 1730,Furniture,Tables,Study Table,East,Bhubaneswar,3,44393.4,0.1,8947.11,Net Banking
ORD-12931,2025-10-18,CUST-1119,Customer 1119,Furniture,Office Furniture,Workstation,East,Guwahati,5,98496.0,0.2,40493.98,UPI
ORD-11900,2025-10-18,CUST-1540,Customer 1540,Furniture,Office Furniture,Workstation,South,Kochi,5,87312.0,0.2,30245.09,Net Banking
ORD-14370,2025-10-18,CUST-1561,Customer 1561,Appliances,Fans,Table Fan,East,Kolkata,3,17919.0,0.0,6506.59,Debit Card
ORD-11964,2025-10-18,CUST-1492,Customer 1492,Furniture,Chairs,Visitor Chair,North,Chandigarh,4,72792.0,0.25,13727.52,UPI
ORD-12445,2025-10-18,CUST-1110,Customer 1110,Appliances,Small Appliances,Blender,East,Patna,4,15516.8,0.2,6449.65,Credit Card
ORD-12639,2025-10-18,CUST-1100,Customer 1100,Furniture,Tables,Meeting Table,North,Delhi,7,3152.1,0.05,1198.37,Debit Card
ORD-12631,2025-10-18,CUST-1292,Customer 1292,Office Supplies,Pens,Marker,East,Patna,1,21543.0,0.0,9293.01,UPI
ORD-12145,2025-10-18,CUST-1062,Customer 1062,Technology,Laptops,Business Laptop,North,Lucknow,7,130746.0,0.0,41121.07,Credit Card
ORD-12147,2025-10-18,CUST-1477,Customer 1477,Technology,Accessories,USB Cable,East,Patna,3,45364.5,0.15,16879.47,Cash
ORD-12496,2025-10-18,CUST-1758,Customer 1758,Appliances,Small Appliances,Blender,South,Hyderabad,1,3971.0,0.0,1644.58,Cash
ORD-14134,2025-10-18,CUST-1600,Customer 1600,Appliances,Small Appliances,Toaster,South,Chennai,4,81324.6,0.15,24466.07,Credit Card
ORD-14317,2025-10-19,CUST-1481,Customer 1481,Office Supplies,Binders,Ring Binder,East,Bhubaneswar,6,89788.5,0.25,33064.02,Net Banking
ORD-10486,2025-10-19,CUST-1665,Customer 1665,Furniture,Storage,Bookshelf,East,Bhubaneswar,1,7309.0,0.0,1132.49,Debit Card
ORD-14399,2025-10-19,CUST-1139,Customer 1139,Office Supplies,Organizers,Document Tray,West,Ahmedabad,1,8640.0,0.0,3244.1,Debit Card
ORD-12701,2025-10-19,CUST-1761,Customer 1761,Technology,Tablets,Tablet 10,South,Chennai,3,44658.0,0.25,14051.9,Debit Card
ORD-13654,2025-10-19,CUST-1178,Customer 1178,Office Supplies,Pens,Ball Pen,East,Bhubaneswar,4,89924.4,0.1,28727.89,Cash
ORD-11548,2025-10-19,CUST-1185,Customer 1185,Office Supplies,Organizers,Document Tray,West,Ahmedabad,7,62496.0,0.1,15382.37,Net Banking
ORD-10114,2025-10-19,CUST-1218,Customer 1218,Furniture,Tables,Meeting Table,West,Surat,2,33280.0,0.2,7826.38,Credit Card
ORD-13949,2025-10-19,CUST-1589,Customer 1589,Technology,Tablets,Tablet 10,East,Kolkata,2,19385.6,0.2,3222.33,Net Banking
ORD-13377,2025-10-19,CUST-1362,Customer 1362,Furniture,Office Furniture,Reception Desk,West,Surat,2,33583.5,0.15,13238.97,UPI
ORD-13516,2025-10-19,CUST-1781,Customer 1781,Technology,Phones,Smartphone C,West,Pune,6,71232.9,0.05,9834.55,Cash
ORD-11726,2025-10-19,CUST-1218,Customer 1218,Furniture,Chairs,Visitor Chair,North,Delhi,4,43200.0,0.1,17023.17,Net Banking
ORD-13183,2025-10-20,CUST-1131,Customer 1131,Office Supplies,Binders,Ring Binder,South,Bengaluru,7,78995.7,0.1,20627.62,Net Banking
ORD-14166,2025-10-20,CUST-1540,Customer 1540,Office Supplies,Paper,A4 Paper,East,Patna,7,42260.4,0.1,14812.52,Cash
ORD-11076,2025-10-20,CUST-1535,Customer 1535,Technology,Tablets,Tablet 10,North,Lucknow,7,94718.05,0.15,18034.88,Net Banking
ORD-10040,2025-10-20,CUST-1003,Customer 1003,Office Supplies,Pens,Marker,West,Ahmedabad,6,6862.8,0.05,796.85,Net Banking
ORD-12143,2025-10-20,CUST-1134,Customer 1134,Furniture,Storage,Bookshelf,West,Ahmedabad,7,41453.65,0.15,7109.25,Credit Card
ORD-12181,2025-10-20,CUST-1513,Customer 1513,Appliances,Kitchen,Electric Kettle,South,Bengaluru,1,2837.65,0.05,987.94,UPI
ORD-14090,2025-10-20,CUST-1390,Customer 1390,Appliances,Kitchen,Mixer Grinder,West,Ahmedabad,6,67105.8,0.1,28566.04,Debit Card
ORD-10998,2025-10-20,CUST-1758,Customer 1758,Appliances,Home Care,Vacuum Cleaner,North,Lucknow,1,8803.65,0.05,2930.2,UPI
ORD-12522,2025-10-20,CUST-1248,Customer 1248,Furniture,Chairs,Visitor Chair,West,Surat,3,25117.5,0.15,8315.6,Debit Card
ORD-12571,2025-10-20,CUST-1249,Customer 1249,Furniture,Chairs,Office Chair,North,Chandigarh,4,62236.4,0.05,12011.9,Debit Card
ORD-11854,2025-10-20,CUST-1686,Customer 1686,Technology,Laptops,Laptop Air,East,Guwahati,3,61812.0,0.0,9549.27,UPI
ORD-10067,2025-10-20,CUST-1588,Customer 1588,Appliances,Small Appliances,Blender,West,Pune,4,50124.8,0.2,21532.78,Debit Card
ORD-10551,2025-10-20,CUST-1330,Customer 1330,Technology,Accessories,Wireless Mouse,South,Chennai,1,7493.6,0.15,1718.13,Debit Card
ORD-14082,2025-10-20,CUST-1326,Customer 1326,Furniture,Tables,Office Desk,North,Jaipur,6,118699.2,0.2,28947.22,UPI
ORD-10340,2025-10-21,CUST-1252,Customer 1252,Appliances,Home Care,Air Purifier,East,Bhubaneswar,1,9671.0,0.0,1973.83,Net Banking
ORD-11219,2025-10-21,CUST-1638,Customer 1638,Technology,Accessories,Wireless Mouse,South,Bengaluru,3,11009.55,0.05,4911.73,UPI
ORD-12523,2025-10-21,CUST-1088,Customer 1088,Appliances,Home Care,Air Purifier,West,Pune,2,5707.8,0.1,1281.12,Cash
ORD-13277,2025-10-21,CUST-1500,Customer 1500,Technology,Accessories,Wireless Mouse,North,Lucknow,4,24748.0,0.0,5926.06,UPI
ORD-11191,2025-10-21,CUST-1323,Customer 1323,Office Supplies,Organizers,Desk Organizer,East,Guwahati,1,3320.0,0.0,555.0,Credit Card
ORD-12825,2025-10-21,CUST-1008,Customer 1008,Furniture,Storage,Bookshelf,North,Lucknow,3,40911.75,0.05,15487.38,Debit Card
ORD-14367,2025-10-21,CUST-1488,Customer 1488,Technology,Accessories,Wireless Mouse,East,Kolkata,5,18805.25,0.05,7122.73,Cash
ORD-13422,2025-10-21,CUST-1316,Customer 1316,Office Supplies,Pens,Marker,East,Bhubaneswar,1,17043.0,0.0,7483.35,UPI
ORD-14657,2025-10-21,CUST-1573,Customer 1573,Office Supplies,Paper,A4 Paper,East,Kolkata,7,66622.5,0.1,21287.62,Net Banking
ORD-13579,2025-10-21,CUST-1435,Customer 1435,Appliances,Small Appliances,Toaster,South,Kochi,3,48740.7,0.15,17519.04,Credit Card
ORD-10053,2025-10-21,CUST-1508,Customer 1508,Office Supplies,Organizers,Document Tray,North,Delhi,4,8828.0,0.0,1013.23,Net Banking
ORD-13998,2025-10-21,CUST-1228,Customer 1228,Furniture,Tables,Office Desk,North,Chandigarh,7,129647.0,0.0,50336.4,Cash
ORD-14513,2025-10-21,CUST-1464,Customer 1464,Technology,Laptops,Business Laptop,South,Kochi,4,74692.8,0.1,30926.88,Credit Card
ORD-14764,2025-10-21,CUST-1575,Customer 1575,Appliances,Small Appliances,Toaster,West,Surat,4,74137.6,0.2,18859.24,Cash
ORD-12911,2025-10-21,CUST-1426,Customer 1426,Appliances,Fans,Ceiling Fan,East,Kolkata,4,2016.0,0.0,358.07,Cash
ORD-12446,2025-10-22,CUST-1394,Customer 1394,Technology,Tablets,Tablet 10,North,Jaipur,3,28128.6,0.1,10017.43,Net Banking
ORD-14274,2025-10-22,CUST-1692,Customer 1692,Furniture,Tables,Study Table,North,Chandigarh,7,70486.5,0.25,23658.44,Cash
ORD-11149,2025-10-22,CUST-1641,Customer 1641,Office Supplies,Organizers,Document Tray,North,Delhi,1,3602.0,0.0,1439.96,Debit Card
ORD-12759,2025-10-22,CUST-1514,Customer 1514,Furniture,Tables,Meeting Table,North,Jaipur,7,130751.25,0.25,23160.31,Cash
ORD-13513,2025-10-22,CUST-1407,Customer 1407,Technology,Accessories,USB Cable,West,Ahmedabad,7,35570.85,0.05,4468.37,Net Banking
ORD-13649,2025-10-22,CUST-1144,Customer 1144,Technology,Accessories,USB Cable,West,Ahmedabad,4,8794.8,0.1,1698.82,Cash
ORD-12598,2025-10-22,CUST-1624,Customer 1624,Technology,Accessories,Keyboard,North,Jaipur,1,22069.0,0.0,3248.55,Credit Card
ORD-14454,2025-10-22,CUST-1630,Customer 1630,Furniture,Tables,Meeting Table,South,Hyderabad,2,3682.5,0.25,610.6,Net Banking
ORD-12327,2025-10-22,CUST-1691,Customer 1691,Furniture,Office Furniture,Reception Desk,West,Mumbai,5,29677.75,0.15,10323.61,Cash
ORD-12261,2025-10-22,CUST-1221,Customer 1221,Technology,Accessories,USB Cable,West,Ahmedabad,4,1995.0,0.05,412.22,Cash
ORD-12072,2025-10-22,CUST-1108,Customer 1108,Office Supplies,Binders,File Binder,West,Surat,3,53095.2,0.2,5700.41,Credit Card
ORD-10638,2025-10-22,CUST-1120,Customer 1120,Office Supplies,Organizers,Desk Organizer,South,Hyderabad,2,42691.1,0.05,16903.82,Net Banking
ORD-13563,2025-10-22,CUST-1224,Customer 1224,Appliances,Kitchen,Mixer Grinder,West,Pune,2,40131.0,0.1,8087.8,Net Banking
ORD-10779,2025-10-22,CUST-1310,Customer 1310,Appliances,Fans,Ceiling Fan,West,Ahmedabad,1,19706.4,0.1,2863.17,Credit Card
ORD-10657,2025-10-22,CUST-1522,Customer 1522,Office Supplies,Paper,A4 Paper,East,Guwahati,4,78998.4,0.1,19101.57,Net Banking
ORD-12002,2025-10-22,CUST-1377,Customer 1377,Appliances,Fans,Table Fan,East,Bhubaneswar,2,9922.9,0.15,1031.85,Debit Card
ORD-11771,2025-10-22,CUST-1124,Customer 1124,Office Supplies,Paper,Premium Paper,West,Ahmedabad,6,86030.4,0.2,18414.31,Cash
ORD-12933,2025-10-22,CUST-1070,Customer 1070,Technology,Laptops,Laptop Pro,West,Mumbai,5,51880.5,0.1,9535.39,Net Banking
ORD-11139,2025-10-23,CUST-1005,Customer 1005,Appliances,Home Care,Air Purifier,East,Kolkata,5,60044.75,0.05,8438.84,UPI
ORD-11290,2025-10-23,CUST-1060,Customer 1060,Technology,Tablets,Tablet Pro,North,Jaipur,6,2371.2,0.05,774.59,Debit Card
ORD-12413,2025-10-23,CUST-1084,Customer 1084,Furniture,Office Furniture,Workstation,East,Guwahati,1,6093.65,0.15,1584.27,Credit Card
ORD-11127,2025-10-23,CUST-1443,Customer 1443,Appliances,Fans,Ceiling Fan,South,Chennai,4,20865.8,0.15,4806.69,UPI
ORD-13808,2025-10-23,CUST-1563,Customer 1563,Appliances,Small Appliances,Blender,East,Kolkata,6,70492.8,0.2,14681.87,Net Banking
ORD-12276,2025-10-23,CUST-1032,Customer 1032,Technology,Laptops,Laptop Air,East,Kolkata,1,17103.2,0.2,5656.15,Debit Card
ORD-11805,2025-10-23,CUST-1407,Customer 1407,Technology,Tablets,Tablet 10,South,Bengaluru,5,26902.5,0.15,7419.29,Credit Card
ORD-12106,2025-10-23,CUST-1256,Customer 1256,Appliances,Home Care,Air Purifier,North,Chandigarh,7,47075.35,0.05,12527.02,Net Banking
ORD-14926,2025-10-23,CUST-1633,Customer 1633,Furniture,Chairs,Ergonomic Chair,South,Hyderabad,7,35812.0,0.0,11614.41,UPI
ORD-12478,2025-10-23,CUST-1629,Customer 1629,Appliances,Fans,Ceiling Fan,South,Chennai,7,106586.2,0.05,38331.43,Net Banking
ORD-14086,2025-10-23,CUST-1618,Customer 1618,Appliances,Home Care,Vacuum Cleaner,South,Bengaluru,5,20871.0,0.1,2429.39,UPI
ORD-11971,2025-10-23,CUST-1189,Customer 1189,Technology,Tablets,Tablet Pro,South,Kochi,1,10176.0,0.2,2745.5,UPI
ORD-10919,2025-10-23,CUST-1739,Customer 1739,Appliances,Small Appliances,Blender,North,Chandigarh,3,66098.7,0.1,11950.97,Cash
ORD-10911,2025-10-23,CUST-1171,Customer 1171,Office Supplies,Pens,Gel Pen,West,Pune,7,115441.9,0.15,29367.45,Net Banking
ORD-10392,2025-10-23,CUST-1124,Customer 1124,Office Supplies,Binders,Ring Binder,East,Patna,6,102292.2,0.05,45481.01,UPI
ORD-10217,2025-10-23,CUST-1728,Customer 1728,Appliances,Home Care,Air Purifier,West,Pune,7,58142.0,0.0,11168.18,Net Banking
ORD-13197,2025-10-24,CUST-1664,Customer 1664,Appliances,Home Care,Vacuum Cleaner,West,Ahmedabad,3,11401.05,0.15,2016.12,Cash
ORD-14366,2025-10-24,CUST-1477,Customer 1477,Technology,Accessories,USB Cable,South,Hyderabad,5,3820.5,0.1,1006.89,Cash
ORD-10148,2025-10-24,CUST-1439,Customer 1439,Office Supplies,Pens,Gel Pen,East,Bhubaneswar,5,49865.5,0.05,20444.08,Net Banking
ORD-10955,2025-10-24,CUST-1692,Customer 1692,Office Supplies,Organizers,Desk Organizer,West,Ahmedabad,6,6825.6,0.1,2686.85,Cash
ORD-14949,2025-10-24,CUST-1174,Customer 1174,Technology,Tablets,Tablet Pro,East,Patna,4,73009.4,0.05,18576.93,Credit Card
ORD-10521,2025-10-24,CUST-1004,Customer 1004,Appliances,Kitchen,Electric Kettle,East,Patna,4,74249.6,0.2,12533.87,Debit Card
ORD-12085,2025-10-24,CUST-1776,Customer 1776,Technology,Laptops,Business Laptop,North,Lucknow,5,38494.0,0.05,4153.61,Net Banking
ORD-12434,2025-10-24,CUST-1726,Customer 1726,Office Supplies,Binders,File Binder,East,Patna,7,41858.25,0.15,14839.78,Debit Card
ORD-10539,2025-10-24,CUST-1051,Customer 1051,Technology,Accessories,Keyboard,South,Hyderabad,7,104232.1,0.15,21980.54,Cash
ORD-11446,2025-10-24,CUST-1108,Customer 1108,Technology,Phones,Smartphone C,North,Jaipur,3,50247.0,0.1,14231.51,Credit Card
ORD-10659,2025-10-24,CUST-1162,Customer 1162,Appliances,Kitchen,Electric Kettle,East,Guwahati,4,29850.0,0.25,4614.38,Cash
ORD-14342,2025-10-24,CUST-1785,Customer 1785,Appliances,Small Appliances,Blender,East,Bhubaneswar,6,92758.8,0.15,30637.13,Net Banking
ORD-12833,2025-10-24,CUST-1255,Customer 1255,Technology,Accessories,Wireless Mouse,West,Ahmedabad,7,35677.6,0.2,7040.27,Cash
ORD-11038,2025-10-24,CUST-1100,Customer 1100,Office Supplies,Organizers,Document Tray,South,Hyderabad,5,81724.5,0.1,28460.97,Credit Card
ORD-10376,2025-10-24,CUST-1553,Customer 1553,Appliances,Small Appliances,Toaster,East,Bhubaneswar,1,20728.1,0.15,3293.65,Debit Card
ORD-13185,2025-10-25,CUST-1134,Customer 1134,Appliances,Home Care,Air Purifier,West,Mumbai,2,36473.4,0.1,9993.32,UPI
ORD-12745,2025-10-25,CUST-1605,Customer 1605,Technology,Laptops,Laptop Pro,North,Jaipur,2,11125.5,0.25,3192.01,Debit Card
ORD-13415,2025-10-25,CUST-1199,Customer 1199,Technology,Tablets,Tablet Pro,East,Guwahati,3,74310.0,0.0,19743.46,Debit Card
ORD-10769,2025-10-25,CUST-1572,Customer 1572,Appliances,Fans,Ceiling Fan,South,Hyderabad,1,3109.5,0.1,629.04,UPI
ORD-12945,2025-10-25,CUST-1386,Customer 1386,Appliances,Small Appliances,Toaster,South,Bengaluru,6,27624.0,0.2,12209.34,Net Banking
ORD-12030,2025-10-25,CUST-1703,Customer 1703,Appliances,Home Care,Air Purifier,South,Kochi,3,18913.35,0.15,5119.55,Cash
ORD-11494,2025-10-25,CUST-1374,Customer 1374,Furniture,Tables,Study Table,North,Chandigarh,5,43236.0,0.2,15912.76,UPI
ORD-10192,2025-10-25,CUST-1541,Customer 1541,Office Supplies,Organizers,Document Tray,West,Pune,2,20998.4,0.15,3108.33,UPI
ORD-13462,2025-10-25,CUST-1779,Customer 1779,Technology,Phones,Smartphone C,South,Bengaluru,4,65949.0,0.25,29464.24,Credit Card
ORD-12775,2025-10-25,CUST-1078,Customer 1078,Appliances,Home Care,Air Purifier,North,Lucknow,2,18041.4,0.1,5279.27,Cash
ORD-11134,2025-10-25,CUST-1744,Customer 1744,Office Supplies,Binders,Ring Binder,North,Delhi,6,105493.5,0.15,36119.23,Debit Card
ORD-13751,2025-10-25,CUST-1094,Customer 1094,Office Supplies,Pens,Ball Pen,East,Patna,7,136411.45,0.05,35290.37,Credit Card
ORD-14549,2025-10-25,CUST-1704,Customer 1704,Furniture,Office Furniture,Reception Desk,West,Mumbai,6,45098.4,0.05,12262.01,Debit Card
ORD-12336,2025-10-25,CUST-1707,Customer 1707,Appliances,Fans,Ceiling Fan,North,Lucknow,7,5336.1,0.1,1805.12,UPI
ORD-14146,2025-10-26,CUST-1150,Customer 1150,Appliances,Fans,Table Fan,North,Lucknow,7,54376.0,0.0,15384.18,Cash
ORD-11163,2025-10-26,CUST-1145,Customer 1145,Furniture,Office Furniture,Workstation,South,Chennai,7,109860.8,0.2,48016.11,Debit Card
ORD-12513,2025-10-26,CUST-1617,Customer 1617,Furniture,Tables,Meeting Table,South,Hyderabad,3,42588.0,0.2,5127.09,Credit Card
ORD-10968,2025-10-26,CUST-1067,Customer 1067,Furniture,Tables,Meeting Table,South,Kochi,1,16113.0,0.0,4482.16,Debit Card
ORD-12133,2025-10-26,CUST-1151,Customer 1151,Furniture,Office Furniture,Reception Desk,North,Jaipur,2,1608.2,0.15,562.19,Credit Card
ORD-12948,2025-10-26,CUST-1147,Customer 1147,Furniture,Storage,Filing Cabinet,North,Jaipur,3,13155.45,0.15,5527.43,Credit Card
ORD-10877,2025-10-26,CUST-1024,Customer 1024,Furniture,Storage,Filing Cabinet,East,Bhubaneswar,2,4984.5,0.25,947.68,UPI
ORD-13144,2025-10-27,CUST-1329,Customer 1329,Technology,Laptops,Laptop Pro,South,Chennai,3,34644.0,0.2,6055.61,Credit Card
ORD-10436,2025-10-27,CUST-1371,Customer 1371,Appliances,Fans,Ceiling Fan,East,Kolkata,2,35913.6,0.2,6973.96,Debit Card
ORD-10140,2025-10-27,CUST-1503,Customer 1503,Technology,Tablets,Tablet 10,East,Bhubaneswar,5,12124.0,0.2,3630.44,Cash
ORD-12932,2025-10-27,CUST-1327,Customer 1327,Office Supplies,Pens,Marker,East,Kolkata,7,38538.15,0.15,6422.27,Credit Card
ORD-10924,2025-10-27,CUST-1490,Customer 1490,Office Supplies,Binders,Ring Binder,East,Kolkata,4,54432.0,0.1,12629.31,Cash
ORD-13091,2025-10-27,CUST-1103,Customer 1103,Appliances,Home Care,Air Purifier,East,Bhubaneswar,6,96492.6,0.1,42446.45,Credit Card
ORD-10494,2025-10-27,CUST-1384,Customer 1384,Furniture,Storage,Bookshelf,North,Delhi,5,45742.5,0.05,5927.86,Net Banking
ORD-11831,2025-10-27,CUST-1022,Customer 1022,Furniture,Storage,Filing Cabinet,West,Pune,1,9496.2,0.05,3782.22,Debit Card
ORD-12410,2025-10-27,CUST-1048,Customer 1048,Appliances,Kitchen,Mixer Grinder,West,Mumbai,3,43829.4,0.15,14521.8,Net Banking
ORD-14899,2025-10-27,CUST-1638,Customer 1638,Furniture,Chairs,Ergonomic Chair,East,Bhubaneswar,3,29565.6,0.2,13161.85,UPI
ORD-13380,2025-10-27,CUST-1499,Customer 1499,Furniture,Office Furniture,Reception Desk,East,Kolkata,5,85365.5,0.15,22647.73,Cash
ORD-10083,2025-10-27,CUST-1322,Customer 1322,Technology,Laptops,Business Laptop,North,Jaipur,5,49180.0,0.0,13475.0,Net Banking
ORD-11557,2025-10-27,CUST-1593,Customer 1593,Furniture,Storage,Filing Cabinet,East,Bhubaneswar,2,21612.0,0.0,5285.63,UPI
ORD-14928,2025-10-27,CUST-1432,Customer 1432,Appliances,Kitchen,Electric Kettle,North,Delhi,2,20584.6,0.05,6496.32,Cash
ORD-10361,2025-10-27,CUST-1464,Customer 1464,Appliances,Fans,Ceiling Fan,South,Bengaluru,1,7839.0,0.1,3035.61,UPI
ORD-11865,2025-10-27,CUST-1397,Customer 1397,Appliances,Small Appliances,Blender,North,Jaipur,3,28108.65,0.15,7870.96,Debit Card
ORD-13572,2025-10-27,CUST-1453,Customer 1453,Furniture,Tables,Meeting Table,North,Jaipur,5,43011.0,0.1,12772.59,Cash
ORD-11939,2025-10-28,CUST-1414,Customer 1414,Furniture,Tables,Meeting Table,West,Mumbai,2,27340.8,0.2,11386.15,Net Banking
ORD-13992,2025-10-28,CUST-1251,Customer 1251,Technology,Accessories,Keyboard,West,Surat,4,52574.2,0.15,17883.87,UPI
ORD-14735,2025-10-28,CUST-1342,Customer 1342,Technology,Laptops,Laptop Air,West,Ahmedabad,3,54543.3,0.05,16324.95,Credit Card
ORD-14547,2025-10-28,CUST-1374,Customer 1374,Furniture,Storage,Filing Cabinet,North,Lucknow,2,15449.6,0.2,2850.71,UPI
ORD-11817,2025-10-28,CUST-1463,Customer 1463,Furniture,Storage,Storage Box,North,Lucknow,4,2443.4,0.05,504.25,Debit Card
ORD-10766,2025-10-28,CUST-1749,Customer 1749,Office Supplies,Binders,File Binder,North,Jaipur,6,75246.0,0.0,23812.94,Net Banking
ORD-14692,2025-10-28,CUST-1288,Customer 1288,Technology,Laptops,Business Laptop,East,Guwahati,2,39568.0,0.2,4558.85,Cash
ORD-14309,2025-10-28,CUST-1025,Customer 1025,Furniture,Office Furniture,Workstation,North,Lucknow,3,45916.2,0.1,16790.45,Credit Card
ORD-12568,2025-10-28,CUST-1179,Customer 1179,Furniture,Storage,Bookshelf,North,Jaipur,2,23265.0,0.1,4949.22,Credit Card
ORD-11955,2025-10-28,CUST-1669,Customer 1669,Office Supplies,Pens,Marker,South,Hyderabad,3,29952.3,0.15,8916.23,Debit Card
ORD-13669,2025-10-28,CUST-1749,Customer 1749,Appliances,Kitchen,Electric Kettle,East,Bhubaneswar,5,68330.0,0.0,29317.22,Credit Card
ORD-12525,2025-10-28,CUST-1420,Customer 1420,Office Supplies,Paper,Premium Paper,South,Bengaluru,1,16005.6,0.2,3875.94,Credit Card
ORD-13412,2025-10-29,CUST-1198,Customer 1198,Office Supplies,Pens,Marker,North,Lucknow,6,106978.5,0.25,35807.14,Cash
ORD-13536,2025-10-29,CUST-1787,Customer 1787,Office Supplies,Organizers,Document Tray,North,Lucknow,4,43183.2,0.05,16175.45,Debit Card
ORD-11085,2025-10-29,CUST-1523,Customer 1523,Furniture,Chairs,Office Chair,East,Kolkata,2,46069.3,0.05,17616.24,Cash
ORD-14324,2025-10-29,CUST-1662,Customer 1662,Appliances,Kitchen,Electric Kettle,South,Kochi,1,15793.0,0.0,7007.22,UPI
ORD-10632,2025-10-29,CUST-1225,Customer 1225,Appliances,Kitchen,Mixer Grinder,North,Delhi,6,96282.9,0.15,31942.33,UPI
ORD-14575,2025-10-29,CUST-1487,Customer 1487,Technology,Tablets,Tablet Pro,South,Hyderabad,4,57945.6,0.2,11440.88,Cash
ORD-10088,2025-10-29,CUST-1656,Customer 1656,Technology,Laptops,Laptop Air,West,Surat,4,63291.6,0.1,14520.76,Debit Card
ORD-13331,2025-10-29,CUST-1145,Customer 1145,Technology,Tablets,Tablet 10,South,Kochi,6,16804.8,0.1,3657.88,UPI
ORD-10370,2025-10-29,CUST-1161,Customer 1161,Office Supplies,Binders,File Binder,North,Lucknow,6,23378.4,0.15,4651.34,Net Banking
ORD-11918,2025-10-29,CUST-1597,Customer 1597,Furniture,Chairs,Ergonomic Chair,North,Lucknow,6,74937.6,0.2,16906.74,UPI
ORD-10570,2025-10-29,CUST-1297,Customer 1297,Office Supplies,Pens,Gel Pen,North,Jaipur,3,49396.05,0.15,18901.1,Net Banking
ORD-11837,2025-10-29,CUST-1198,Customer 1198,Furniture,Storage,Bookshelf,North,Jaipur,3,3564.0,0.1,1588.97,Debit Card
ORD-13098,2025-10-29,CUST-1343,Customer 1343,Technology,Tablets,Tablet 10,North,Jaipur,1,21471.9,0.05,9238.39,UPI
ORD-14127,2025-10-29,CUST-1590,Customer 1590,Furniture,Office Furniture,Workstation,East,Patna,5,98804.0,0.2,11692.9,Debit Card
ORD-14143,2025-10-30,CUST-1727,Customer 1727,Furniture,Office Furniture,Workstation,North,Delhi,4,56988.8,0.2,15473.37,Debit Card
ORD-13205,2025-10-30,CUST-1562,Customer 1562,Office Supplies,Organizers,Desk Organizer,East,Bhubaneswar,5,59094.75,0.05,18580.75,Net Banking
ORD-13312,2025-10-30,CUST-1374,Customer 1374,Technology,Phones,Smartphone B,West,Mumbai,3,29434.8,0.05,4444.92,Cash
ORD-14785,2025-10-30,CUST-1331,Customer 1331,Technology,Accessories,Wireless Mouse,West,Pune,7,83424.25,0.05,34659.76,UPI
ORD-12957,2025-10-30,CUST-1662,Customer 1662,Technology,Tablets,Tablet Pro,West,Surat,5,15147.75,0.05,2588.17,Net Banking
ORD-10729,2025-10-30,CUST-1205,Customer 1205,Technology,Laptops,Business Laptop,North,Jaipur,3,73680.0,0.0,32706.9,Cash
ORD-13149,2025-10-31,CUST-1752,Customer 1752,Office Supplies,Organizers,Document Tray,East,Kolkata,3,55586.4,0.05,6992.1,Credit Card
ORD-14729,2025-10-31,CUST-1213,Customer 1213,Technology,Phones,Smartphone B,East,Kolkata,5,26268.75,0.25,10699.06,Credit Card
ORD-11608,2025-10-31,CUST-1216,Customer 1216,Technology,Laptops,Laptop Pro,West,Ahmedabad,6,132630.0,0.0,18671.65,Cash
ORD-14125,2025-10-31,CUST-1215,Customer 1215,Appliances,Fans,Ceiling Fan,South,Bengaluru,5,44027.75,0.05,14782.6,Debit Card
ORD-14327,2025-10-31,CUST-1026,Customer 1026,Technology,Accessories,USB Cable,East,Bhubaneswar,7,74214.0,0.0,23559.4,Credit Card
ORD-12797,2025-10-31,CUST-1435,Customer 1435,Office Supplies,Binders,File Binder,South,Bengaluru,6,83409.6,0.2,36355.23,Net Banking
ORD-11129,2025-10-31,CUST-1697,Customer 1697,Furniture,Storage,Filing Cabinet,East,Kolkata,2,14371.2,0.1,2679.19,Debit Card
ORD-10649,2025-10-31,CUST-1522,Customer 1522,Appliances,Fans,Ceiling Fan,West,Ahmedabad,6,39409.2,0.1,10864.97,Cash
ORD-10346,2025-10-31,CUST-1574,Customer 1574,Office Supplies,Binders,File Binder,South,Hyderabad,6,40829.4,0.1,7287.45,UPI
ORD-10652,2025-10-31,CUST-1148,Customer 1148,Appliances,Small Appliances,Blender,South,Bengaluru,2,2628.0,0.1,413.33,Cash
ORD-12444,2025-10-31,CUST-1768,Customer 1768,Appliances,Kitchen,Electric Kettle,North,Jaipur,7,68090.4,0.2,20905.75,Net Banking
ORD-12407,2025-10-31,CUST-1691,Customer 1691,Furniture,Tables,Office Desk,North,Delhi,2,29542.4,0.2,5644.5,UPI
ORD-12863,2025-10-31,CUST-1577,Customer 1577,Office Supplies,Pens,Ball Pen,West,Mumbai,4,23371.2,0.1,9912.25,UPI
ORD-13756,2025-10-31,CUST-1423,Customer 1423,Office Supplies,Binders,File Binder,North,Chandigarh,1,6200.75,0.15,879.99,Cash
ORD-11522,2025-10-31,CUST-1442,Customer 1442,Technology,Phones,Smartphone B,East,Bhubaneswar,5,14530.25,0.05,6305.22,Credit Card
ORD-11118,2025-10-31,CUST-1032,Customer 1032,Technology,Laptops,Business Laptop,West,Surat,2,12537.5,0.15,2863.67,Debit Card
ORD-13356,2025-10-31,CUST-1015,Customer 1015,Office Supplies,Pens,Gel Pen,North,Delhi,5,15754.5,0.1,4403.93,UPI
ORD-12182,2025-10-31,CUST-1330,Customer 1330,Technology,Accessories,Wireless Mouse,East,Guwahati,6,47011.2,0.2,13974.66,UPI
ORD-13955,2025-11-01,CUST-1151,Customer 1151,Furniture,Tables,Study Table,South,Kochi,5,10570.5,0.1,2532.77,Debit Card
ORD-14224,2025-11-01,CUST-1501,Customer 1501,Office Supplies,Organizers,Document Tray,North,Lucknow,4,50960.0,0.0,17228.02,UPI
ORD-11306,2025-11-01,CUST-1744,Customer 1744,Office Supplies,Binders,File Binder,East,Kolkata,4,10310.4,0.1,1827.76,Credit Card
ORD-12144,2025-11-01,CUST-1258,Customer 1258,Technology,Laptops,Laptop Air,South,Kochi,1,17243.2,0.2,5709.06,Debit Card
ORD-13682,2025-11-01,CUST-1481,Customer 1481,Appliances,Fans,Ceiling Fan,North,Jaipur,4,40819.6,0.05,15392.7,Net Banking
ORD-13256,2025-11-01,CUST-1690,Customer 1690,Furniture,Tables,Office Desk,West,Pune,1,5892.0,0.2,2482.89,UPI
ORD-10211,2025-11-01,CUST-1730,Customer 1730,Office Supplies,Binders,File Binder,East,Bhubaneswar,7,111148.1,0.05,29347.69,Debit Card
ORD-10714,2025-11-01,CUST-1439,Customer 1439,Appliances,Kitchen,Electric Kettle,South,Chennai,3,19201.5,0.15,3375.28,Debit Card
ORD-12565,2025-11-01,CUST-1790,Customer 1790,Furniture,Chairs,Ergonomic Chair,North,Delhi,2,17499.6,0.1,5222.89,Debit Card
ORD-13826,2025-11-01,CUST-1187,Customer 1187,Furniture,Office Furniture,Workstation,East,Patna,4,16264.0,0.0,2410.54,Debit Card
ORD-11731,2025-11-02,CUST-1055,Customer 1055,Furniture,Tables,Study Table,West,Surat,5,74353.5,0.1,22628.2,Credit Card
ORD-10622,2025-11-02,CUST-1683,Customer 1683,Furniture,Tables,Study Table,West,Surat,7,42274.75,0.15,11335.71,Cash
ORD-12161,2025-11-02,CUST-1588,Customer 1588,Technology,Tablets,Tablet Pro,East,Guwahati,4,11067.0,0.15,4577.28,Credit Card
ORD-13004,2025-11-02,CUST-1151,Customer 1151,Appliances,Kitchen,Electric Kettle,East,Bhubaneswar,3,8251.8,0.15,1803.91,Debit Card
ORD-12323,2025-11-02,CUST-1281,Customer 1281,Furniture,Storage,Storage Box,West,Ahmedabad,6,104745.6,0.2,22803.43,UPI
ORD-10673,2025-11-02,CUST-1382,Customer 1382,Furniture,Storage,Filing Cabinet,North,Chandigarh,4,62740.8,0.1,25585.75,Debit Card
ORD-14661,2025-11-02,CUST-1210,Customer 1210,Technology,Phones,Smartphone C,South,Kochi,1,22655.0,0.0,5986.21,Debit Card
ORD-10407,2025-11-02,CUST-1482,Customer 1482,Furniture,Chairs,Visitor Chair,North,Lucknow,5,24063.5,0.15,9954.77,Cash
ORD-13475,2025-11-02,CUST-1323,Customer 1323,Technology,Accessories,Wireless Mouse,North,Jaipur,6,73435.2,0.2,30626.23,Cash
ORD-10437,2025-11-02,CUST-1235,Customer 1235,Appliances,Small Appliances,Blender,West,Surat,5,59265.0,0.0,10347.4,UPI
ORD-12221,2025-11-02,CUST-1115,Customer 1115,Appliances,Fans,Ceiling Fan,South,Hyderabad,6,116846.1,0.15,18953.39,Debit Card
ORD-11767,2025-11-02,CUST-1688,Customer 1688,Furniture,Storage,Bookshelf,West,Ahmedabad,2,9815.8,0.15,3812.16,Credit Card
ORD-10941,2025-11-03,CUST-1604,Customer 1604,Appliances,Small Appliances,Blender,West,Pune,3,59966.85,0.05,16416.33,Credit Card
ORD-13857,2025-11-03,CUST-1147,Customer 1147,Furniture,Tables,Study Table,North,Delhi,1,8571.2,0.2,1739.57,UPI
ORD-10712,2025-11-03,CUST-1009,Customer 1009,Furniture,Storage,Bookshelf,South,Bengaluru,7,19930.05,0.05,3316.62,UPI
ORD-11986,2025-11-03,CUST-1700,Customer 1700,Furniture,Storage,Storage Box,East,Bhubaneswar,5,70889.0,0.05,24887.06,Cash
ORD-14835,2025-11-03,CUST-1018,Customer 1018,Office Supplies,Paper,A4 Paper,North,Lucknow,6,67947.3,0.15,8848.5,UPI
ORD-10035,2025-11-03,CUST-1525,Customer 1525,Furniture,Office Furniture,Reception Desk,West,Pune,7,48759.2,0.2,15243.31,Credit Card
ORD-10740,2025-11-03,CUST-1381,Customer 1381,Appliances,Small Appliances,Blender,South,Hyderabad,2,20404.0,0.0,4300.02,Credit Card
ORD-11571,2025-11-03,CUST-1515,Customer 1515,Furniture,Chairs,Office Chair,West,Ahmedabad,2,5904.1,0.15,1987.39,Debit Card
ORD-12038,2025-11-03,CUST-1668,Customer 1668,Office Supplies,Pens,Gel Pen,West,Mumbai,1,5139.2,0.2,2030.63,Debit Card
ORD-13508,2025-11-03,CUST-1597,Customer 1597,Technology,Phones,Smartphone A,West,Surat,4,79718.4,0.1,32302.97,Net Banking
ORD-10956,2025-11-03,CUST-1037,Customer 1037,Office Supplies,Binders,File Binder,East,Guwahati,7,95749.5,0.25,25222.44,Debit Card
ORD-14754,2025-11-03,CUST-1724,Customer 1724,Furniture,Office Furniture,Reception Desk,South,Hyderabad,3,55960.2,0.1,17978.02,Net Banking
ORD-13287,2025-11-03,CUST-1149,Customer 1149,Furniture,Chairs,Visitor Chair,South,Hyderabad,4,23929.6,0.2,10656.29,Credit Card
ORD-11355,2025-11-03,CUST-1247,Customer 1247,Furniture,Storage,Storage Box,East,Bhubaneswar,3,38389.5,0.05,6411.58,Net Banking
ORD-10653,2025-11-03,CUST-1574,Customer 1574,Office Supplies,Organizers,Desk Organizer,North,Delhi,3,46323.9,0.05,6697.68,Debit Card
ORD-10375,2025-11-03,CUST-1545,Customer 1545,Technology,Phones,Smartphone A,East,Patna,4,69174.4,0.2,13470.87,Cash
ORD-11945,2025-11-04,CUST-1639,Customer 1639,Technology,Laptops,Laptop Pro,West,Mumbai,3,61271.1,0.1,19513.94,UPI
ORD-12131,2025-11-04,CUST-1103,Customer 1103,Technology,Accessories,Keyboard,East,Guwahati,4,76809.6,0.2,22505.28,UPI
ORD-14725,2025-11-04,CUST-1744,Customer 1744,Office Supplies,Pens,Marker,West,Surat,6,103063.5,0.25,38453.44,Net Banking
ORD-14155,2025-11-04,CUST-1033,Customer 1033,Technology,Laptops,Laptop Air,South,Kochi,1,6512.4,0.1,1947.81,UPI
ORD-14187,2025-11-04,CUST-1185,Customer 1185,Furniture,Tables,Meeting Table,North,Jaipur,4,25670.0,0.15,2693.31,Credit Card
ORD-11513,2025-11-04,CUST-1388,Customer 1388,Technology,Phones,Smartphone B,East,Guwahati,4,44760.2,0.05,9649.33,Credit Card
ORD-14937,2025-11-04,CUST-1608,Customer 1608,Technology,Laptops,Laptop Pro,South,Bengaluru,5,15744.0,0.2,2682.85,Net Banking
ORD-10357,2025-11-04,CUST-1488,Customer 1488,Furniture,Tables,Office Desk,North,Jaipur,6,46287.6,0.15,13698.14,Debit Card
ORD-14672,2025-11-04,CUST-1745,Customer 1745,Technology,Laptops,Laptop Pro,South,Kochi,6,48256.2,0.15,19653.4,UPI
ORD-13203,2025-11-04,CUST-1191,Customer 1191,Appliances,Kitchen,Electric Kettle,South,Chennai,1,15502.3,0.15,2101.15,Debit Card
ORD-11638,2025-11-04,CUST-1605,Customer 1605,Technology,Phones,Smartphone C,South,Bengaluru,5,66973.5,0.1,25615.21,Credit Card
ORD-10575,2025-11-04,CUST-1778,Customer 1778,Office Supplies,Organizers,Document Tray,East,Kolkata,1,11625.0,0.0,1676.16,Net Banking
ORD-11221,2025-11-04,CUST-1039,Customer 1039,Technology,Accessories,Headphones,East,Guwahati,6,83538.0,0.15,27766.54,Cash
ORD-13855,2025-11-04,CUST-1491,Customer 1491,Appliances,Kitchen,Electric Kettle,North,Delhi,6,33892.8,0.2,4402.65,Net Banking
ORD-14920,2025-11-04,CUST-1728,Customer 1728,Technology,Phones,Smartphone B,South,Kochi,2,15105.6,0.1,1693.95,Debit Card
ORD-12765,2025-11-05,CUST-1145,Customer 1145,Technology,Accessories,Headphones,North,Delhi,4,52984.8,0.1,13797.34,Cash
ORD-12170,2025-11-05,CUST-1102,Customer 1102,Appliances,Fans,Ceiling Fan,West,Pune,4,21607.2,0.1,3958.58,Cash
ORD-13458,2025-11-05,CUST-1053,Customer 1053,Technology,Tablets,Tablet 10,West,Mumbai,2,34288.0,0.2,8212.71,Cash
ORD-11406,2025-11-05,CUST-1693,Customer 1693,Appliances,Kitchen,Electric Kettle,West,Pune,1,22059.0,0.05,6554.05,Net Banking
ORD-11753,2025-11-05,CUST-1208,Customer 1208,Furniture,Storage,Filing Cabinet,West,Surat,5,70727.5,0.05,10730.62,UPI
ORD-12698,2025-11-05,CUST-1176,Customer 1176,Appliances,Home Care,Vacuum Cleaner,East,Kolkata,7,55846.7,0.05,12266.1,Cash
ORD-12373,2025-11-05,CUST-1280,Customer 1280,Appliances,Small Appliances,Blender,South,Hyderabad,3,3285.6,0.2,1090.26,Debit Card
ORD-12551,2025-11-05,CUST-1106,Customer 1106,Appliances,Home Care,Air Purifier,West,Pune,6,112122.0,0.0,13876.7,Debit Card
ORD-10593,2025-11-05,CUST-1743,Customer 1743,Technology,Laptops,Laptop Pro,West,Mumbai,7,85691.9,0.05,37305.44,Debit Card
ORD-11540,2025-11-05,CUST-1528,Customer 1528,Technology,Phones,Smartphone C,South,Bengaluru,2,9229.5,0.25,3447.36,Credit Card
ORD-11705,2025-11-05,CUST-1775,Customer 1775,Office Supplies,Organizers,Document Tray,East,Bhubaneswar,7,99696.8,0.2,27474.14,UPI
ORD-10532,2025-11-05,CUST-1167,Customer 1167,Appliances,Home Care,Air Purifier,East,Patna,3,36651.0,0.05,5720.33,UPI
ORD-10102,2025-11-05,CUST-1128,Customer 1128,Furniture,Office Furniture,Reception Desk,West,Surat,7,109069.45,0.15,37164.7,Debit Card
ORD-10750,2025-11-05,CUST-1652,Customer 1652,Furniture,Storage,Bookshelf,North,Delhi,5,5508.0,0.1,1489.08,Credit Card
ORD-10566,2025-11-05,CUST-1358,Customer 1358,Furniture,Storage,Storage Box,East,Guwahati,1,245.6,0.2,54.96,Debit Card
ORD-11119,2025-11-06,CUST-1626,Customer 1626,Technology,Phones,Smartphone A,East,Patna,3,24330.0,0.0,2846.88,Net Banking
ORD-14492,2025-11-06,CUST-1107,Customer 1107,Technology,Phones,Smartphone A,South,Hyderabad,3,53905.5,0.1,12775.21,Credit Card
ORD-10991,2025-11-06,CUST-1557,Customer 1557,Furniture,Tables,Study Table,West,Ahmedabad,3,51408.3,0.05,13003.64,UPI
ORD-10970,2025-11-06,CUST-1208,Customer 1208,Office Supplies,Paper,A4 Paper,East,Kolkata,6,43615.2,0.15,9436.81,UPI
ORD-12328,2025-11-06,CUST-1743,Customer 1743,Office Supplies,Binders,File Binder,South,Chennai,6,9725.7,0.15,1489.72,UPI
ORD-12138,2025-11-06,CUST-1568,Customer 1568,Appliances,Kitchen,Electric Kettle,West,Ahmedabad,1,7404.0,0.2,2893.93,Cash
ORD-11471,2025-11-06,CUST-1215,Customer 1215,Technology,Laptops,Business Laptop,North,Chandigarh,6,14434.2,0.1,1966.38,Credit Card
ORD-11472,2025-11-06,CUST-1282,Customer 1282,Furniture,Tables,Meeting Table,North,Delhi,2,15339.6,0.1,6030.54,Net Banking
ORD-10707,2025-11-06,CUST-1699,Customer 1699,Appliances,Kitchen,Mixer Grinder,South,Bengaluru,1,2485.8,0.1,1023.76,UPI
ORD-10254,2025-11-06,CUST-1186,Customer 1186,Technology,Accessories,Headphones,East,Guwahati,6,29661.6,0.15,8619.44,UPI
ORD-10805,2025-11-06,CUST-1729,Customer 1729,Furniture,Chairs,Ergonomic Chair,South,Kochi,1,1594.8,0.1,597.8,Credit Card
ORD-12454,2025-11-07,CUST-1776,Customer 1776,Office Supplies,Pens,Marker,North,Delhi,1,20344.5,0.1,2689.46,Credit Card
ORD-10015,2025-11-07,CUST-1244,Customer 1244,Appliances,Kitchen,Mixer Grinder,West,Pune,1,17822.95,0.05,5103.6,Credit Card
ORD-12728,2025-11-07,CUST-1583,Customer 1583,Technology,Phones,Smartphone A,South,Hyderabad,4,81987.6,0.15,30770.35,Cash
ORD-10468,2025-11-07,CUST-1098,Customer 1098,Technology,Tablets,Tablet 10,East,Patna,5,50571.0,0.1,12928.02,Debit Card
ORD-13352,2025-11-07,CUST-1592,Customer 1592,Furniture,Office Furniture,Workstation,West,Mumbai,5,27964.0,0.2,7834.57,Net Banking
ORD-13697,2025-11-07,CUST-1423,Customer 1423,Furniture,Office Furniture,Workstation,East,Patna,1,17119.95,0.05,2143.1,UPI
ORD-11424,2025-11-07,CUST-1056,Customer 1056,Office Supplies,Pens,Ball Pen,North,Jaipur,3,52063.8,0.05,22821.38,UPI
ORD-14676,2025-11-07,CUST-1149,Customer 1149,Technology,Accessories,Wireless Mouse,East,Guwahati,4,25744.8,0.15,3928.85,UPI
ORD-14098,2025-11-07,CUST-1366,Customer 1366,Furniture,Chairs,Office Chair,North,Delhi,2,25250.4,0.1,9503.23,Credit Card
ORD-12966,2025-11-07,CUST-1658,Customer 1658,Office Supplies,Paper,Premium Paper,South,Hyderabad,3,57790.65,0.15,14633.61,Credit Card
ORD-11200,2025-11-07,CUST-1162,Customer 1162,Technology,Phones,Smartphone B,West,Surat,3,29748.3,0.05,6349.8,UPI
ORD-13724,2025-11-07,CUST-1316,Customer 1316,Appliances,Kitchen,Mixer Grinder,North,Delhi,6,44642.4,0.05,9986.25,Net Banking
ORD-10154,2025-11-07,CUST-1126,Customer 1126,Office Supplies,Paper,Premium Paper,North,Delhi,3,19793.25,0.25,4794.62,UPI
ORD-13324,2025-11-07,CUST-1293,Customer 1293,Furniture,Storage,Filing Cabinet,South,Kochi,7,86820.3,0.1,17950.74,Net Banking
ORD-11164,2025-11-07,CUST-1175,Customer 1175,Furniture,Chairs,Office Chair,East,Guwahati,2,38448.0,0.0,10109.46,UPI
ORD-13858,2025-11-07,CUST-1412,Customer 1412,Office Supplies,Binders,File Binder,South,Chennai,5,63984.0,0.2,25473.86,Credit Card
ORD-10693,2025-11-08,CUST-1279,Customer 1279,Technology,Phones,Smartphone C,North,Delhi,4,2052.0,0.25,393.49,UPI
ORD-11569,2025-11-08,CUST-1494,Customer 1494,Office Supplies,Pens,Ball Pen,South,Kochi,3,29332.65,0.15,5015.13,Debit Card
ORD-13327,2025-11-08,CUST-1232,Customer 1232,Office Supplies,Binders,Ring Binder,West,Pune,2,13953.6,0.1,5623.56,Debit Card
ORD-11015,2025-11-08,CUST-1344,Customer 1344,Technology,Phones,Smartphone B,North,Delhi,5,95137.75,0.05,40789.0,Debit Card
ORD-14579,2025-11-08,CUST-1430,Customer 1430,Appliances,Kitchen,Electric Kettle,West,Mumbai,2,34681.7,0.15,3689.16,Net Banking
ORD-10565,2025-11-08,CUST-1322,Customer 1322,Appliances,Fans,Table Fan,South,Kochi,2,20146.0,0.0,3634.38,Cash
ORD-11738,2025-11-08,CUST-1488,Customer 1488,Office Supplies,Paper,Premium Paper,West,Mumbai,3,60294.0,0.0,15087.29,Net Banking
ORD-13450,2025-11-08,CUST-1230,Customer 1230,Appliances,Fans,Ceiling Fan,West,Pune,7,33427.1,0.15,5136.11,UPI
ORD-11114,2025-11-08,CUST-1737,Customer 1737,Office Supplies,Pens,Marker,South,Bengaluru,7,78842.4,0.2,30893.07,Net Banking
ORD-11893,2025-11-08,CUST-1739,Customer 1739,Technology,Accessories,Keyboard,West,Ahmedabad,7,166097.05,0.05,39330.71,Credit Card
ORD-14302,2025-11-08,CUST-1759,Customer 1759,Furniture,Storage,Bookshelf,West,Surat,7,76736.8,0.2,12431.23,Credit Card
ORD-12151,2025-11-08,CUST-1373,Customer 1373,Technology,Tablets,Tablet 10,West,Ahmedabad,6,29768.7,0.15,7148.09,Debit Card
ORD-10875,2025-11-08,CUST-1724,Customer 1724,Furniture,Chairs,Visitor Chair,North,Jaipur,5,78924.0,0.2,21162.49,Cash
ORD-11275,2025-11-08,CUST-1612,Customer 1612,Office Supplies,Organizers,Desk Organizer,East,Kolkata,5,36388.0,0.2,12643.05,Credit Card
ORD-13526,2025-11-08,CUST-1199,Customer 1199,Technology,Phones,Smartphone B,East,Patna,7,86451.75,0.25,28651.52,Credit Card
ORD-13684,2025-11-08,CUST-1325,Customer 1325,Furniture,Storage,Filing Cabinet,West,Surat,4,56442.0,0.25,11911.13,Credit Card
ORD-13786,2025-11-09,CUST-1672,Customer 1672,Furniture,Office Furniture,Workstation,East,Patna,2,24102.4,0.2,7178.15,Debit Card
ORD-14756,2025-11-09,CUST-1583,Customer 1583,Furniture,Office Furniture,Workstation,West,Pune,1,2306.6,0.05,536.83,UPI
ORD-12298,2025-11-09,CUST-1344,Customer 1344,Office Supplies,Binders,Ring Binder,West,Surat,4,35913.8,0.05,12634.78,Net Banking
ORD-10189,2025-11-09,CUST-1518,Customer 1518,Office Supplies,Paper,A4 Paper,East,Guwahati,1,1326.6,0.1,163.79,Debit Card
ORD-11538,2025-11-09,CUST-1045,Customer 1045,Furniture,Storage,Storage Box,West,Pune,4,40771.2,0.2,6076.39,UPI
ORD-12768,2025-11-09,CUST-1758,Customer 1758,Office Supplies,Binders,Ring Binder,South,Bengaluru,6,49755.6,0.1,10686.48,Cash
ORD-10071,2025-11-09,CUST-1098,Customer 1098,Furniture,Chairs,Ergonomic Chair,East,Bhubaneswar,4,78256.0,0.0,33477.35,Cash
ORD-13269,2025-11-09,CUST-1403,Customer 1403,Appliances,Home Care,Air Purifier,East,Patna,6,33198.0,0.0,4396.49,Cash
ORD-10455,2025-11-09,CUST-1746,Customer 1746,Technology,Accessories,Headphones,South,Hyderabad,4,25970.4,0.1,11408.08,Net Banking
ORD-12561,2025-11-10,CUST-1196,Customer 1196,Furniture,Tables,Office Desk,North,Chandigarh,7,106237.6,0.2,19200.78,UPI
ORD-13406,2025-11-10,CUST-1189,Customer 1189,Office Supplies,Organizers,Document Tray,West,Ahmedabad,6,88236.0,0.1,13864.69,Net Banking
ORD-13616,2025-11-10,CUST-1785,Customer 1785,Office Supplies,Organizers,Desk Organizer,East,Kolkata,4,6171.2,0.05,2264.49,Net Banking
ORD-11574,2025-11-10,CUST-1187,Customer 1187,Furniture,Chairs,Office Chair,South,Chennai,2,15262.0,0.0,2701.21,Credit Card
ORD-10996,2025-11-10,CUST-1207,Customer 1207,Technology,Tablets,Tablet 10,East,Bhubaneswar,7,74368.0,0.2,16209.83,UPI
ORD-10984,2025-11-10,CUST-1280,Customer 1280,Technology,Phones,Smartphone A,North,Chandigarh,1,2352.2,0.05,849.48,Credit Card
ORD-10851,2025-11-10,CUST-1706,Customer 1706,Office Supplies,Pens,Gel Pen,North,Lucknow,2,26958.6,0.1,4900.95,Credit Card
ORD-12750,2025-11-10,CUST-1637,Customer 1637,Furniture,Office Furniture,Workstation,South,Kochi,2,22617.6,0.05,2487.85,UPI
ORD-10865,2025-11-10,CUST-1536,Customer 1536,Appliances,Small Appliances,Blender,South,Kochi,2,33945.4,0.05,4565.07,Credit Card
ORD-12979,2025-11-10,CUST-1542,Customer 1542,Technology,Tablets,Tablet 10,West,Mumbai,3,47362.5,0.25,17764.22,Net Banking
ORD-12365,2025-11-10,CUST-1433,Customer 1433,Appliances,Kitchen,Electric Kettle,East,Guwahati,6,70981.8,0.15,17924.25,Debit Card
ORD-12867,2025-11-11,CUST-1086,Customer 1086,Appliances,Small Appliances,Toaster,South,Chennai,4,90987.2,0.05,19767.43,Cash
ORD-10115,2025-11-11,CUST-1672,Customer 1672,Office Supplies,Organizers,Document Tray,East,Guwahati,4,16203.2,0.05,3767.99,UPI
ORD-13479,2025-11-11,CUST-1310,Customer 1310,Appliances,Kitchen,Electric Kettle,West,Surat,6,95340.0,0.0,36629.06,Credit Card
ORD-13455,2025-11-11,CUST-1116,Customer 1116,Office Supplies,Pens,Gel Pen,North,Delhi,6,57461.4,0.1,15412.22,Cash
ORD-13028,2025-11-11,CUST-1519,Customer 1519,Technology,Laptops,Business Laptop,North,Chandigarh,3,9590.4,0.1,1205.89,Net Banking
ORD-13408,2025-11-11,CUST-1478,Customer 1478,Appliances,Home Care,Vacuum Cleaner,West,Ahmedabad,3,21413.7,0.1,7329.32,Credit Card
ORD-11403,2025-11-11,CUST-1722,Customer 1722,Technology,Laptops,Business Laptop,South,Bengaluru,4,16296.0,0.0,2465.62,Cash
ORD-14665,2025-11-11,CUST-1601,Customer 1601,Office Supplies,Organizers,Desk Organizer,West,Mumbai,5,95608.0,0.05,24609.55,Debit Card
ORD-14234,2025-11-11,CUST-1069,Customer 1069,Furniture,Storage,Storage Box,South,Chennai,4,45295.2,0.1,10903.87,Cash
ORD-11903,2025-11-11,CUST-1427,Customer 1427,Technology,Phones,Smartphone B,West,Pune,1,19232.1,0.1,5836.65,Debit Card
ORD-11584,2025-11-11,CUST-1110,Customer 1110,Appliances,Home Care,Air Purifier,North,Delhi,1,12588.5,0.15,3005.82,Credit Card
ORD-10969,2025-11-11,CUST-1277,Customer 1277,Furniture,Chairs,Ergonomic Chair,South,Chennai,2,18088.5,0.25,5729.49,Net Banking
ORD-11440,2025-11-11,CUST-1227,Customer 1227,Office Supplies,Organizers,Document Tray,North,Jaipur,5,53374.5,0.1,23272.66,Credit Card
ORD-13076,2025-11-12,CUST-1488,Customer 1488,Appliances,Small Appliances,Blender,South,Bengaluru,3,45705.45,0.05,14660.29,Credit Card
ORD-14847,2025-11-12,CUST-1744,Customer 1744,Office Supplies,Pens,Ball Pen,East,Bhubaneswar,5,73035.0,0.0,19999.73,Cash
ORD-14719,2025-11-12,CUST-1457,Customer 1457,Appliances,Small Appliances,Toaster,West,Surat,1,16694.25,0.25,4331.18,Debit Card
ORD-12188,2025-11-12,CUST-1231,Customer 1231,Furniture,Office Furniture,Workstation,North,Jaipur,2,34155.0,0.25,10509.33,Debit Card
ORD-12748,2025-11-12,CUST-1468,Customer 1468,Technology,Tablets,Tablet 10,South,Hyderabad,5,60367.5,0.1,14220.39,Debit Card
ORD-13602,2025-11-12,CUST-1220,Customer 1220,Appliances,Small Appliances,Blender,West,Mumbai,6,132770.1,0.05,17106.9,Credit Card
ORD-10183,2025-11-12,CUST-1163,Customer 1163,Furniture,Office Furniture,Reception Desk,West,Pune,2,21901.1,0.15,5192.01,UPI
ORD-14700,2025-11-12,CUST-1368,Customer 1368,Furniture,Office Furniture,Reception Desk,West,Mumbai,1,21325.0,0.0,5867.46,Credit Card
ORD-14133,2025-11-12,CUST-1711,Customer 1711,Appliances,Kitchen,Mixer Grinder,East,Bhubaneswar,3,14420.25,0.15,3131.38,Net Banking
ORD-10490,2025-11-12,CUST-1644,Customer 1644,Technology,Accessories,Keyboard,East,Guwahati,5,52364.0,0.05,10299.35,Net Banking
ORD-11769,2025-11-12,CUST-1716,Customer 1716,Office Supplies,Binders,Ring Binder,South,Kochi,4,93879.0,0.05,40281.27,Credit Card
ORD-11708,2025-11-12,CUST-1697,Customer 1697,Furniture,Storage,Storage Box,West,Pune,2,19691.1,0.15,6959.53,Credit Card
ORD-12139,2025-11-12,CUST-1016,Customer 1016,Furniture,Storage,Storage Box,East,Patna,5,61336.0,0.2,26012.17,Net Banking
ORD-12343,2025-11-12,CUST-1128,Customer 1128,Technology,Laptops,Business Laptop,South,Chennai,1,13419.2,0.2,4958.89,Net Banking
ORD-14084,2025-11-13,CUST-1138,Customer 1138,Technology,Accessories,Wireless Mouse,North,Lucknow,2,15514.2,0.15,5573.61,Cash
ORD-14048,2025-11-13,CUST-1481,Customer 1481,Furniture,Chairs,Ergonomic Chair,West,Pune,1,16838.0,0.0,3466.59,Cash
ORD-14487,2025-11-13,CUST-1365,Customer 1365,Appliances,Home Care,Air Purifier,North,Chandigarh,2,20890.8,0.1,3837.75,UPI
ORD-14427,2025-11-13,CUST-1105,Customer 1105,Office Supplies,Binders,Ring Binder,East,Patna,5,82296.0,0.2,17062.08,Net Banking
ORD-11234,2025-11-13,CUST-1457,Customer 1457,Technology,Tablets,Tablet 10,South,Kochi,7,93632.0,0.05,11142.3,UPI
ORD-12927,2025-11-13,CUST-1030,Customer 1030,Appliances,Home Care,Air Purifier,West,Surat,5,65805.0,0.0,14728.37,Cash
ORD-13005,2025-11-13,CUST-1549,Customer 1549,Technology,Laptops,Laptop Air,West,Surat,7,150129.0,0.1,65954.15,UPI
ORD-13108,2025-11-13,CUST-1616,Customer 1616,Appliances,Kitchen,Mixer Grinder,West,Pune,1,5460.0,0.2,2226.56,Debit Card
ORD-10294,2025-11-13,CUST-1455,Customer 1455,Furniture,Storage,Filing Cabinet,East,Kolkata,3,40481.1,0.1,17230.93,Credit Card
ORD-13383,2025-11-13,CUST-1775,Customer 1775,Office Supplies,Organizers,Desk Organizer,North,Delhi,2,14549.4,0.1,2852.03,Debit Card
ORD-10791,2025-11-13,CUST-1047,Customer 1047,Furniture,Chairs,Ergonomic Chair,East,Patna,2,34124.4,0.1,9853.6,Cash
ORD-11348,2025-11-13,CUST-1399,Customer 1399,Office Supplies,Paper,A4 Paper,North,Delhi,6,24739.2,0.2,6921.01,Credit Card
ORD-10489,2025-11-13,CUST-1272,Customer 1272,Technology,Phones,Smartphone C,South,Chennai,7,73290.0,0.0,21671.46,Net Banking
ORD-14397,2025-11-14,CUST-1772,Customer 1772,Appliances,Home Care,Air Purifier,West,Surat,3,42722.4,0.2,4884.38,UPI
ORD-11984,2025-11-14,CUST-1115,Customer 1115,Office Supplies,Organizers,Desk Organizer,South,Hyderabad,2,17302.5,0.25,5245.07,UPI
ORD-13444,2025-11-14,CUST-1709,Customer 1709,Appliances,Fans,Table Fan,East,Patna,4,69382.8,0.1,24003.64,Net Banking
ORD-12104,2025-11-14,CUST-1406,Customer 1406,Furniture,Office Furniture,Reception Desk,North,Jaipur,4,68741.2,0.15,23679.13,Debit Card
ORD-14351,2025-11-14,CUST-1612,Customer 1612,Appliances,Home Care,Air Purifier,South,Kochi,1,9120.8,0.2,1886.4,Net Banking
ORD-11197,2025-11-14,CUST-1786,Customer 1786,Furniture,Tables,Meeting Table,West,Surat,2,22533.0,0.25,6333.39,Debit Card
ORD-13868,2025-11-14,CUST-1569,Customer 1569,Appliances,Fans,Ceiling Fan,North,Jaipur,4,23270.4,0.1,2600.03,UPI
ORD-11491,2025-11-14,CUST-1777,Customer 1777,Technology,Accessories,USB Cable,North,Delhi,3,15932.4,0.15,2376.75,Net Banking
ORD-14339,2025-11-14,CUST-1769,Customer 1769,Furniture,Chairs,Visitor Chair,South,Chennai,3,41575.8,0.05,9631.77,Net Banking
ORD-12114,2025-11-14,CUST-1484,Customer 1484,Technology,Tablets,Tablet Pro,South,Hyderabad,4,52557.2,0.15,17642.3,Cash
ORD-13381,2025-11-14,CUST-1204,Customer 1204,Technology,Accessories,Keyboard,East,Kolkata,5,110575.0,0.0,13319.96,Cash
ORD-13273,2025-11-14,CUST-1747,Customer 1747,Appliances,Home Care,Air Purifier,North,Chandigarh,2,41918.6,0.15,13784.37,Credit Card
ORD-13137,2025-11-14,CUST-1130,Customer 1130,Appliances,Small Appliances,Blender,South,Bengaluru,2,13654.4,0.15,2477.58,Credit Card
ORD-10185,2025-11-15,CUST-1783,Customer 1783,Technology,Phones,Smartphone B,West,Surat,7,88804.8,0.2,23831.58,Net Banking
ORD-10168,2025-11-15,CUST-1541,Customer 1541,Office Supplies,Binders,File Binder,West,Ahmedabad,1,5129.25,0.25,941.43,Debit Card
ORD-12305,2025-11-15,CUST-1634,Customer 1634,Technology,Phones,Smartphone A,South,Bengaluru,2,9758.4,0.05,3379.24,UPI
ORD-12368,2025-11-15,CUST-1479,Customer 1479,Technology,Phones,Smartphone A,West,Surat,6,106111.2,0.05,12565.82,Net Banking
ORD-13942,2025-11-15,CUST-1387,Customer 1387,Furniture,Chairs,Ergonomic Chair,North,Chandigarh,2,1275.0,0.15,158.61,UPI
ORD-13666,2025-11-15,CUST-1722,Customer 1722,Appliances,Home Care,Vacuum Cleaner,West,Surat,4,54100.8,0.1,16011.0,Cash
ORD-12883,2025-11-15,CUST-1513,Customer 1513,Technology,Phones,Smartphone C,West,Pune,2,38541.5,0.05,6268.5,Net Banking
ORD-10660,2025-11-15,CUST-1290,Customer 1290,Furniture,Chairs,Office Chair,North,Chandigarh,1,17547.0,0.0,3494.75,Debit Card
ORD-13274,2025-11-15,CUST-1759,Customer 1759,Office Supplies,Organizers,Desk Organizer,North,Lucknow,2,28632.0,0.2,8818.74,Net Banking
ORD-10736,2025-11-15,CUST-1062,Customer 1062,Office Supplies,Pens,Marker,East,Patna,6,44690.4,0.1,12641.0,Cash
ORD-13106,2025-11-15,CUST-1462,Customer 1462,Technology,Laptops,Laptop Pro,East,Guwahati,1,14487.3,0.1,2135.5,Net Banking
ORD-13255,2025-11-15,CUST-1171,Customer 1171,Appliances,Home Care,Vacuum Cleaner,North,Lucknow,2,27732.4,0.05,3750.33,UPI
ORD-12364,2025-11-15,CUST-1336,Customer 1336,Appliances,Small Appliances,Toaster,South,Chennai,3,18259.95,0.05,4423.27,Cash
ORD-13482,2025-11-15,CUST-1694,Customer 1694,Office Supplies,Organizers,Document Tray,South,Hyderabad,1,3489.35,0.05,744.17,UPI
ORD-12206,2025-11-15,CUST-1469,Customer 1469,Technology,Accessories,Keyboard,West,Pune,4,38682.0,0.1,5285.5,Credit Card
ORD-11029,2025-11-15,CUST-1737,Customer 1737,Technology,Accessories,USB Cable,North,Lucknow,2,13678.4,0.2,3347.6,Cash
ORD-14069,2025-11-15,CUST-1177,Customer 1177,Appliances,Kitchen,Mixer Grinder,South,Hyderabad,1,2970.9,0.1,992.65,Credit Card
ORD-12836,2025-11-15,CUST-1027,Customer 1027,Office Supplies,Organizers,Document Tray,North,Lucknow,1,2319.3,0.1,300.73,Net Banking
ORD-13215,2025-11-15,CUST-1650,Customer 1650,Technology,Accessories,Headphones,South,Bengaluru,4,83992.0,0.0,36075.73,UPI
ORD-11005,2025-11-15,CUST-1271,Customer 1271,Technology,Laptops,Business Laptop,East,Bhubaneswar,2,21472.7,0.15,8047.25,Credit Card
ORD-13029,2025-11-15,CUST-1245,Customer 1245,Office Supplies,Binders,File Binder,East,Bhubaneswar,4,52873.2,0.1,16687.68,UPI
ORD-12231,2025-11-16,CUST-1595,Customer 1595,Furniture,Storage,Bookshelf,East,Bhubaneswar,2,18925.5,0.25,6290.8,UPI
ORD-13060,2025-11-16,CUST-1110,Customer 1110,Appliances,Home Care,Vacuum Cleaner,East,Kolkata,5,80536.25,0.05,35203.09,Credit Card
ORD-13925,2025-11-16,CUST-1478,Customer 1478,Furniture,Tables,Meeting Table,East,Guwahati,7,105508.9,0.05,33430.23,Cash
ORD-14809,2025-11-16,CUST-1485,Customer 1485,Furniture,Chairs,Office Chair,West,Surat,3,28166.4,0.2,10489.76,Debit Card
ORD-14197,2025-11-16,CUST-1593,Customer 1593,Office Supplies,Pens,Gel Pen,West,Mumbai,3,13691.4,0.05,5548.99,Cash
ORD-10519,2025-11-16,CUST-1635,Customer 1635,Appliances,Home Care,Vacuum Cleaner,East,Patna,4,93532.0,0.0,37976.39,Net Banking
ORD-13598,2025-11-16,CUST-1684,Customer 1684,Office Supplies,Pens,Ball Pen,West,Surat,4,84542.4,0.1,28698.43,Cash
ORD-13401,2025-11-16,CUST-1596,Customer 1596,Appliances,Home Care,Air Purifier,East,Kolkata,4,47059.2,0.05,10944.37,Net Banking
ORD-12412,2025-11-16,CUST-1718,Customer 1718,Office Supplies,Organizers,Document Tray,West,Mumbai,3,45763.2,0.2,10377.01,UPI
ORD-14343,2025-11-16,CUST-1407,Customer 1407,Appliances,Kitchen,Electric Kettle,North,Lucknow,5,28642.5,0.1,11546.43,UPI
ORD-12130,2025-11-16,CUST-1098,Customer 1098,Appliances,Home Care,Air Purifier,North,Chandigarh,1,21003.3,0.1,8534.08,UPI
ORD-10546,2025-11-16,CUST-1262,Customer 1262,Appliances,Home Care,Vacuum Cleaner,East,Bhubaneswar,4,85462.0,0.05,24547.64,Cash
ORD-12749,2025-11-16,CUST-1522,Customer 1522,Furniture,Tables,Study Table,South,Bengaluru,3,50938.2,0.1,11386.38,Cash
ORD-12785,2025-11-16,CUST-1247,Customer 1247,Furniture,Chairs,Visitor Chair,West,Mumbai,1,17919.0,0.25,3877.23,UPI
ORD-11656,2025-11-16,CUST-1745,Customer 1745,Office Supplies,Organizers,Desk Organizer,South,Kochi,3,59709.0,0.0,17634.31,Net Banking
ORD-11407,2025-11-16,CUST-1765,Customer 1765,Furniture,Tables,Meeting Table,West,Mumbai,3,37956.0,0.2,4299.64,Debit Card
ORD-12036,2025-11-16,CUST-1177,Customer 1177,Furniture,Tables,Study Table,West,Pune,1,22216.5,0.1,9787.83,Credit Card
ORD-10913,2025-11-16,CUST-1548,Customer 1548,Technology,Laptops,Laptop Pro,North,Chandigarh,6,139701.3,0.05,61181.82,UPI
ORD-11504,2025-11-17,CUST-1378,Customer 1378,Office Supplies,Organizers,Document Tray,South,Kochi,4,50064.0,0.25,14604.07,UPI
ORD-13402,2025-11-17,CUST-1769,Customer 1769,Appliances,Small Appliances,Blender,West,Mumbai,4,63817.6,0.2,18866.75,UPI
ORD-10180,2025-11-17,CUST-1282,Customer 1282,Office Supplies,Binders,File Binder,West,Pune,1,13360.0,0.0,1826.33,UPI
ORD-11917,2025-11-17,CUST-1594,Customer 1594,Appliances,Small Appliances,Toaster,West,Mumbai,2,19181.1,0.15,8556.3,Debit Card
ORD-12517,2025-11-17,CUST-1799,Customer 1799,Office Supplies,Paper,A4 Paper,East,Bhubaneswar,6,140598.0,0.0,38552.9,Credit Card
ORD-10994,2025-11-17,CUST-1293,Customer 1293,Appliances,Small Appliances,Toaster,South,Hyderabad,4,41123.2,0.2,10236.53,Cash
ORD-13875,2025-11-17,CUST-1393,Customer 1393,Appliances,Small Appliances,Blender,South,Hyderabad,1,22302.2,0.05,3633.08,Debit Card
ORD-12347,2025-11-17,CUST-1325,Customer 1325,Office Supplies,Binders,File Binder,West,Surat,4,63484.8,0.15,27369.38,Cash
ORD-10427,2025-11-17,CUST-1374,Customer 1374,Technology,Phones,Smartphone A,South,Bengaluru,6,108361.8,0.1,28511.71,Credit Card
ORD-11414,2025-11-17,CUST-1517,Customer 1517,Appliances,Fans,Table Fan,South,Bengaluru,4,4073.2,0.15,1101.01,UPI
ORD-13806,2025-11-18,CUST-1348,Customer 1348,Furniture,Office Furniture,Workstation,West,Mumbai,6,53843.4,0.1,20496.31,Cash
ORD-11482,2025-11-18,CUST-1587,Customer 1587,Technology,Accessories,USB Cable,North,Delhi,6,129751.2,0.1,23794.82,Cash
ORD-14059,2025-11-18,CUST-1280,Customer 1280,Office Supplies,Pens,Ball Pen,West,Ahmedabad,7,36222.55,0.05,16170.35,Net Banking
ORD-12908,2025-11-18,CUST-1633,Customer 1633,Technology,Accessories,Headphones,South,Kochi,7,68770.1,0.15,30095.67,Debit Card
ORD-11096,2025-11-18,CUST-1160,Customer 1160,Furniture,Chairs,Office Chair,North,Chandigarh,6,47743.2,0.05,9666.94,Debit Card
ORD-12439,2025-11-18,CUST-1164,Customer 1164,Office Supplies,Paper,A4 Paper,North,Lucknow,1,6092.8,0.15,1777.32,UPI
ORD-12596,2025-11-18,CUST-1666,Customer 1666,Appliances,Small Appliances,Toaster,North,Lucknow,1,21718.9,0.05,7724.82,UPI
ORD-12192,2025-11-18,CUST-1442,Customer 1442,Technology,Phones,Smartphone A,North,Lucknow,1,15872.4,0.1,4015.39,Net Banking
ORD-13823,2025-11-18,CUST-1401,Customer 1401,Appliances,Fans,Table Fan,East,Guwahati,1,16492.55,0.15,7308.15,Cash
ORD-13299,2025-11-18,CUST-1520,Customer 1520,Furniture,Storage,Bookshelf,North,Chandigarh,6,83860.8,0.2,9965.01,Cash
ORD-10630,2025-11-18,CUST-1354,Customer 1354,Office Supplies,Binders,File Binder,West,Mumbai,6,7155.3,0.15,2774.77,UPI
ORD-13207,2025-11-18,CUST-1369,Customer 1369,Technology,Tablets,Tablet Pro,North,Delhi,1,23554.3,0.05,8939.8,Cash
ORD-11318,2025-11-18,CUST-1218,Customer 1218,Appliances,Small Appliances,Toaster,North,Jaipur,7,64277.85,0.15,12245.13,UPI
ORD-14275,2025-11-18,CUST-1004,Customer 1004,Technology,Tablets,Tablet 10,South,Hyderabad,4,32628.0,0.0,13879.6,Credit Card
ORD-14035,2025-11-19,CUST-1322,Customer 1322,Office Supplies,Binders,Ring Binder,West,Ahmedabad,3,74553.0,0.0,10078.27,Credit Card
ORD-12734,2025-11-19,CUST-1345,Customer 1345,Appliances,Home Care,Vacuum Cleaner,West,Mumbai,4,12445.2,0.1,1603.35,Credit Card
ORD-14216,2025-11-19,CUST-1191,Customer 1191,Office Supplies,Pens,Marker,West,Surat,5,97816.0,0.2,43643.06,Cash
ORD-13125,2025-11-19,CUST-1648,Customer 1648,Technology,Phones,Smartphone A,West,Ahmedabad,6,72331.2,0.2,7819.58,Credit Card
ORD-12286,2025-11-19,CUST-1788,Customer 1788,Appliances,Kitchen,Electric Kettle,East,Bhubaneswar,3,58338.9,0.15,19264.72,Credit Card
ORD-13846,2025-11-19,CUST-1202,Customer 1202,Furniture,Tables,Office Desk,South,Bengaluru,4,46620.0,0.1,13480.81,Net Banking
ORD-13020,2025-11-19,CUST-1794,Customer 1794,Office Supplies,Binders,File Binder,South,Hyderabad,3,61549.35,0.15,8260.59,Net Banking
ORD-10810,2025-11-19,CUST-1496,Customer 1496,Technology,Phones,Smartphone A,South,Chennai,6,33155.1,0.15,4595.05,Cash
ORD-12940,2025-11-19,CUST-1547,Customer 1547,Technology,Tablets,Tablet 10,South,Chennai,1,11216.0,0.0,3534.35,UPI
ORD-13864,2025-11-20,CUST-1689,Customer 1689,Appliances,Kitchen,Electric Kettle,North,Lucknow,3,35592.9,0.15,8029.51,Net Banking
ORD-11933,2025-11-20,CUST-1536,Customer 1536,Technology,Phones,Smartphone B,South,Kochi,4,39778.4,0.05,10279.18,Net Banking
ORD-12533,2025-11-20,CUST-1110,Customer 1110,Appliances,Fans,Ceiling Fan,South,Chennai,3,27122.4,0.2,9515.73,Debit Card
ORD-13734,2025-11-20,CUST-1133,Customer 1133,Technology,Laptops,Business Laptop,East,Bhubaneswar,5,57163.5,0.1,15157.62,Credit Card
ORD-13016,2025-11-20,CUST-1559,Customer 1559,Appliances,Fans,Table Fan,South,Bengaluru,2,32216.4,0.1,4225.21,Debit Card
ORD-11835,2025-11-20,CUST-1442,Customer 1442,Appliances,Fans,Ceiling Fan,South,Chennai,2,5330.0,0.0,1476.0,Debit Card
ORD-11741,2025-11-20,CUST-1062,Customer 1062,Appliances,Kitchen,Mixer Grinder,East,Kolkata,6,70554.6,0.05,27605.35,Net Banking
ORD-13817,2025-11-20,CUST-1494,Customer 1494,Office Supplies,Paper,A4 Paper,East,Bhubaneswar,4,77404.4,0.15,28421.87,Credit Card
ORD-12459,2025-11-20,CUST-1022,Customer 1022,Technology,Tablets,Tablet 10,East,Patna,6,3665.1,0.05,391.13,Net Banking
ORD-11525,2025-11-20,CUST-1453,Customer 1453,Technology,Accessories,Wireless Mouse,West,Surat,3,59529.75,0.15,19679.76,Debit Card
ORD-11091,2025-11-20,CUST-1766,Customer 1766,Appliances,Home Care,Air Purifier,South,Hyderabad,3,60836.4,0.1,19537.34,Credit Card
ORD-13074,2025-11-20,CUST-1630,Customer 1630,Office Supplies,Binders,File Binder,East,Patna,3,21400.2,0.1,6159.22,UPI
ORD-12914,2025-11-20,CUST-1135,Customer 1135,Appliances,Kitchen,Electric Kettle,West,Surat,2,28006.2,0.1,5277.39,Credit Card
ORD-13921,2025-11-20,CUST-1741,Customer 1741,Office Supplies,Paper,A4 Paper,East,Patna,6,95112.0,0.2,32491.42,Net Banking
ORD-14266,2025-11-20,CUST-1680,Customer 1680,Office Supplies,Pens,Gel Pen,West,Mumbai,7,4821.6,0.2,1405.71,Cash
ORD-10493,2025-11-20,CUST-1646,Customer 1646,Technology,Accessories,Keyboard,North,Chandigarh,2,11672.0,0.2,3621.99,Cash
ORD-13514,2025-11-20,CUST-1076,Customer 1076,Appliances,Small Appliances,Blender,South,Chennai,5,57681.0,0.1,6333.62,Cash
ORD-11989,2025-11-21,CUST-1490,Customer 1490,Office Supplies,Binders,Ring Binder,West,Ahmedabad,4,77043.6,0.1,7758.76,Net Banking
ORD-14042,2025-11-21,CUST-1641,Customer 1641,Appliances,Home Care,Air Purifier,North,Chandigarh,6,117096.0,0.0,38227.68,Credit Card
ORD-14045,2025-11-21,CUST-1365,Customer 1365,Office Supplies,Paper,A4 Paper,East,Kolkata,2,24817.8,0.05,4444.83,Net Banking
ORD-14368,2025-11-21,CUST-1080,Customer 1080,Technology,Phones,Smartphone C,South,Chennai,7,170520.0,0.0,26996.53,Credit Card
ORD-11418,2025-11-21,CUST-1124,Customer 1124,Office Supplies,Pens,Ball Pen,South,Kochi,1,4447.8,0.1,900.59,Credit Card
ORD-11577,2025-11-21,CUST-1311,Customer 1311,Office Supplies,Pens,Marker,North,Chandigarh,5,71837.75,0.15,24298.34,Debit Card
ORD-10097,2025-11-21,CUST-1373,Customer 1373,Furniture,Tables,Office Desk,North,Jaipur,5,60852.0,0.2,18969.64,Cash
ORD-13726,2025-11-21,CUST-1090,Customer 1090,Appliances,Kitchen,Electric Kettle,North,Lucknow,6,5457.6,0.2,2180.69,Cash
ORD-13464,2025-11-21,CUST-1332,Customer 1332,Appliances,Fans,Table Fan,South,Chennai,5,85238.75,0.05,35090.14,Net Banking
ORD-14333,2025-11-21,CUST-1116,Customer 1116,Office Supplies,Binders,Ring Binder,West,Mumbai,2,45980.0,0.05,10930.58,UPI
ORD-13080,2025-11-21,CUST-1112,Customer 1112,Office Supplies,Paper,Premium Paper,East,Guwahati,5,95310.5,0.15,22414.21,Cash
ORD-14288,2025-11-21,CUST-1477,Customer 1477,Technology,Accessories,Keyboard,North,Jaipur,7,41825.0,0.0,9454.8,Cash
ORD-12558,2025-11-21,CUST-1306,Customer 1306,Office Supplies,Organizers,Desk Organizer,South,Chennai,5,34648.0,0.2,9351.16,Net Banking
ORD-11523,2025-11-22,CUST-1414,Customer 1414,Technology,Accessories,USB Cable,West,Ahmedabad,2,13761.7,0.05,2287.18,Cash
ORD-11100,2025-11-22,CUST-1386,Customer 1386,Office Supplies,Pens,Marker,West,Ahmedabad,1,6937.85,0.05,1034.27,Credit Card
ORD-10549,2025-11-22,CUST-1548,Customer 1548,Furniture,Tables,Office Desk,West,Ahmedabad,5,70641.0,0.1,25610.7,UPI
ORD-10429,2025-11-22,CUST-1090,Customer 1090,Technology,Tablets,Tablet Pro,South,Hyderabad,4,65649.6,0.1,23203.33,Cash
ORD-13851,2025-11-22,CUST-1761,Customer 1761,Appliances,Home Care,Vacuum Cleaner,South,Hyderabad,6,135466.2,0.05,44773.45,Cash
ORD-14965,2025-11-22,CUST-1168,Customer 1168,Appliances,Small Appliances,Toaster,South,Chennai,2,18943.1,0.15,3898.27,Net Banking
ORD-12200,2025-11-22,CUST-1055,Customer 1055,Technology,Laptops,Laptop Air,South,Bengaluru,6,125836.2,0.1,31439.51,Credit Card
ORD-10833,2025-11-22,CUST-1514,Customer 1514,Office Supplies,Pens,Marker,North,Jaipur,6,83524.8,0.2,25650.24,UPI
ORD-14167,2025-11-22,CUST-1616,Customer 1616,Appliances,Small Appliances,Blender,West,Mumbai,5,42304.5,0.1,8251.6,UPI
ORD-10754,2025-11-22,CUST-1329,Customer 1329,Furniture,Tables,Office Desk,North,Chandigarh,1,21198.6,0.1,7403.74,Debit Card
ORD-11481,2025-11-22,CUST-1703,Customer 1703,Office Supplies,Pens,Marker,West,Mumbai,3,57760.8,0.2,14611.22,Net Banking
ORD-10670,2025-11-22,CUST-1537,Customer 1537,Office Supplies,Pens,Ball Pen,North,Lucknow,2,5452.2,0.1,563.97,Credit Card
ORD-14721,2025-11-22,CUST-1747,Customer 1747,Technology,Tablets,Tablet Pro,East,Bhubaneswar,1,15946.5,0.25,2522.32,Net Banking
ORD-11412,2025-11-22,CUST-1030,Customer 1030,Furniture,Office Furniture,Reception Desk,North,Jaipur,3,5433.6,0.2,636.12,Cash
ORD-11642,2025-11-22,CUST-1664,Customer 1664,Technology,Tablets,Tablet 10,West,Surat,5,90092.0,0.2,15620.86,Net Banking
ORD-10036,2025-11-23,CUST-1557,Customer 1557,Technology,Phones,Smartphone B,North,Delhi,3,15503.4,0.1,2233.49,Debit Card
ORD-12835,2025-11-23,CUST-1505,Customer 1505,Office Supplies,Paper,A4 Paper,East,Patna,4,58340.6,0.15,15815.5,Debit Card
ORD-12644,2025-11-23,CUST-1477,Customer 1477,Technology,Phones,Smartphone A,North,Lucknow,2,14339.2,0.2,4990.94,Cash
ORD-14616,2025-11-23,CUST-1160,Customer 1160,Technology,Accessories,Keyboard,West,Pune,6,51955.5,0.05,21669.84,Debit Card
ORD-13621,2025-11-23,CUST-1627,Customer 1627,Furniture,Chairs,Visitor Chair,South,Chennai,1,17860.5,0.25,3689.34,Debit Card
ORD-11832,2025-11-23,CUST-1307,Customer 1307,Technology,Phones,Smartphone B,South,Bengaluru,6,48211.2,0.1,8941.09,Cash
ORD-12157,2025-11-23,CUST-1059,Customer 1059,Appliances,Fans,Ceiling Fan,South,Hyderabad,5,28521.0,0.1,4122.55,Credit Card
ORD-14200,2025-11-23,CUST-1136,Customer 1136,Office Supplies,Binders,Ring Binder,East,Kolkata,1,10832.8,0.2,1915.04,Cash
ORD-11400,2025-11-23,CUST-1004,Customer 1004,Technology,Phones,Smartphone C,West,Ahmedabad,2,4556.8,0.2,1011.23,UPI
ORD-12809,2025-11-23,CUST-1428,Customer 1428,Technology,Phones,Smartphone B,West,Surat,3,66395.7,0.1,24015.66,Debit Card
ORD-10273,2025-11-23,CUST-1771,Customer 1771,Appliances,Kitchen,Electric Kettle,West,Pune,4,62204.0,0.0,25663.65,Cash
ORD-12635,2025-11-23,CUST-1458,Customer 1458,Furniture,Chairs,Ergonomic Chair,South,Bengaluru,7,141744.75,0.05,52966.91,Credit Card
ORD-13246,2025-11-23,CUST-1494,Customer 1494,Furniture,Chairs,Office Chair,West,Pune,5,109544.5,0.05,48308.44,Credit Card
ORD-14825,2025-11-24,CUST-1420,Customer 1420,Technology,Accessories,Wireless Mouse,East,Patna,5,42664.5,0.1,17060.27,Net Banking
ORD-14701,2025-11-24,CUST-1401,Customer 1401,Furniture,Storage,Filing Cabinet,West,Mumbai,5,1683.0,0.1,291.72,Cash
ORD-10179,2025-11-24,CUST-1184,Customer 1184,Technology,Tablets,Tablet 10,South,Chennai,2,13571.1,0.15,5694.53,Net Banking
ORD-10635,2025-11-24,CUST-1269,Customer 1269,Furniture,Chairs,Ergonomic Chair,West,Ahmedabad,4,62377.2,0.1,10277.36,UPI
ORD-12681,2025-11-24,CUST-1476,Customer 1476,Technology,Accessories,USB Cable,East,Guwahati,2,13764.9,0.15,3085.46,UPI
ORD-14252,2025-11-24,CUST-1065,Customer 1065,Furniture,Tables,Office Desk,West,Pune,1,10871.1,0.1,1950.55,Credit Card
ORD-10096,2025-11-24,CUST-1722,Customer 1722,Furniture,Office Furniture,Reception Desk,East,Guwahati,3,33199.65,0.05,14530.31,Net Banking
ORD-14704,2025-11-24,CUST-1285,Customer 1285,Technology,Tablets,Tablet 10,East,Kolkata,1,19557.9,0.1,6657.0,Net Banking
ORD-12601,2025-11-24,CUST-1122,Customer 1122,Furniture,Storage,Storage Box,North,Jaipur,5,32274.5,0.15,5258.24,Net Banking
ORD-13821,2025-11-24,CUST-1635,Customer 1635,Office Supplies,Binders,File Binder,West,Ahmedabad,7,158609.15,0.05,61977.98,Net Banking
ORD-12415,2025-11-24,CUST-1667,Customer 1667,Furniture,Tables,Study Table,West,Pune,5,71553.0,0.15,21100.74,Debit Card
ORD-12602,2025-11-24,CUST-1442,Customer 1442,Technology,Tablets,Tablet Pro,West,Mumbai,5,15529.5,0.1,2088.77,Debit Card
ORD-11551,2025-11-24,CUST-1318,Customer 1318,Technology,Accessories,USB Cable,North,Lucknow,6,51396.9,0.05,11669.05,Cash
ORD-14121,2025-11-24,CUST-1499,Customer 1499,Appliances,Home Care,Vacuum Cleaner,West,Surat,5,101103.25,0.15,31127.5,Debit Card
ORD-10380,2025-11-25,CUST-1185,Customer 1185,Technology,Phones,Smartphone B,North,Lucknow,4,2775.0,0.25,1181.79,Debit Card
ORD-12955,2025-11-25,CUST-1242,Customer 1242,Furniture,Tables,Study Table,West,Ahmedabad,7,69316.8,0.2,25134.22,Net Banking
ORD-11490,2025-11-25,CUST-1641,Customer 1641,Technology,Phones,Smartphone B,East,Patna,2,13908.6,0.1,5824.06,UPI
ORD-14628,2025-11-25,CUST-1015,Customer 1015,Furniture,Office Furniture,Reception Desk,East,Patna,2,4950.0,0.1,1818.18,UPI
ORD-11112,2025-11-25,CUST-1012,Customer 1012,Technology,Phones,Smartphone B,West,Mumbai,3,1082.4,0.2,253.17,Credit Card
ORD-12729,2025-11-25,CUST-1017,Customer 1017,Office Supplies,Paper,A4 Paper,West,Pune,2,41406.7,0.05,7685.77,Net Banking
ORD-13456,2025-11-25,CUST-1071,Customer 1071,Appliances,Small Appliances,Blender,North,Delhi,1,9617.8,0.05,1030.06,Cash
ORD-11809,2025-11-25,CUST-1591,Customer 1591,Appliances,Small Appliances,Toaster,West,Surat,4,68034.0,0.15,22345.7,UPI
ORD-10409,2025-11-25,CUST-1678,Customer 1678,Appliances,Small Appliances,Blender,South,Kochi,1,6375.6,0.1,2856.33,UPI
ORD-10001,2025-11-25,CUST-1055,Customer 1055,Office Supplies,Pens,Marker,South,Hyderabad,6,111198.0,0.0,26167.16,UPI
ORD-14386,2025-11-25,CUST-1036,Customer 1036,Office Supplies,Paper,A4 Paper,East,Patna,5,50069.75,0.05,18634.28,Net Banking
ORD-12075,2025-11-25,CUST-1688,Customer 1688,Office Supplies,Paper,A4 Paper,South,Bengaluru,6,67548.6,0.1,14956.57,Cash
ORD-10878,2025-11-25,CUST-1290,Customer 1290,Furniture,Office Furniture,Workstation,North,Delhi,4,55124.2,0.15,20275.09,Debit Card
ORD-14100,2025-11-25,CUST-1231,Customer 1231,Furniture,Tables,Study Table,West,Surat,7,28186.2,0.1,11590.61,Credit Card
ORD-14038,2025-11-25,CUST-1155,Customer 1155,Appliances,Kitchen,Electric Kettle,East,Patna,2,31737.6,0.1,4234.54,Net Banking
ORD-14276,2025-11-25,CUST-1257,Customer 1257,Office Supplies,Pens,Ball Pen,East,Bhubaneswar,3,9779.4,0.1,1355.44,Net Banking
ORD-14070,2025-11-25,CUST-1707,Customer 1707,Appliances,Kitchen,Electric Kettle,North,Delhi,6,15144.0,0.2,3618.55,Credit Card
ORD-10342,2025-11-25,CUST-1146,Customer 1146,Appliances,Fans,Table Fan,East,Bhubaneswar,1,1556.0,0.0,335.09,UPI
ORD-13166,2025-11-25,CUST-1763,Customer 1763,Technology,Tablets,Tablet Pro,West,Pune,3,42941.25,0.25,17320.68,Net Banking
ORD-11776,2025-11-26,CUST-1480,Customer 1480,Appliances,Fans,Ceiling Fan,East,Bhubaneswar,5,66564.0,0.1,21557.05,Net Banking
ORD-12746,2025-11-26,CUST-1107,Customer 1107,Furniture,Office Furniture,Reception Desk,South,Kochi,4,957.6,0.1,248.99,Net Banking
ORD-13226,2025-11-26,CUST-1152,Customer 1152,Appliances,Home Care,Vacuum Cleaner,East,Patna,2,27914.0,0.0,8026.15,UPI
ORD-11340,2025-11-26,CUST-1566,Customer 1566,Furniture,Tables,Meeting Table,South,Bengaluru,3,27603.0,0.0,11965.07,Cash
ORD-12947,2025-11-26,CUST-1753,Customer 1753,Technology,Laptops,Business Laptop,East,Kolkata,2,26011.7,0.15,11376.97,Net Banking
ORD-12419,2025-11-26,CUST-1147,Customer 1147,Technology,Phones,Smartphone A,North,Delhi,4,40959.0,0.25,5701.7,Net Banking
ORD-11146,2025-11-26,CUST-1028,Customer 1028,Furniture,Storage,Filing Cabinet,North,Lucknow,6,85636.8,0.2,21724.55,Cash
ORD-13481,2025-11-26,CUST-1592,Customer 1592,Furniture,Tables,Study Table,West,Surat,5,54502.5,0.25,11919.53,Net Banking
ORD-10341,2025-11-26,CUST-1068,Customer 1068,Office Supplies,Organizers,Desk Organizer,West,Mumbai,5,52438.5,0.1,22497.73,UPI
ORD-14652,2025-11-26,CUST-1603,Customer 1603,Appliances,Fans,Table Fan,East,Bhubaneswar,7,75178.25,0.05,12030.75,Credit Card
ORD-11620,2025-11-26,CUST-1378,Customer 1378,Technology,Tablets,Tablet Pro,North,Lucknow,6,94650.0,0.0,12098.55,UPI
ORD-11489,2025-11-26,CUST-1634,Customer 1634,Technology,Laptops,Laptop Air,North,Jaipur,7,1416.8,0.2,238.69,Net Banking
ORD-12537,2025-11-27,CUST-1133,Customer 1133,Office Supplies,Paper,A4 Paper,North,Jaipur,7,28504.0,0.0,12553.16,Net Banking
ORD-14959,2025-11-27,CUST-1374,Customer 1374,Technology,Phones,Smartphone A,East,Guwahati,4,30260.0,0.15,7564.02,Net Banking
ORD-10675,2025-11-27,CUST-1617,Customer 1617,Appliances,Fans,Ceiling Fan,North,Jaipur,5,70675.0,0.0,7585.24,Cash
ORD-10024,2025-11-27,CUST-1385,Customer 1385,Appliances,Small Appliances,Toaster,East,Bhubaneswar,4,47443.6,0.15,13776.5,Net Banking
ORD-10484,2025-11-27,CUST-1378,Customer 1378,Furniture,Tables,Study Table,East,Bhubaneswar,4,54636.0,0.0,17497.41,UPI
ORD-13319,2025-11-27,CUST-1168,Customer 1168,Office Supplies,Pens,Ball Pen,North,Chandigarh,5,14387.75,0.05,1750.56,Debit Card
ORD-12903,2025-11-27,CUST-1686,Customer 1686,Technology,Accessories,Keyboard,West,Surat,1,13746.5,0.05,4931.67,Net Banking
ORD-12382,2025-11-27,CUST-1092,Customer 1092,Technology,Laptops,Laptop Air,North,Chandigarh,7,36265.25,0.15,12325.28,Debit Card
ORD-14284,2025-11-27,CUST-1324,Customer 1324,Furniture,Tables,Study Table,West,Pune,6,34403.4,0.1,12034.5,UPI
ORD-10123,2025-11-27,CUST-1130,Customer 1130,Furniture,Office Furniture,Reception Desk,East,Bhubaneswar,3,43418.85,0.15,9867.89,Net Banking
ORD-10535,2025-11-27,CUST-1796,Customer 1796,Office Supplies,Pens,Marker,North,Jaipur,4,21960.6,0.15,7155.58,Cash
ORD-10208,2025-11-28,CUST-1247,Customer 1247,Appliances,Kitchen,Mixer Grinder,North,Jaipur,5,2486.25,0.15,281.37,Debit Card
ORD-13113,2025-11-28,CUST-1429,Customer 1429,Furniture,Tables,Meeting Table,West,Ahmedabad,6,109115.1,0.05,31376.19,Credit Card
ORD-13049,2025-11-28,CUST-1478,Customer 1478,Technology,Accessories,Headphones,South,Hyderabad,7,100126.6,0.15,27923.71,UPI
ORD-10166,2025-11-28,CUST-1631,Customer 1631,Technology,Tablets,Tablet Pro,South,Bengaluru,4,14524.0,0.0,5690.64,UPI
ORD-13807,2025-11-28,CUST-1364,Customer 1364,Furniture,Chairs,Ergonomic Chair,North,Jaipur,7,147889.35,0.05,61464.84,Credit Card
ORD-12665,2025-11-28,CUST-1611,Customer 1611,Furniture,Tables,Office Desk,West,Ahmedabad,7,30940.0,0.15,8795.21,Credit Card
ORD-14193,2025-11-28,CUST-1093,Customer 1093,Appliances,Fans,Table Fan,North,Lucknow,7,68518.8,0.1,30564.6,Net Banking
ORD-14647,2025-11-29,CUST-1267,Customer 1267,Appliances,Fans,Table Fan,North,Jaipur,4,67399.2,0.1,27812.3,UPI
ORD-13484,2025-11-29,CUST-1659,Customer 1659,Technology,Tablets,Tablet 10,North,Lucknow,1,18173.7,0.1,2817.28,Net Banking
ORD-10720,2025-11-29,CUST-1065,Customer 1065,Appliances,Home Care,Air Purifier,East,Guwahati,5,107932.5,0.1,20973.98,Net Banking
ORD-11237,2025-11-29,CUST-1428,Customer 1428,Technology,Laptops,Laptop Pro,West,Mumbai,2,19390.4,0.2,3228.58,Net Banking
ORD-11427,2025-11-29,CUST-1122,Customer 1122,Office Supplies,Binders,Ring Binder,West,Ahmedabad,3,21216.6,0.1,6669.4,Credit Card
ORD-13386,2025-11-29,CUST-1109,Customer 1109,Furniture,Storage,Bookshelf,South,Kochi,7,79795.8,0.1,31901.0,Credit Card
ORD-12840,2025-11-29,CUST-1233,Customer 1233,Office Supplies,Pens,Gel Pen,East,Guwahati,5,13428.0,0.1,5446.69,UPI
ORD-10495,2025-11-29,CUST-1192,Customer 1192,Technology,Laptops,Business Laptop,East,Guwahati,2,47834.0,0.0,17660.37,Credit Card
ORD-11510,2025-11-29,CUST-1360,Customer 1360,Appliances,Small Appliances,Toaster,South,Kochi,2,32823.0,0.1,7333.6,Net Banking
ORD-12960,2025-11-29,CUST-1169,Customer 1169,Technology,Accessories,Wireless Mouse,West,Pune,2,21196.8,0.2,4915.78,Credit Card
ORD-10285,2025-11-29,CUST-1555,Customer 1555,Furniture,Storage,Filing Cabinet,North,Delhi,7,78571.5,0.25,33971.23,UPI
ORD-11126,2025-11-29,CUST-1577,Customer 1577,Appliances,Small Appliances,Toaster,North,Jaipur,5,54783.0,0.1,17999.16,Debit Card
ORD-11500,2025-11-29,CUST-1593,Customer 1593,Office Supplies,Paper,Premium Paper,South,Chennai,7,100687.65,0.05,27109.59,Net Banking
ORD-11913,2025-11-29,CUST-1461,Customer 1461,Furniture,Chairs,Office Chair,South,Hyderabad,4,64062.0,0.1,25561.88,Net Banking
ORD-13839,2025-11-29,CUST-1129,Customer 1129,Technology,Phones,Smartphone A,South,Bengaluru,6,66840.0,0.2,11184.78,Credit Card
ORD-12578,2025-11-29,CUST-1257,Customer 1257,Technology,Laptops,Laptop Air,South,Chennai,2,2018.0,0.0,585.96,UPI
ORD-13794,2025-11-29,CUST-1438,Customer 1438,Office Supplies,Paper,A4 Paper,West,Mumbai,6,76630.8,0.05,17079.9,Debit Card
ORD-13877,2025-11-29,CUST-1676,Customer 1676,Technology,Laptops,Laptop Pro,South,Hyderabad,6,18981.0,0.05,4459.38,UPI
ORD-12827,2025-11-30,CUST-1327,Customer 1327,Furniture,Chairs,Office Chair,East,Guwahati,3,30435.0,0.0,13298.75,Cash
ORD-14259,2025-11-30,CUST-1628,Customer 1628,Office Supplies,Binders,File Binder,South,Hyderabad,2,23902.4,0.2,2511.13,Net Banking
ORD-11301,2025-11-30,CUST-1792,Customer 1792,Office Supplies,Paper,Premium Paper,West,Surat,3,6842.85,0.05,1232.83,Net Banking
ORD-14843,2025-11-30,CUST-1413,Customer 1413,Furniture,Office Furniture,Reception Desk,West,Ahmedabad,5,54626.25,0.25,20363.34,Debit Card
ORD-12066,2025-11-30,CUST-1425,Customer 1425,Appliances,Fans,Table Fan,East,Guwahati,6,132510.6,0.1,33072.26,Credit Card
ORD-14251,2025-11-30,CUST-1745,Customer 1745,Technology,Accessories,Keyboard,South,Kochi,5,101417.75,0.15,41501.11,Cash
ORD-14306,2025-11-30,CUST-1073,Customer 1073,Appliances,Fans,Ceiling Fan,South,Bengaluru,6,71506.8,0.1,13822.83,Net Banking
ORD-12752,2025-11-30,CUST-1279,Customer 1279,Technology,Phones,Smartphone C,South,Chennai,7,109425.75,0.05,34677.04,Net Banking
ORD-14514,2025-12-01,CUST-1121,Customer 1121,Office Supplies,Binders,File Binder,East,Bhubaneswar,1,7268.35,0.15,1939.69,Cash
ORD-14420,2025-12-01,CUST-1346,Customer 1346,Office Supplies,Organizers,Document Tray,North,Delhi,1,11294.8,0.15,1464.19,Debit Card
ORD-10190,2025-12-01,CUST-1668,Customer 1668,Furniture,Storage,Bookshelf,South,Chennai,3,39733.2,0.1,9593.2,Cash
ORD-11182,2025-12-01,CUST-1668,Customer 1668,Appliances,Small Appliances,Blender,West,Ahmedabad,3,52288.2,0.1,6022.44,Cash
ORD-10971,2025-12-01,CUST-1307,Customer 1307,Appliances,Kitchen,Electric Kettle,East,Kolkata,5,33400.0,0.2,3634.5,UPI
ORD-10981,2025-12-01,CUST-1690,Customer 1690,Appliances,Kitchen,Electric Kettle,East,Guwahati,5,17033.5,0.05,6118.77,UPI
ORD-13017,2025-12-01,CUST-1530,Customer 1530,Office Supplies,Organizers,Desk Organizer,North,Chandigarh,4,43486.0,0.15,14915.23,UPI
ORD-11011,2025-12-01,CUST-1650,Customer 1650,Technology,Tablets,Tablet Pro,West,Mumbai,2,6042.0,0.05,766.45,Debit Card
ORD-11554,2025-12-01,CUST-1681,Customer 1681,Appliances,Kitchen,Mixer Grinder,West,Ahmedabad,4,30236.2,0.15,6879.52,UPI
ORD-13476,2025-12-02,CUST-1468,Customer 1468,Office Supplies,Paper,Premium Paper,South,Chennai,5,75116.0,0.2,25843.27,UPI
ORD-13424,2025-12-02,CUST-1442,Customer 1442,Technology,Laptops,Laptop Air,South,Chennai,7,123170.95,0.15,30742.63,UPI
ORD-11041,2025-12-02,CUST-1408,Customer 1408,Technology,Phones,Smartphone B,East,Guwahati,2,4210.0,0.0,552.8,Credit Card
ORD-12881,2025-12-02,CUST-1430,Customer 1430,Furniture,Chairs,Visitor Chair,South,Hyderabad,7,48566.0,0.0,20552.97,Cash
ORD-10586,2025-12-02,CUST-1324,Customer 1324,Office Supplies,Organizers,Document Tray,North,Jaipur,6,20275.2,0.2,6301.41,UPI
ORD-12018,2025-12-02,CUST-1203,Customer 1203,Furniture,Chairs,Office Chair,West,Ahmedabad,5,39733.75,0.05,12165.71,Net Banking
ORD-12645,2025-12-02,CUST-1010,Customer 1010,Technology,Laptops,Laptop Air,North,Delhi,1,5961.05,0.15,2383.53,Debit Card
ORD-12041,2025-12-02,CUST-1511,Customer 1511,Technology,Phones,Smartphone B,North,Chandigarh,1,17534.7,0.1,5103.7,UPI
ORD-11093,2025-12-02,CUST-1380,Customer 1380,Appliances,Kitchen,Electric Kettle,North,Delhi,4,69573.6,0.1,15785.4,Net Banking
ORD-12493,2025-12-02,CUST-1769,Customer 1769,Appliances,Kitchen,Mixer Grinder,North,Lucknow,3,4685.4,0.05,905.39,Credit Card
ORD-10477,2025-12-02,CUST-1080,Customer 1080,Technology,Laptops,Laptop Pro,South,Chennai,3,40894.35,0.15,10822.21,Debit Card
ORD-13772,2025-12-02,CUST-1237,Customer 1237,Furniture,Tables,Meeting Table,East,Guwahati,4,93160.0,0.0,14925.05,Cash
ORD-11466,2025-12-02,CUST-1793,Customer 1793,Furniture,Storage,Bookshelf,North,Jaipur,1,13736.85,0.15,4232.82,UPI
ORD-14717,2025-12-02,CUST-1057,Customer 1057,Appliances,Small Appliances,Blender,South,Hyderabad,7,62662.95,0.05,26976.27,Credit Card
ORD-10942,2025-12-02,CUST-1698,Customer 1698,Technology,Phones,Smartphone A,East,Patna,1,3245.6,0.2,825.84,Cash
ORD-10228,2025-12-03,CUST-1192,Customer 1192,Furniture,Office Furniture,Reception Desk,North,Lucknow,2,17550.0,0.1,2440.34,UPI
ORD-14686,2025-12-03,CUST-1257,Customer 1257,Office Supplies,Paper,A4 Paper,West,Ahmedabad,2,3323.5,0.15,607.67,Net Banking
ORD-13635,2025-12-03,CUST-1523,Customer 1523,Appliances,Fans,Table Fan,North,Jaipur,1,11994.4,0.2,2677.49,Debit Card
ORD-11217,2025-12-03,CUST-1124,Customer 1124,Furniture,Office Furniture,Workstation,East,Kolkata,6,89490.0,0.0,33398.67,Net Banking
ORD-12315,2025-12-03,CUST-1232,Customer 1232,Office Supplies,Organizers,Desk Organizer,West,Pune,5,58800.0,0.2,8761.22,Net Banking
ORD-14590,2025-12-03,CUST-1756,Customer 1756,Technology,Phones,Smartphone A,West,Ahmedabad,2,22781.0,0.05,8073.4,Debit Card
ORD-14198,2025-12-03,CUST-1544,Customer 1544,Technology,Tablets,Tablet Pro,North,Chandigarh,4,66732.0,0.0,25256.5,Cash
ORD-12959,2025-12-03,CUST-1149,Customer 1149,Office Supplies,Organizers,Document Tray,East,Kolkata,2,27944.0,0.0,11053.84,Net Banking
ORD-14323,2025-12-03,CUST-1552,Customer 1552,Appliances,Small Appliances,Toaster,West,Ahmedabad,6,63132.9,0.15,11085.4,Net Banking
ORD-12654,2025-12-03,CUST-1753,Customer 1753,Technology,Tablets,Tablet Pro,West,Surat,6,56898.0,0.25,15663.28,Debit Card
ORD-11438,2025-12-03,CUST-1339,Customer 1339,Technology,Accessories,Headphones,South,Chennai,1,12500.8,0.2,1538.78,Net Banking
ORD-13136,2025-12-03,CUST-1601,Customer 1601,Office Supplies,Binders,File Binder,North,Lucknow,6,69799.5,0.25,23251.28,Credit Card
ORD-11960,2025-12-03,CUST-1075,Customer 1075,Office Supplies,Paper,Premium Paper,North,Delhi,3,13392.0,0.25,2579.04,Credit Card
ORD-12429,2025-12-03,CUST-1729,Customer 1729,Technology,Phones,Smartphone C,East,Patna,1,19429.2,0.1,8028.33,Debit Card
ORD-13206,2025-12-04,CUST-1276,Customer 1276,Furniture,Office Furniture,Reception Desk,North,Jaipur,1,4596.1,0.05,544.68,UPI
ORD-10333,2025-12-04,CUST-1281,Customer 1281,Appliances,Fans,Table Fan,West,Mumbai,5,74321.25,0.25,16276.02,Cash
ORD-14759,2025-12-04,CUST-1449,Customer 1449,Furniture,Storage,Storage Box,West,Mumbai,5,42531.5,0.05,17843.99,Net Banking
ORD-12727,2025-12-04,CUST-1492,Customer 1492,Appliances,Small Appliances,Toaster,North,Lucknow,2,39940.0,0.0,11366.95,Cash
ORD-11990,2025-12-04,CUST-1602,Customer 1602,Technology,Laptops,Laptop Pro,West,Pune,4,49644.0,0.0,13346.77,Debit Card
ORD-13894,2025-12-04,CUST-1191,Customer 1191,Technology,Tablets,Tablet Pro,North,Delhi,5,34102.0,0.15,12645.98,UPI
ORD-12374,2025-12-04,CUST-1352,Customer 1352,Appliances,Fans,Ceiling Fan,North,Chandigarh,6,73445.4,0.1,21975.83,Cash
ORD-14268,2025-12-04,CUST-1454,Customer 1454,Appliances,Kitchen,Electric Kettle,North,Delhi,5,18865.0,0.0,7071.05,Debit Card
ORD-11748,2025-12-05,CUST-1371,Customer 1371,Technology,Accessories,Keyboard,East,Patna,7,87161.55,0.05,31365.16,UPI
ORD-13656,2025-12-05,CUST-1318,Customer 1318,Furniture,Tables,Office Desk,South,Chennai,1,3912.1,0.05,724.08,Debit Card
ORD-11172,2025-12-05,CUST-1117,Customer 1117,Office Supplies,Paper,A4 Paper,North,Jaipur,3,41045.7,0.05,5132.88,Cash
ORD-13573,2025-12-05,CUST-1075,Customer 1075,Appliances,Kitchen,Mixer Grinder,East,Patna,2,29032.2,0.1,6046.44,Cash
ORD-12452,2025-12-05,CUST-1754,Customer 1754,Appliances,Home Care,Air Purifier,East,Patna,3,51365.55,0.05,12336.54,UPI
ORD-12793,2025-12-05,CUST-1370,Customer 1370,Technology,Accessories,Keyboard,North,Chandigarh,7,17766.0,0.0,5364.78,UPI
ORD-11314,2025-12-05,CUST-1727,Customer 1727,Technology,Laptops,Business Laptop,South,Hyderabad,5,84668.0,0.2,21472.71,Net Banking
ORD-11352,2025-12-05,CUST-1040,Customer 1040,Appliances,Fans,Table Fan,South,Chennai,5,90081.0,0.1,21389.0,Credit Card
ORD-12845,2025-12-05,CUST-1424,Customer 1424,Furniture,Office Furniture,Workstation,West,Pune,2,28874.3,0.05,2979.07,Debit Card
ORD-13718,2025-12-06,CUST-1274,Customer 1274,Furniture,Tables,Office Desk,East,Kolkata,3,21238.95,0.15,4204.49,Net Banking
ORD-12310,2025-12-06,CUST-1072,Customer 1072,Office Supplies,Binders,File Binder,North,Delhi,6,119084.4,0.05,29644.97,Cash
ORD-13315,2025-12-06,CUST-1075,Customer 1075,Office Supplies,Organizers,Document Tray,West,Surat,4,51693.6,0.15,11671.59,Cash
ORD-12713,2025-12-06,CUST-1782,Customer 1782,Furniture,Storage,Storage Box,South,Hyderabad,7,123267.2,0.2,36381.86,UPI
ORD-11643,2025-12-06,CUST-1667,Customer 1667,Technology,Accessories,Keyboard,North,Lucknow,6,5299.2,0.2,1078.76,Cash
ORD-14784,2025-12-06,CUST-1727,Customer 1727,Appliances,Kitchen,Electric Kettle,South,Bengaluru,5,113202.0,0.05,14713.35,Cash
ORD-12137,2025-12-06,CUST-1278,Customer 1278,Furniture,Office Furniture,Reception Desk,South,Kochi,2,16960.9,0.15,5184.25,UPI
ORD-11739,2025-12-06,CUST-1435,Customer 1435,Office Supplies,Binders,File Binder,West,Ahmedabad,6,52478.4,0.2,21062.97,Cash
ORD-14093,2025-12-06,CUST-1582,Customer 1582,Technology,Laptops,Laptop Pro,South,Kochi,1,6431.1,0.15,668.14,Credit Card
ORD-14781,2025-12-06,CUST-1534,Customer 1534,Office Supplies,Paper,Premium Paper,South,Chennai,2,42073.2,0.1,14034.67,Debit Card
ORD-12424,2025-12-06,CUST-1364,Customer 1364,Technology,Accessories,USB Cable,West,Pune,1,5936.0,0.2,1469.62,Net Banking
ORD-10838,2025-12-06,CUST-1172,Customer 1172,Technology,Phones,Smartphone A,North,Jaipur,6,48972.6,0.1,10711.15,Net Banking
ORD-13162,2025-12-06,CUST-1623,Customer 1623,Technology,Phones,Smartphone B,North,Delhi,1,4199.0,0.15,590.78,Credit Card
ORD-12897,2025-12-06,CUST-1636,Customer 1636,Furniture,Tables,Office Desk,East,Guwahati,3,13673.1,0.15,6068.22,Cash
ORD-13493,2025-12-06,CUST-1674,Customer 1674,Furniture,Storage,Bookshelf,East,Patna,4,86845.2,0.05,14440.01,Credit Card
ORD-12834,2025-12-06,CUST-1433,Customer 1433,Technology,Laptops,Laptop Air,South,Hyderabad,7,8946.0,0.0,3147.72,Debit Card
ORD-11194,2025-12-06,CUST-1623,Customer 1623,Appliances,Home Care,Air Purifier,North,Chandigarh,4,48579.2,0.2,7516.74,UPI
ORD-13374,2025-12-06,CUST-1274,Customer 1274,Office Supplies,Paper,Premium Paper,West,Ahmedabad,2,33220.8,0.1,10487.93,Cash
ORD-11095,2025-12-07,CUST-1292,Customer 1292,Furniture,Storage,Storage Box,South,Chennai,2,28810.8,0.1,3120.98,Debit Card
ORD-10567,2025-12-07,CUST-1094,Customer 1094,Furniture,Chairs,Ergonomic Chair,South,Chennai,7,55143.9,0.1,19160.14,Net Banking
ORD-13156,2025-12-07,CUST-1060,Customer 1060,Office Supplies,Organizers,Document Tray,West,Surat,1,11636.55,0.05,3384.5,Credit Card
ORD-11058,2025-12-07,CUST-1786,Customer 1786,Office Supplies,Pens,Gel Pen,East,Guwahati,7,90741.0,0.0,38543.63,UPI
ORD-12504,2025-12-07,CUST-1404,Customer 1404,Furniture,Office Furniture,Workstation,West,Surat,3,44964.15,0.15,11983.51,Cash
ORD-11575,2025-12-07,CUST-1542,Customer 1542,Appliances,Fans,Ceiling Fan,East,Bhubaneswar,7,91791.0,0.0,38918.0,Cash
ORD-13824,2025-12-07,CUST-1079,Customer 1079,Office Supplies,Pens,Ball Pen,North,Delhi,1,11425.5,0.1,3250.34,Debit Card
ORD-10862,2025-12-07,CUST-1074,Customer 1074,Technology,Tablets,Tablet Pro,East,Guwahati,3,12138.0,0.0,5448.3,Net Banking
ORD-13578,2025-12-07,CUST-1041,Customer 1041,Office Supplies,Organizers,Desk Organizer,South,Kochi,5,101074.5,0.1,32001.43,Credit Card
ORD-10771,2025-12-08,CUST-1691,Customer 1691,Technology,Laptops,Laptop Air,West,Mumbai,5,16573.5,0.1,6538.72,Cash
ORD-13239,2025-12-08,CUST-1526,Customer 1526,Furniture,Office Furniture,Reception Desk,South,Kochi,7,84626.85,0.15,37683.41,Net Banking
ORD-14469,2025-12-08,CUST-1285,Customer 1285,Technology,Accessories,Headphones,West,Ahmedabad,1,20280.6,0.05,2930.39,Net Banking
ORD-10029,2025-12-08,CUST-1046,Customer 1046,Appliances,Home Care,Vacuum Cleaner,West,Surat,1,22404.8,0.05,8376.21,Net Banking
ORD-12865,2025-12-08,CUST-1281,Customer 1281,Furniture,Storage,Filing Cabinet,North,Chandigarh,3,43686.0,0.0,15095.17,Cash
ORD-14229,2025-12-08,CUST-1739,Customer 1739,Appliances,Fans,Ceiling Fan,East,Patna,7,153682.2,0.1,41644.65,Debit Card
ORD-10671,2025-12-08,CUST-1036,Customer 1036,Technology,Laptops,Laptop Pro,East,Guwahati,7,104216.0,0.2,31510.45,Net Banking
ORD-12320,2025-12-08,CUST-1225,Customer 1225,Office Supplies,Organizers,Desk Organizer,North,Jaipur,6,57684.0,0.0,20392.05,Net Banking
ORD-11334,2025-12-08,CUST-1159,Customer 1159,Appliances,Fans,Table Fan,North,Delhi,4,69523.2,0.15,29589.31,UPI
ORD-10569,2025-12-08,CUST-1169,Customer 1169,Office Supplies,Pens,Gel Pen,South,Chennai,3,28196.1,0.1,12274.4,Cash
ORD-13041,2025-12-08,CUST-1290,Customer 1290,Office Supplies,Pens,Ball Pen,West,Mumbai,3,43529.4,0.1,18157.36,Net Banking
ORD-10894,2025-12-08,CUST-1701,Customer 1701,Technology,Laptops,Laptop Pro,West,Pune,2,31966.4,0.2,6411.21,UPI
ORD-10366,2025-12-08,CUST-1488,Customer 1488,Office Supplies,Paper,Premium Paper,North,Lucknow,3,46938.0,0.0,7993.52,Credit Card
ORD-10300,2025-12-08,CUST-1381,Customer 1381,Appliances,Fans,Table Fan,North,Jaipur,4,20794.4,0.15,6927.93,Debit Card
ORD-11205,2025-12-08,CUST-1498,Customer 1498,Technology,Laptops,Laptop Air,East,Bhubaneswar,7,132286.35,0.15,14325.35,Credit Card
ORD-14561,2025-12-08,CUST-1619,Customer 1619,Technology,Laptops,Laptop Pro,North,Delhi,3,34006.5,0.25,8320.65,UPI
ORD-12606,2025-12-08,CUST-1491,Customer 1491,Office Supplies,Organizers,Desk Organizer,West,Surat,1,13719.85,0.15,2635.37,Net Banking
ORD-13013,2025-12-09,CUST-1732,Customer 1732,Technology,Tablets,Tablet 10,North,Jaipur,4,60987.6,0.1,25289.28,Credit Card
ORD-11824,2025-12-09,CUST-1105,Customer 1105,Appliances,Small Appliances,Toaster,West,Surat,4,8334.0,0.1,1745.76,Net Banking
ORD-10106,2025-12-09,CUST-1333,Customer 1333,Furniture,Chairs,Ergonomic Chair,North,Lucknow,7,11809.0,0.0,4217.57,Credit Card
ORD-10619,2025-12-09,CUST-1800,Customer 1800,Office Supplies,Organizers,Desk Organizer,West,Surat,6,114075.0,0.1,33225.71,Cash
ORD-12874,2025-12-09,CUST-1097,Customer 1097,Appliances,Kitchen,Mixer Grinder,West,Surat,3,4444.65,0.15,809.55,Debit Card
ORD-10411,2025-12-09,CUST-1661,Customer 1661,Office Supplies,Binders,File Binder,West,Surat,3,57979.35,0.15,17177.52,Net Banking
ORD-13051,2025-12-09,CUST-1220,Customer 1220,Appliances,Fans,Table Fan,East,Patna,3,27322.95,0.05,10229.33,Debit Card
ORD-13222,2025-12-09,CUST-1617,Customer 1617,Appliances,Small Appliances,Toaster,West,Ahmedabad,4,69519.6,0.1,16911.69,Cash
ORD-11310,2025-12-09,CUST-1535,Customer 1535,Appliances,Home Care,Vacuum Cleaner,North,Delhi,2,37639.7,0.15,6177.4,UPI
ORD-10426,2025-12-09,CUST-1139,Customer 1139,Technology,Accessories,Keyboard,North,Lucknow,3,4830.3,0.1,810.33,Debit Card
ORD-14818,2025-12-09,CUST-1466,Customer 1466,Furniture,Chairs,Visitor Chair,West,Ahmedabad,1,20041.2,0.05,2668.91,Cash
ORD-12102,2025-12-09,CUST-1528,Customer 1528,Technology,Phones,Smartphone A,West,Pune,3,42230.7,0.1,7033.47,Net Banking
ORD-14930,2025-12-09,CUST-1257,Customer 1257,Office Supplies,Organizers,Document Tray,West,Mumbai,1,20778.3,0.1,7373.34,Cash
ORD-12655,2025-12-09,CUST-1385,Customer 1385,Office Supplies,Binders,Ring Binder,North,Jaipur,1,1574.1,0.1,375.94,Debit Card
ORD-11758,2025-12-09,CUST-1787,Customer 1787,Technology,Phones,Smartphone C,East,Bhubaneswar,4,56382.2,0.15,13324.34,Cash
ORD-10742,2025-12-10,CUST-1572,Customer 1572,Furniture,Storage,Storage Box,South,Kochi,7,107171.4,0.15,12246.1,Debit Card
ORD-14688,2025-12-10,CUST-1737,Customer 1737,Technology,Tablets,Tablet Pro,South,Chennai,7,142991.1,0.1,15011.47,Cash
ORD-12718,2025-12-10,CUST-1150,Customer 1150,Office Supplies,Binders,Ring Binder,West,Ahmedabad,2,32351.0,0.15,14343.39,UPI
ORD-13425,2025-12-10,CUST-1133,Customer 1133,Office Supplies,Pens,Gel Pen,North,Delhi,5,15545.0,0.0,6763.4,Cash
ORD-12879,2025-12-10,CUST-1047,Customer 1047,Office Supplies,Organizers,Document Tray,West,Mumbai,3,13396.5,0.25,2171.28,UPI
ORD-10663,2025-12-10,CUST-1034,Customer 1034,Technology,Accessories,Keyboard,West,Surat,3,73098.0,0.0,30002.75,Cash
ORD-12684,2025-12-10,CUST-1507,Customer 1507,Technology,Laptops,Laptop Pro,East,Guwahati,5,84753.0,0.1,37921.19,UPI
ORD-14728,2025-12-10,CUST-1794,Customer 1794,Office Supplies,Paper,Premium Paper,East,Guwahati,1,5849.7,0.15,1267.07,Debit Card
ORD-13625,2025-12-10,CUST-1040,Customer 1040,Appliances,Kitchen,Electric Kettle,North,Jaipur,1,20842.85,0.15,3268.12,Credit Card
ORD-10159,2025-12-10,CUST-1540,Customer 1540,Technology,Accessories,Keyboard,South,Bengaluru,2,38296.4,0.05,11871.96,UPI
ORD-14557,2025-12-11,CUST-1515,Customer 1515,Office Supplies,Paper,Premium Paper,North,Chandigarh,7,71426.25,0.25,24202.15,UPI
ORD-11619,2025-12-11,CUST-1242,Customer 1242,Furniture,Storage,Storage Box,North,Chandigarh,3,30475.05,0.15,5461.92,Credit Card
ORD-13947,2025-12-11,CUST-1670,Customer 1670,Technology,Laptops,Laptop Pro,North,Chandigarh,2,6740.8,0.2,1010.5,Credit Card
ORD-12316,2025-12-11,CUST-1043,Customer 1043,Technology,Laptops,Laptop Air,North,Chandigarh,4,18777.6,0.2,8297.27,Net Banking
ORD-10812,2025-12-11,CUST-1551,Customer 1551,Office Supplies,Paper,A4 Paper,South,Hyderabad,2,31611.2,0.2,6813.96,Net Banking
ORD-10060,2025-12-11,CUST-1633,Customer 1633,Technology,Phones,Smartphone A,South,Kochi,6,16074.0,0.05,6136.48,Cash
ORD-12409,2025-12-11,CUST-1417,Customer 1417,Office Supplies,Pens,Marker,East,Patna,2,45647.5,0.05,17133.77,Net Banking
ORD-12667,2025-12-11,CUST-1722,Customer 1722,Appliances,Small Appliances,Blender,South,Kochi,7,104345.15,0.05,14501.36,Net Banking
ORD-11457,2025-12-11,CUST-1258,Customer 1258,Furniture,Office Furniture,Reception Desk,West,Ahmedabad,4,41497.0,0.15,13286.37,Credit Card
ORD-11689,2025-12-11,CUST-1771,Customer 1771,Technology,Phones,Smartphone B,South,Kochi,6,91217.1,0.05,15016.86,Net Banking
ORD-12332,2025-12-12,CUST-1256,Customer 1256,Furniture,Chairs,Ergonomic Chair,South,Bengaluru,7,56995.05,0.15,12211.99,Debit Card
ORD-14817,2025-12-12,CUST-1587,Customer 1587,Appliances,Small Appliances,Toaster,East,Kolkata,5,110137.5,0.1,20830.02,Debit Card
ORD-10005,2025-12-12,CUST-1363,Customer 1363,Office Supplies,Organizers,Document Tray,North,Lucknow,4,13976.0,0.0,4288.4,Debit Card
ORD-12586,2025-12-12,CUST-1499,Customer 1499,Furniture,Tables,Study Table,North,Jaipur,4,15711.4,0.15,2836.92,UPI
ORD-12392,2025-12-12,CUST-1129,Customer 1129,Furniture,Chairs,Office Chair,South,Bengaluru,1,9733.35,0.15,1044.07,Credit Card
ORD-11995,2025-12-12,CUST-1613,Customer 1613,Technology,Laptops,Laptop Air,East,Guwahati,7,74502.4,0.2,23446.67,UPI
ORD-12895,2025-12-12,CUST-1781,Customer 1781,Office Supplies,Organizers,Document Tray,South,Bengaluru,6,66241.8,0.1,24361.89,UPI
ORD-11637,2025-12-12,CUST-1265,Customer 1265,Technology,Tablets,Tablet 10,West,Ahmedabad,5,56601.5,0.15,17857.88,Cash
ORD-10084,2025-12-12,CUST-1087,Customer 1087,Appliances,Kitchen,Mixer Grinder,West,Surat,3,17248.2,0.05,1921.46,Net Banking
ORD-14394,2025-12-12,CUST-1195,Customer 1195,Furniture,Office Furniture,Workstation,North,Chandigarh,4,6028.8,0.2,621.45,Cash
ORD-13141,2025-12-12,CUST-1505,Customer 1505,Furniture,Office Furniture,Reception Desk,West,Surat,2,8109.0,0.25,1935.21,UPI
ORD-13330,2025-12-12,CUST-1103,Customer 1103,Appliances,Kitchen,Electric Kettle,South,Hyderabad,7,81645.9,0.15,10457.92,UPI
ORD-13559,2025-12-12,CUST-1159,Customer 1159,Furniture,Chairs,Office Chair,North,Chandigarh,6,104371.2,0.2,35851.11,Net Banking
ORD-10947,2025-12-12,CUST-1402,Customer 1402,Technology,Tablets,Tablet Pro,West,Surat,2,17763.3,0.15,5609.67,Debit Card
ORD-11601,2025-12-12,CUST-1054,Customer 1054,Appliances,Small Appliances,Blender,North,Lucknow,4,65210.4,0.1,22145.09,UPI
ORD-14498,2025-12-12,CUST-1109,Customer 1109,Appliances,Fans,Ceiling Fan,East,Kolkata,7,161468.65,0.05,29278.78,Cash
ORD-10749,2025-12-12,CUST-1519,Customer 1519,Technology,Tablets,Tablet 10,South,Chennai,6,81837.0,0.1,33565.08,UPI
ORD-10258,2025-12-12,CUST-1135,Customer 1135,Furniture,Chairs,Office Chair,North,Delhi,3,20670.75,0.25,6504.65,UPI
ORD-14194,2025-12-12,CUST-1140,Customer 1140,Technology,Accessories,Wireless Mouse,West,Pune,3,62942.4,0.1,19248.61,Net Banking
ORD-14235,2025-12-12,CUST-1415,Customer 1415,Furniture,Tables,Office Desk,North,Chandigarh,4,27436.0,0.05,11750.84,Credit Card
ORD-11743,2025-12-13,CUST-1490,Customer 1490,Furniture,Office Furniture,Workstation,West,Mumbai,2,3996.0,0.1,683.26,Debit Card
ORD-13933,2025-12-13,CUST-1225,Customer 1225,Technology,Phones,Smartphone A,West,Mumbai,7,13875.4,0.15,5597.33,Net Banking
ORD-12386,2025-12-13,CUST-1258,Customer 1258,Furniture,Chairs,Office Chair,North,Delhi,2,48788.0,0.0,14298.66,UPI
ORD-12248,2025-12-13,CUST-1072,Customer 1072,Office Supplies,Organizers,Desk Organizer,East,Bhubaneswar,2,39115.3,0.15,4498.84,UPI
ORD-12703,2025-12-13,CUST-1734,Customer 1734,Appliances,Small Appliances,Blender,North,Delhi,5,105440.5,0.05,17754.69,Cash
ORD-11976,2025-12-13,CUST-1283,Customer 1283,Technology,Tablets,Tablet 10,South,Hyderabad,7,50713.6,0.2,15434.55,UPI
ORD-14621,2025-12-13,CUST-1018,Customer 1018,Office Supplies,Organizers,Document Tray,North,Chandigarh,7,144400.55,0.15,26463.79,Net Banking
ORD-14346,2025-12-13,CUST-1598,Customer 1598,Furniture,Office Furniture,Workstation,East,Kolkata,5,40468.5,0.15,11110.26,Cash
ORD-11365,2025-12-13,CUST-1752,Customer 1752,Appliances,Fans,Ceiling Fan,South,Chennai,2,36847.8,0.1,5111.31,Debit Card
ORD-10589,2025-12-13,CUST-1395,Customer 1395,Appliances,Kitchen,Mixer Grinder,North,Jaipur,7,31354.75,0.05,4238.35,Credit Card
ORD-10730,2025-12-13,CUST-1667,Customer 1667,Appliances,Fans,Table Fan,West,Pune,5,92815.0,0.0,29331.7,Cash
ORD-12612,2025-12-13,CUST-1633,Customer 1633,Appliances,Home Care,Vacuum Cleaner,South,Hyderabad,3,17484.75,0.25,2246.78,UPI
ORD-11089,2025-12-13,CUST-1697,Customer 1697,Appliances,Kitchen,Mixer Grinder,South,Bengaluru,6,1857.6,0.1,596.03,UPI
ORD-13147,2025-12-13,CUST-1412,Customer 1412,Furniture,Tables,Meeting Table,East,Kolkata,7,129918.6,0.1,46474.19,Cash
ORD-14895,2025-12-14,CUST-1311,Customer 1311,Office Supplies,Binders,Ring Binder,South,Hyderabad,3,60269.25,0.15,11988.77,Debit Card
ORD-13179,2025-12-14,CUST-1726,Customer 1726,Office Supplies,Pens,Gel Pen,East,Kolkata,4,74428.8,0.2,7954.02,Cash
ORD-12866,2025-12-14,CUST-1543,Customer 1543,Office Supplies,Paper,Premium Paper,West,Surat,6,33690.6,0.15,10242.02,Net Banking
ORD-14577,2025-12-14,CUST-1271,Customer 1271,Technology,Accessories,USB Cable,East,Kolkata,1,10280.8,0.2,2279.57,Debit Card
ORD-12000,2025-12-14,CUST-1350,Customer 1350,Technology,Laptops,Laptop Air,South,Kochi,1,9684.0,0.2,3353.68,Cash
ORD-12184,2025-12-14,CUST-1327,Customer 1327,Furniture,Tables,Office Desk,East,Bhubaneswar,4,15676.8,0.2,6581.71,UPI
ORD-12440,2025-12-14,CUST-1639,Customer 1639,Office Supplies,Binders,Ring Binder,North,Lucknow,6,21010.2,0.05,6665.76,UPI
ORD-13278,2025-12-14,CUST-1426,Customer 1426,Appliances,Small Appliances,Toaster,West,Ahmedabad,5,77418.0,0.15,24969.17,Debit Card
ORD-12396,2025-12-14,CUST-1161,Customer 1161,Appliances,Fans,Ceiling Fan,West,Surat,2,29162.0,0.0,7605.17,Debit Card
ORD-10936,2025-12-14,CUST-1713,Customer 1713,Technology,Accessories,Keyboard,West,Mumbai,5,68679.0,0.1,28202.5,Credit Card
ORD-14866,2025-12-14,CUST-1445,Customer 1445,Technology,Accessories,Wireless Mouse,East,Guwahati,2,36307.8,0.1,11971.31,Credit Card
ORD-10368,2025-12-14,CUST-1392,Customer 1392,Furniture,Tables,Study Table,South,Chennai,6,106478.4,0.2,40964.65,Credit Card
ORD-10873,2025-12-14,CUST-1489,Customer 1489,Furniture,Storage,Bookshelf,East,Bhubaneswar,3,33830.85,0.15,7712.11,Net Banking
ORD-13467,2025-12-14,CUST-1107,Customer 1107,Office Supplies,Paper,A4 Paper,South,Kochi,3,7000.8,0.2,1553.93,Cash
ORD-14501,2025-12-14,CUST-1008,Customer 1008,Technology,Accessories,Headphones,North,Jaipur,1,9170.1,0.1,2626.95,Debit Card
ORD-13952,2025-12-14,CUST-1342,Customer 1342,Office Supplies,Pens,Marker,East,Patna,3,46566.0,0.0,8626.42,Debit Card
ORD-14630,2025-12-14,CUST-1186,Customer 1186,Office Supplies,Organizers,Document Tray,West,Ahmedabad,2,39761.3,0.05,15666.8,Cash
ORD-13338,2025-12-15,CUST-1638,Customer 1638,Furniture,Office Furniture,Reception Desk,South,Chennai,1,20084.4,0.1,4125.32,Cash
ORD-14887,2025-12-15,CUST-1394,Customer 1394,Office Supplies,Pens,Gel Pen,West,Ahmedabad,1,19544.4,0.1,7908.95,Credit Card
ORD-12411,2025-12-15,CUST-1194,Customer 1194,Office Supplies,Pens,Marker,North,Lucknow,1,12206.0,0.0,3300.59,Debit Card
ORD-11180,2025-12-15,CUST-1098,Customer 1098,Office Supplies,Paper,A4 Paper,East,Kolkata,4,70300.8,0.1,13702.88,UPI
ORD-12726,2025-12-15,CUST-1265,Customer 1265,Furniture,Storage,Storage Box,East,Kolkata,4,62000.0,0.2,16665.55,Cash
ORD-14844,2025-12-15,CUST-1461,Customer 1461,Furniture,Office Furniture,Reception Desk,North,Chandigarh,6,118449.0,0.1,21531.45,Credit Card
ORD-12387,2025-12-15,CUST-1750,Customer 1750,Furniture,Storage,Storage Box,East,Patna,1,23831.0,0.0,9163.61,UPI
ORD-12307,2025-12-15,CUST-1688,Customer 1688,Furniture,Chairs,Office Chair,East,Patna,2,45980.0,0.05,9363.56,Credit Card
ORD-10977,2025-12-15,CUST-1233,Customer 1233,Appliances,Small Appliances,Blender,West,Pune,1,9704.8,0.2,1358.44,Credit Card
ORD-14504,2025-12-15,CUST-1394,Customer 1394,Technology,Laptops,Laptop Pro,North,Chandigarh,3,20282.7,0.15,2603.67,Debit Card
ORD-10917,2025-12-15,CUST-1667,Customer 1667,Furniture,Chairs,Ergonomic Chair,North,Jaipur,2,12476.0,0.0,5057.83,UPI
ORD-13898,2025-12-15,CUST-1422,Customer 1422,Technology,Tablets,Tablet Pro,West,Surat,3,49304.25,0.25,17473.07,Credit Card
ORD-14280,2025-12-15,CUST-1675,Customer 1675,Technology,Laptops,Laptop Pro,South,Kochi,5,16097.75,0.05,4571.13,Net Banking
ORD-10738,2025-12-15,CUST-1460,Customer 1460,Technology,Accessories,Headphones,East,Guwahati,1,21526.05,0.05,2665.08,Credit Card
ORD-12860,2025-12-15,CUST-1185,Customer 1185,Office Supplies,Pens,Marker,East,Bhubaneswar,7,67479.3,0.1,10576.37,Net Banking
ORD-10441,2025-12-15,CUST-1117,Customer 1117,Technology,Laptops,Business Laptop,North,Jaipur,1,7611.3,0.1,1117.19,Net Banking
ORD-10078,2025-12-15,CUST-1650,Customer 1650,Appliances,Fans,Ceiling Fan,West,Pune,4,13868.0,0.0,5813.63,Debit Card
ORD-10197,2025-12-15,CUST-1085,Customer 1085,Furniture,Tables,Meeting Table,South,Hyderabad,4,22971.0,0.25,9682.18,Credit Card
ORD-12733,2025-12-16,CUST-1551,Customer 1551,Appliances,Kitchen,Mixer Grinder,North,Lucknow,5,85288.5,0.1,18728.9,Net Banking
ORD-14947,2025-12-16,CUST-1563,Customer 1563,Office Supplies,Paper,A4 Paper,West,Mumbai,6,23577.3,0.15,10542.12,Credit Card
ORD-11587,2025-12-16,CUST-1602,Customer 1602,Technology,Accessories,USB Cable,South,Kochi,6,125479.8,0.1,42170.53,UPI
ORD-10763,2025-12-16,CUST-1428,Customer 1428,Technology,Laptops,Laptop Air,East,Kolkata,4,10699.8,0.15,1205.21,Credit Card
ORD-11870,2025-12-16,CUST-1677,Customer 1677,Furniture,Chairs,Ergonomic Chair,South,Chennai,3,19980.0,0.1,5250.03,Credit Card
ORD-14680,2025-12-16,CUST-1685,Customer 1685,Appliances,Kitchen,Mixer Grinder,South,Chennai,3,16005.6,0.1,4931.27,UPI
ORD-14671,2025-12-16,CUST-1555,Customer 1555,Furniture,Tables,Study Table,East,Guwahati,2,28697.4,0.1,4618.45,UPI
ORD-11724,2025-12-16,CUST-1084,Customer 1084,Furniture,Tables,Office Desk,South,Hyderabad,2,38287.8,0.1,12533.77,Cash
ORD-11545,2025-12-16,CUST-1482,Customer 1482,Appliances,Fans,Ceiling Fan,North,Chandigarh,5,29416.5,0.1,6999.56,Cash
ORD-10963,2025-12-16,CUST-1269,Customer 1269,Furniture,Office Furniture,Reception Desk,West,Pune,5,6853.5,0.1,895.3,Cash
ORD-10419,2025-12-16,CUST-1731,Customer 1731,Appliances,Kitchen,Mixer Grinder,West,Surat,2,2971.6,0.05,353.89,Debit Card
ORD-14734,2025-12-16,CUST-1539,Customer 1539,Furniture,Tables,Meeting Table,West,Surat,6,76974.3,0.15,31307.54,Credit Card
ORD-10432,2025-12-16,CUST-1554,Customer 1554,Furniture,Chairs,Visitor Chair,North,Delhi,2,26672.2,0.05,3198.32,Debit Card
ORD-13657,2025-12-16,CUST-1391,Customer 1391,Technology,Accessories,Keyboard,North,Delhi,3,26268.0,0.0,9107.78,Cash
ORD-12941,2025-12-16,CUST-1124,Customer 1124,Technology,Laptops,Business Laptop,East,Patna,3,34120.8,0.2,13178.98,Debit Card
ORD-11723,2025-12-17,CUST-1266,Customer 1266,Office Supplies,Organizers,Document Tray,West,Pune,2,22824.0,0.2,7590.0,Debit Card
ORD-14310,2025-12-17,CUST-1228,Customer 1228,Technology,Laptops,Business Laptop,West,Surat,4,75551.4,0.15,27289.44,Cash
ORD-10926,2025-12-17,CUST-1126,Customer 1126,Office Supplies,Organizers,Desk Organizer,East,Guwahati,5,38730.25,0.15,15703.76,UPI
ORD-13943,2025-12-17,CUST-1280,Customer 1280,Furniture,Chairs,Visitor Chair,West,Ahmedabad,4,4554.0,0.1,1594.44,Credit Card
ORD-12160,2025-12-17,CUST-1648,Customer 1648,Technology,Tablets,Tablet 10,West,Pune,6,58282.2,0.1,21057.37,Cash
ORD-12671,2025-12-17,CUST-1228,Customer 1228,Office Supplies,Paper,Premium Paper,North,Chandigarh,1,13533.0,0.0,2578.01,Credit Card
ORD-12707,2025-12-17,CUST-1790,Customer 1790,Technology,Laptops,Business Laptop,West,Surat,1,11900.7,0.1,5140.81,Credit Card
ORD-10514,2025-12-17,CUST-1010,Customer 1010,Furniture,Chairs,Ergonomic Chair,East,Kolkata,2,4151.5,0.05,1551.68,Net Banking
ORD-14707,2025-12-18,CUST-1751,Customer 1751,Appliances,Home Care,Vacuum Cleaner,South,Chennai,6,73165.5,0.25,23255.41,Debit Card
ORD-10501,2025-12-18,CUST-1216,Customer 1216,Office Supplies,Pens,Ball Pen,East,Patna,4,48754.0,0.05,7198.31,UPI
ORD-14074,2025-12-18,CUST-1154,Customer 1154,Technology,Phones,Smartphone C,East,Patna,2,2730.6,0.1,919.94,UPI
ORD-13787,2025-12-18,CUST-1733,Customer 1733,Office Supplies,Paper,A4 Paper,East,Guwahati,5,2542.5,0.1,407.75,Debit Card
ORD-12519,2025-12-18,CUST-1194,Customer 1194,Furniture,Chairs,Office Chair,South,Kochi,7,35743.75,0.05,15041.02,UPI
ORD-13341,2025-12-18,CUST-1083,Customer 1083,Office Supplies,Pens,Marker,North,Chandigarh,1,18764.1,0.1,3083.16,Cash
ORD-11631,2025-12-18,CUST-1363,Customer 1363,Office Supplies,Binders,Ring Binder,East,Bhubaneswar,4,49026.0,0.25,19894.92,Net Banking
ORD-11664,2025-12-18,CUST-1182,Customer 1182,Office Supplies,Pens,Marker,South,Bengaluru,7,12001.15,0.15,3496.35,Net Banking
ORD-11502,2025-12-18,CUST-1415,Customer 1415,Furniture,Storage,Bookshelf,North,Chandigarh,4,67255.4,0.15,20042.16,Cash
ORD-12637,2025-12-19,CUST-1140,Customer 1140,Office Supplies,Paper,A4 Paper,South,Hyderabad,7,157279.5,0.1,65570.4,Debit Card
ORD-12735,2025-12-19,CUST-1219,Customer 1219,Appliances,Home Care,Air Purifier,North,Chandigarh,7,63341.25,0.05,7518.07,UPI
ORD-10414,2025-12-19,CUST-1149,Customer 1149,Technology,Accessories,USB Cable,South,Hyderabad,7,123510.1,0.15,20750.35,Net Banking
ORD-13912,2025-12-19,CUST-1532,Customer 1532,Furniture,Chairs,Visitor Chair,East,Guwahati,3,32205.0,0.0,7340.33,Debit Card
ORD-10410,2025-12-19,CUST-1400,Customer 1400,Furniture,Storage,Storage Box,North,Delhi,6,23975.1,0.15,9635.75,Debit Card
ORD-11049,2025-12-19,CUST-1005,Customer 1005,Technology,Phones,Smartphone A,South,Chennai,5,80652.0,0.2,20568.12,Net Banking
ORD-13453,2025-12-19,CUST-1495,Customer 1495,Appliances,Fans,Ceiling Fan,East,Bhubaneswar,6,109137.6,0.2,15862.01,Net Banking
ORD-14838,2025-12-19,CUST-1239,Customer 1239,Office Supplies,Paper,A4 Paper,West,Ahmedabad,3,18531.0,0.0,5997.68,Debit Card
ORD-14075,2025-12-19,CUST-1030,Customer 1030,Furniture,Office Furniture,Reception Desk,East,Guwahati,7,4227.3,0.1,1720.82,Credit Card
ORD-10665,2025-12-19,CUST-1597,Customer 1597,Technology,Phones,Smartphone B,North,Delhi,1,18233.1,0.1,7069.8,Credit Card
ORD-13154,2025-12-19,CUST-1652,Customer 1652,Technology,Tablets,Tablet 10,West,Mumbai,3,34295.4,0.1,8762.75,Cash
ORD-11901,2025-12-20,CUST-1551,Customer 1551,Appliances,Small Appliances,Blender,North,Jaipur,5,53993.25,0.05,18380.93,Debit Card
ORD-12484,2025-12-20,CUST-1138,Customer 1138,Appliances,Small Appliances,Toaster,West,Surat,3,30222.0,0.0,4382.96,Credit Card
ORD-14221,2025-12-20,CUST-1257,Customer 1257,Technology,Laptops,Laptop Air,North,Delhi,4,16880.0,0.2,7532.26,Cash
ORD-11700,2025-12-20,CUST-1141,Customer 1141,Appliances,Kitchen,Electric Kettle,East,Bhubaneswar,2,12621.6,0.1,2784.42,UPI
ORD-11636,2025-12-20,CUST-1277,Customer 1277,Office Supplies,Pens,Marker,North,Jaipur,1,17399.5,0.15,4938.64,Net Banking
ORD-11277,2025-12-20,CUST-1745,Customer 1745,Technology,Phones,Smartphone C,West,Mumbai,6,41587.2,0.2,10271.68,Net Banking
ORD-11625,2025-12-20,CUST-1354,Customer 1354,Furniture,Storage,Storage Box,East,Patna,1,21095.1,0.1,7202.31,Debit Card
ORD-13261,2025-12-20,CUST-1327,Customer 1327,Appliances,Small Appliances,Blender,West,Surat,5,31144.0,0.2,12505.48,Debit Card
ORD-13129,2025-12-20,CUST-1171,Customer 1171,Office Supplies,Organizers,Document Tray,South,Kochi,7,56474.25,0.25,17418.47,Net Banking
ORD-13163,2025-12-20,CUST-1486,Customer 1486,Furniture,Office Furniture,Workstation,West,Pune,1,7760.7,0.1,1981.26,UPI
ORD-10022,2025-12-21,CUST-1017,Customer 1017,Technology,Laptops,Laptop Pro,North,Chandigarh,3,32199.0,0.0,10862.08,Net Banking
ORD-13296,2025-12-21,CUST-1478,Customer 1478,Appliances,Small Appliances,Toaster,West,Ahmedabad,1,13000.8,0.2,2158.89,Cash
ORD-11497,2025-12-21,CUST-1201,Customer 1201,Appliances,Home Care,Air Purifier,East,Guwahati,5,31338.0,0.1,6502.87,Credit Card
ORD-10276,2025-12-21,CUST-1329,Customer 1329,Appliances,Small Appliances,Blender,North,Lucknow,6,59718.9,0.05,17888.9,Credit Card
ORD-13229,2025-12-21,CUST-1638,Customer 1638,Office Supplies,Binders,Ring Binder,East,Bhubaneswar,3,52504.8,0.2,8252.54,Net Banking
ORD-10033,2025-12-21,CUST-1285,Customer 1285,Appliances,Fans,Table Fan,North,Lucknow,2,17102.0,0.0,6546.74,Debit Card
ORD-13900,2025-12-21,CUST-1616,Customer 1616,Technology,Tablets,Tablet 10,East,Bhubaneswar,3,39333.75,0.15,16746.31,Debit Card
ORD-12798,2025-12-21,CUST-1420,Customer 1420,Appliances,Fans,Table Fan,West,Pune,1,15408.8,0.15,3894.87,Debit Card
ORD-14632,2025-12-22,CUST-1707,Customer 1707,Office Supplies,Organizers,Desk Organizer,East,Guwahati,2,39659.4,0.1,12054.19,UPI
ORD-10834,2025-12-22,CUST-1178,Customer 1178,Appliances,Kitchen,Mixer Grinder,South,Chennai,2,4838.4,0.1,1578.45,Credit Card
ORD-13535,2025-12-22,CUST-1725,Customer 1725,Appliances,Home Care,Vacuum Cleaner,South,Bengaluru,4,37576.0,0.0,5225.39,Credit Card
ORD-10327,2025-12-22,CUST-1084,Customer 1084,Office Supplies,Paper,Premium Paper,West,Pune,7,80717.7,0.05,28122.87,Debit Card
ORD-14984,2025-12-22,CUST-1030,Customer 1030,Furniture,Storage,Bookshelf,South,Hyderabad,5,60405.0,0.25,24037.75,UPI
ORD-13801,2025-12-22,CUST-1528,Customer 1528,Appliances,Home Care,Air Purifier,South,Bengaluru,5,17471.25,0.25,4436.14,Debit Card
ORD-14527,2025-12-22,CUST-1257,Customer 1257,Technology,Phones,Smartphone B,West,Surat,1,3712.6,0.05,1188.58,Cash
ORD-14518,2025-12-22,CUST-1292,Customer 1292,Furniture,Office Furniture,Reception Desk,South,Bengaluru,6,86430.0,0.0,32063.78,UPI
ORD-14491,2025-12-22,CUST-1276,Customer 1276,Office Supplies,Pens,Ball Pen,West,Pune,6,13182.0,0.0,2942.74,Credit Card
ORD-12782,2025-12-22,CUST-1716,Customer 1716,Furniture,Tables,Office Desk,West,Ahmedabad,5,90756.0,0.1,22917.03,Cash
ORD-12542,2025-12-23,CUST-1035,Customer 1035,Technology,Phones,Smartphone A,East,Guwahati,2,2650.0,0.0,1052.0,UPI
ORD-12543,2025-12-23,CUST-1571,Customer 1571,Technology,Accessories,USB Cable,South,Kochi,3,36498.15,0.15,11511.48,Credit Card
ORD-13647,2025-12-23,CUST-1488,Customer 1488,Furniture,Chairs,Ergonomic Chair,North,Chandigarh,4,70076.8,0.2,22298.71,Credit Card
ORD-12829,2025-12-23,CUST-1594,Customer 1594,Office Supplies,Organizers,Document Tray,East,Kolkata,1,14845.5,0.1,6542.03,Debit Card
ORD-14925,2025-12-23,CUST-1440,Customer 1440,Appliances,Small Appliances,Toaster,West,Mumbai,5,97456.0,0.2,42745.63,Cash
ORD-14073,2025-12-23,CUST-1154,Customer 1154,Technology,Phones,Smartphone B,West,Surat,3,11535.0,0.0,2321.6,UPI
ORD-13744,2025-12-23,CUST-1584,Customer 1584,Office Supplies,Pens,Ball Pen,East,Bhubaneswar,4,38109.6,0.1,14550.69,Cash
ORD-13747,2025-12-23,CUST-1708,Customer 1708,Appliances,Small Appliances,Blender,North,Lucknow,5,25868.5,0.05,10165.21,Debit Card
ORD-14183,2025-12-23,CUST-1762,Customer 1762,Office Supplies,Binders,Ring Binder,North,Delhi,1,5462.95,0.15,2340.13,UPI
ORD-11688,2025-12-23,CUST-1537,Customer 1537,Technology,Tablets,Tablet Pro,South,Chennai,3,26193.6,0.2,4535.74,UPI
ORD-10487,2025-12-24,CUST-1491,Customer 1491,Office Supplies,Binders,Ring Binder,West,Mumbai,6,5215.5,0.05,2027.22,Debit Card
ORD-10957,2025-12-24,CUST-1575,Customer 1575,Appliances,Home Care,Vacuum Cleaner,East,Patna,5,70012.0,0.2,7713.98,UPI
ORD-14203,2025-12-24,CUST-1147,Customer 1147,Appliances,Fans,Table Fan,East,Guwahati,5,18819.0,0.1,4569.7,UPI
ORD-14249,2025-12-24,CUST-1768,Customer 1768,Office Supplies,Pens,Marker,North,Jaipur,3,47050.65,0.05,19625.26,Debit Card
ORD-13283,2025-12-24,CUST-1739,Customer 1739,Technology,Tablets,Tablet Pro,South,Kochi,5,66145.0,0.0,29166.56,Debit Card
ORD-14855,2025-12-24,CUST-1273,Customer 1273,Furniture,Chairs,Visitor Chair,North,Lucknow,1,5703.0,0.0,1290.59,UPI
ORD-13347,2025-12-24,CUST-1633,Customer 1633,Furniture,Chairs,Office Chair,South,Hyderabad,6,79080.6,0.15,9411.16,Credit Card
ORD-12760,2025-12-24,CUST-1243,Customer 1243,Office Supplies,Organizers,Document Tray,East,Guwahati,1,6841.9,0.05,1999.14,UPI
ORD-12719,2025-12-24,CUST-1437,Customer 1437,Office Supplies,Organizers,Document Tray,East,Patna,7,95545.1,0.15,29003.01,UPI
ORD-13584,2025-12-24,CUST-1243,Customer 1243,Appliances,Small Appliances,Toaster,East,Kolkata,1,4120.15,0.05,1099.24,Cash
ORD-11087,2025-12-24,CUST-1235,Customer 1235,Technology,Phones,Smartphone B,South,Chennai,1,10352.15,0.15,3923.97,Cash
ORD-11343,2025-12-24,CUST-1242,Customer 1242,Office Supplies,Paper,Premium Paper,North,Lucknow,1,14590.25,0.15,4404.76,UPI
ORD-11875,2025-12-24,CUST-1251,Customer 1251,Furniture,Storage,Storage Box,West,Surat,3,54729.0,0.1,24624.32,Debit Card
ORD-13758,2025-12-24,CUST-1423,Customer 1423,Furniture,Storage,Storage Box,South,Kochi,7,122516.1,0.1,51711.4,Net Banking
ORD-13686,2025-12-25,CUST-1406,Customer 1406,Furniture,Storage,Bookshelf,West,Pune,7,19384.75,0.05,3866.22,Credit Card
ORD-12801,2025-12-25,CUST-1272,Customer 1272,Appliances,Home Care,Vacuum Cleaner,North,Delhi,3,33890.4,0.1,7402.7,UPI
ORD-10793,2025-12-25,CUST-1185,Customer 1185,Technology,Laptops,Laptop Air,North,Lucknow,1,4673.3,0.15,1222.61,Net Banking
ORD-10631,2025-12-25,CUST-1466,Customer 1466,Technology,Phones,Smartphone C,South,Chennai,7,147011.55,0.05,64426.69,UPI
ORD-13218,2025-12-25,CUST-1695,Customer 1695,Appliances,Kitchen,Electric Kettle,South,Bengaluru,7,49569.45,0.15,22110.05,Debit Card
ORD-12443,2025-12-25,CUST-1147,Customer 1147,Appliances,Fans,Table Fan,East,Kolkata,7,3843.0,0.1,1074.8,Debit Card
ORD-12884,2025-12-25,CUST-1674,Customer 1674,Office Supplies,Binders,Ring Binder,East,Kolkata,3,50481.9,0.1,15831.94,UPI
ORD-14465,2025-12-25,CUST-1637,Customer 1637,Appliances,Home Care,Air Purifier,South,Kochi,4,26428.8,0.2,10423.32,Credit Card
ORD-13416,2025-12-25,CUST-1137,Customer 1137,Office Supplies,Paper,A4 Paper,South,Hyderabad,7,76469.4,0.1,19257.97,UPI
ORD-11859,2025-12-25,CUST-1444,Customer 1444,Office Supplies,Binders,Ring Binder,North,Delhi,7,44189.6,0.2,8031.05,Cash
ORD-14863,2025-12-25,CUST-1014,Customer 1014,Appliances,Home Care,Vacuum Cleaner,North,Jaipur,6,70617.3,0.05,15430.51,UPI
ORD-10284,2025-12-25,CUST-1305,Customer 1305,Office Supplies,Organizers,Document Tray,West,Surat,4,25610.4,0.1,5105.72,Net Banking
ORD-10643,2025-12-25,CUST-1077,Customer 1077,Appliances,Home Care,Air Purifier,South,Hyderabad,3,31642.95,0.15,14125.22,Debit Card
ORD-14712,2025-12-25,CUST-1371,Customer 1371,Technology,Accessories,Keyboard,North,Chandigarh,5,7616.0,0.2,857.23,Cash
ORD-12068,2025-12-26,CUST-1079,Customer 1079,Technology,Accessories,USB Cable,West,Mumbai,7,8460.9,0.1,3047.65,Cash
ORD-12403,2025-12-26,CUST-1340,Customer 1340,Office Supplies,Pens,Ball Pen,South,Bengaluru,5,31383.25,0.05,12940.7,Cash
ORD-10684,2025-12-26,CUST-1672,Customer 1672,Appliances,Home Care,Air Purifier,West,Surat,6,30825.6,0.2,13555.6,Credit Card
ORD-12952,2025-12-26,CUST-1553,Customer 1553,Office Supplies,Pens,Ball Pen,South,Hyderabad,2,1208.7,0.15,343.29,Credit Card
ORD-12990,2025-12-26,CUST-1324,Customer 1324,Appliances,Kitchen,Mixer Grinder,North,Delhi,2,33305.1,0.05,6749.45,Credit Card
ORD-10222,2025-12-26,CUST-1704,Customer 1704,Office Supplies,Organizers,Document Tray,West,Surat,2,6775.2,0.1,2874.17,UPI
ORD-10617,2025-12-26,CUST-1734,Customer 1734,Technology,Tablets,Tablet 10,North,Jaipur,7,67336.15,0.15,9587.6,Debit Card
ORD-14536,2025-12-26,CUST-1615,Customer 1615,Office Supplies,Paper,A4 Paper,West,Pune,3,12854.4,0.2,2589.45,Credit Card
ORD-12725,2025-12-26,CUST-1309,Customer 1309,Technology,Accessories,Wireless Mouse,South,Hyderabad,1,19926.9,0.1,2430.25,Debit Card
ORD-10765,2025-12-26,CUST-1580,Customer 1580,Technology,Tablets,Tablet Pro,East,Patna,3,65148.15,0.05,22386.0,Credit Card
ORD-11336,2025-12-26,CUST-1225,Customer 1225,Furniture,Chairs,Visitor Chair,West,Ahmedabad,7,42430.5,0.1,12560.76,Credit Card
ORD-10220,2025-12-26,CUST-1193,Customer 1193,Office Supplies,Organizers,Desk Organizer,South,Bengaluru,2,34938.0,0.25,14416.89,Debit Card
ORD-11327,2025-12-26,CUST-1622,Customer 1622,Technology,Tablets,Tablet 10,East,Guwahati,2,10193.6,0.2,1305.35,Net Banking
ORD-12120,2025-12-26,CUST-1409,Customer 1409,Appliances,Small Appliances,Blender,South,Kochi,2,9802.2,0.15,4392.6,UPI
ORD-12105,2025-12-26,CUST-1734,Customer 1734,Appliances,Home Care,Vacuum Cleaner,North,Jaipur,5,79871.25,0.05,14136.48,Net Banking
ORD-13731,2025-12-26,CUST-1616,Customer 1616,Furniture,Storage,Storage Box,South,Hyderabad,6,117573.9,0.05,51777.18,UPI
ORD-11606,2025-12-26,CUST-1162,Customer 1162,Office Supplies,Binders,File Binder,East,Kolkata,3,12042.0,0.1,2372.09,Net Banking
ORD-12590,2025-12-27,CUST-1292,Customer 1292,Office Supplies,Pens,Gel Pen,North,Lucknow,3,62793.9,0.1,8167.58,Cash
ORD-11399,2025-12-27,CUST-1538,Customer 1538,Appliances,Kitchen,Mixer Grinder,East,Guwahati,6,19288.8,0.05,5838.44,UPI
ORD-13281,2025-12-27,CUST-1109,Customer 1109,Appliances,Small Appliances,Blender,West,Surat,2,21204.8,0.2,3763.66,Credit Card
ORD-14403,2025-12-27,CUST-1397,Customer 1397,Furniture,Chairs,Visitor Chair,West,Mumbai,4,88665.4,0.05,32837.58,Debit Card
ORD-14039,2025-12-27,CUST-1487,Customer 1487,Appliances,Kitchen,Electric Kettle,East,Guwahati,6,30875.4,0.15,5224.58,UPI
ORD-11747,2025-12-27,CUST-1116,Customer 1116,Appliances,Small Appliances,Blender,East,Guwahati,1,9840.6,0.1,2521.23,Cash
ORD-11528,2025-12-27,CUST-1451,Customer 1451,Technology,Phones,Smartphone B,North,Delhi,7,141425.55,0.15,53682.24,Cash
ORD-12397,2025-12-27,CUST-1176,Customer 1176,Appliances,Small Appliances,Blender,West,Ahmedabad,2,35244.0,0.1,11817.74,Net Banking
ORD-11683,2025-12-27,CUST-1778,Customer 1778,Technology,Accessories,USB Cable,East,Bhubaneswar,4,56260.8,0.1,15619.18,Cash
ORD-14587,2025-12-27,CUST-1020,Customer 1020,Technology,Laptops,Laptop Pro,South,Bengaluru,7,20582.1,0.1,5771.94,Cash
ORD-10360,2025-12-27,CUST-1161,Customer 1161,Office Supplies,Paper,A4 Paper,South,Kochi,2,34061.3,0.05,4018.77,UPI
ORD-13687,2025-12-27,CUST-1469,Customer 1469,Technology,Tablets,Tablet 10,East,Bhubaneswar,7,69514.2,0.1,15570.85,Debit Card
ORD-11975,2025-12-27,CUST-1321,Customer 1321,Furniture,Tables,Study Table,East,Patna,5,78760.0,0.0,11084.58,Net Banking
ORD-12220,2025-12-28,CUST-1428,Customer 1428,Office Supplies,Pens,Marker,West,Pune,5,103997.5,0.15,24581.32,Cash
ORD-10044,2025-12-28,CUST-1783,Customer 1783,Appliances,Fans,Ceiling Fan,East,Kolkata,5,7296.0,0.2,838.58,Credit Card
ORD-10511,2025-12-28,CUST-1009,Customer 1009,Technology,Tablets,Tablet 10,South,Kochi,5,58368.0,0.2,6467.2,UPI
ORD-13740,2025-12-28,CUST-1659,Customer 1659,Appliances,Home Care,Vacuum Cleaner,North,Lucknow,7,60847.5,0.05,21412.1,Cash
ORD-12538,2025-12-28,CUST-1394,Customer 1394,Furniture,Office Furniture,Workstation,North,Delhi,1,20508.3,0.1,8348.17,UPI
ORD-10935,2025-12-28,CUST-1514,Customer 1514,Appliances,Small Appliances,Blender,North,Delhi,1,20660.4,0.1,5997.93,Debit Card
ORD-13265,2025-12-28,CUST-1012,Customer 1012,Appliances,Fans,Ceiling Fan,North,Lucknow,2,24038.0,0.0,5013.75,Credit Card
ORD-11288,2025-12-28,CUST-1729,Customer 1729,Furniture,Storage,Storage Box,South,Kochi,3,54983.1,0.15,15695.37,Debit Card
ORD-11702,2025-12-28,CUST-1523,Customer 1523,Furniture,Tables,Meeting Table,East,Bhubaneswar,7,81804.8,0.2,35352.61,Debit Card
ORD-14285,2025-12-29,CUST-1473,Customer 1473,Office Supplies,Pens,Ball Pen,East,Patna,2,16862.0,0.0,6158.4,Debit Card
ORD-12385,2025-12-29,CUST-1168,Customer 1168,Technology,Accessories,Wireless Mouse,West,Surat,3,34567.2,0.2,11612.98,Net Banking
ORD-10654,2025-12-29,CUST-1525,Customer 1525,Technology,Tablets,Tablet 10,South,Bengaluru,2,19991.8,0.05,8651.63,Debit Card
ORD-10026,2025-12-29,CUST-1769,Customer 1769,Furniture,Chairs,Visitor Chair,North,Jaipur,2,20408.4,0.1,9062.13,UPI
ORD-12352,2025-12-29,CUST-1002,Customer 1002,Technology,Laptops,Laptop Air,East,Guwahati,6,90768.0,0.0,21795.72,Net Banking
ORD-13263,2025-12-29,CUST-1556,Customer 1556,Technology,Laptops,Laptop Air,South,Kochi,6,124092.0,0.0,21945.88,UPI
ORD-13053,2025-12-29,CUST-1757,Customer 1757,Appliances,Home Care,Air Purifier,North,Chandigarh,1,18832.5,0.1,2099.99,Net Banking
ORD-14741,2025-12-29,CUST-1546,Customer 1546,Technology,Phones,Smartphone A,West,Mumbai,7,84987.0,0.0,27477.22,Cash
ORD-13035,2025-12-29,CUST-1763,Customer 1763,Appliances,Fans,Ceiling Fan,North,Chandigarh,4,23058.0,0.1,4465.24,Net Banking
ORD-10158,2025-12-29,CUST-1636,Customer 1636,Furniture,Storage,Storage Box,West,Pune,1,14178.0,0.0,5577.26,Debit Card
ORD-13282,2025-12-29,CUST-1098,Customer 1098,Technology,Phones,Smartphone B,West,Ahmedabad,2,19490.4,0.1,6639.62,UPI
ORD-12037,2025-12-30,CUST-1439,Customer 1439,Furniture,Tables,Office Desk,West,Surat,6,12933.3,0.05,5409.9,Debit Card
ORD-11171,2025-12-30,CUST-1347,Customer 1347,Appliances,Kitchen,Mixer Grinder,South,Bengaluru,7,50408.4,0.15,18016.18,Net Banking
ORD-14423,2025-12-30,CUST-1584,Customer 1584,Technology,Accessories,Keyboard,North,Chandigarh,7,105505.4,0.15,17620.09,Credit Card
ORD-14502,2025-12-30,CUST-1512,Customer 1512,Technology,Accessories,Keyboard,West,Mumbai,1,12507.75,0.15,3137.79,Credit Card
ORD-10770,2025-12-30,CUST-1048,Customer 1048,Technology,Phones,Smartphone B,South,Kochi,4,16317.2,0.05,6196.82,Net Banking
ORD-14311,2025-12-30,CUST-1118,Customer 1118,Technology,Accessories,Headphones,West,Ahmedabad,6,43926.0,0.0,13880.53,Cash
ORD-11770,2025-12-30,CUST-1620,Customer 1620,Technology,Accessories,Headphones,East,Patna,6,83338.2,0.1,11740.79,Cash
ORD-13321,2025-12-30,CUST-1407,Customer 1407,Appliances,Kitchen,Mixer Grinder,South,Bengaluru,5,67375.0,0.0,8863.33,Cash
ORD-13280,2025-12-30,CUST-1044,Customer 1044,Appliances,Kitchen,Electric Kettle,North,Lucknow,7,107885.4,0.15,26139.76,UPI
ORD-12786,2025-12-30,CUST-1424,Customer 1424,Appliances,Kitchen,Electric Kettle,East,Kolkata,3,57670.8,0.15,7023.78,Credit Card
ORD-10052,2025-12-30,CUST-1413,Customer 1413,Furniture,Storage,Bookshelf,South,Kochi,3,3139.2,0.2,879.56,Cash
ORD-13879,2025-12-31,CUST-1240,Customer 1240,Furniture,Chairs,Ergonomic Chair,West,Surat,5,80973.0,0.1,35700.07,Cash
ORD-14708,2025-12-31,CUST-1764,Customer 1764,Office Supplies,Pens,Gel Pen,North,Lucknow,7,115406.2,0.15,30083.2,Net Banking
ORD-11492,2025-12-31,CUST-1283,Customer 1283,Office Supplies,Paper,A4 Paper,East,Bhubaneswar,2,1618.8,0.05,552.16,Credit Card
ORD-11612,2025-12-31,CUST-1554,Customer 1554,Furniture,Tables,Meeting Table,West,Pune,7,96180.0,0.25,33867.53,Credit Card
ORD-14646,2025-12-31,CUST-1646,Customer 1646,Technology,Accessories,Wireless Mouse,South,Hyderabad,4,82641.6,0.1,26117.22,Credit Card
ORD-14018,2025-12-31,CUST-1550,Customer 1550,Technology,Phones,Smartphone C,West,Ahmedabad,2,2929.1,0.15,964.28,Cash
ORD-11935,2025-12-31,CUST-1405,Customer 1405,Office Supplies,Pens,Ball Pen,East,Patna,1,15407.1,0.15,2028.43,UPI
ORD-11072,2025-12-31,CUST-1606,Customer 1606,Furniture,Storage,Bookshelf,North,Chandigarh,2,21270.4,0.2,5755.1,Credit Card
ORD-10421,2025-12-31,CUST-1316,Customer 1316,Furniture,Chairs,Office Chair,West,Mumbai,3,15737.7,0.05,1704.48,UPI
ORD-10202,2025-12-31,CUST-1790,Customer 1790,Appliances,Small Appliances,Blender,South,Bengaluru,1,9326.15,0.05,1451.0,Credit Card
ORD-13223,2025-12-31,CUST-1577,Customer 1577,Furniture,Office Furniture,Reception Desk,West,Surat,6,92777.4,0.1,18088.43,Debit Card
